ano,mes,competencia,ranking,marca,quantidade,participacao,fonte
2021,1,2021-01,1,FIAT,30891,0.19,https://www.fenabrave.org.br/portal/files/2021_01_2.pdf
2021,1,2021-01,2,GM,26614,0.1637,https://www.fenabrave.org.br/portal/files/2021_01_2.pdf
2021,1,2021-01,3,VW,26577,0.1635,https://www.fenabrave.org.br/portal/files/2021_01_2.pdf
2021,1,2021-01,4,HYUNDAI,14788,0.091,https://www.fenabrave.org.br/portal/files/2021_01_2.pdf
2021,1,2021-01,5,JEEP,12126,0.0746,https://www.fenabrave.org.br/portal/files/2021_01_2.pdf
2021,1,2021-01,6,RENAULT,10458,0.0643,https://www.fenabrave.org.br/portal/files/2021_01_2.pdf
2021,1,2021-01,7,TOYOTA,10211,0.06280000000000001,https://www.fenabrave.org.br/portal/files/2021_01_2.pdf
2021,1,2021-01,8,FORD,8129,0.05,https://www.fenabrave.org.br/portal/files/2021_01_2.pdf
2021,1,2021-01,9,HONDA,6386,0.0393,https://www.fenabrave.org.br/portal/files/2021_01_2.pdf
2021,1,2021-01,10,NISSAN,5836,0.0359,https://www.fenabrave.org.br/portal/files/2021_01_2.pdf
2021,1,2021-01,11,CAOA CHERY,2292,0.0141,https://www.fenabrave.org.br/portal/files/2021_01_2.pdf
2021,1,2021-01,12,PEUGEOT,1557,0.0096,https://www.fenabrave.org.br/portal/files/2021_01_2.pdf
2021,1,2021-01,13,MITSUBISHI,1199,0.0074,https://www.fenabrave.org.br/portal/files/2021_01_2.pdf
2021,1,2021-01,14,CITROEN,810,0.005,https://www.fenabrave.org.br/portal/files/2021_01_2.pdf
2021,1,2021-01,15,BMW,796,0.0049,https://www.fenabrave.org.br/portal/files/2021_01_2.pdf
2021,1,2021-01,16,VOLVO,645,0.004,https://www.fenabrave.org.br/portal/files/2021_01_2.pdf
2021,1,2021-01,17,M.BENZ,603,0.0037,https://www.fenabrave.org.br/portal/files/2021_01_2.pdf
2021,1,2021-01,18,AUDI,457,0.0028000000000000004,https://www.fenabrave.org.br/portal/files/2021_01_2.pdf
2021,1,2021-01,19,KIA,393,0.0024,https://www.fenabrave.org.br/portal/files/2021_01_2.pdf
2021,1,2021-01,20,RAM,304,0.0019,https://www.fenabrave.org.br/portal/files/2021_01_2.pdf
2021,1,2021-01,21,VW/MAN,260,0.0016,https://www.fenabrave.org.br/portal/files/2021_01_2.pdf
2021,2,2021-02,1,FIAT,33503,0.21170000000000003,https://www.fenabrave.org.br/portal/files/2021_02_2.pdf
2021,2,2021-02,2,VW,26786,0.1693,https://www.fenabrave.org.br/portal/files/2021_02_2.pdf
2021,2,2021-02,3,GM,24962,0.1578,https://www.fenabrave.org.br/portal/files/2021_02_2.pdf
2021,2,2021-02,4,HYUNDAI,15328,0.0969,https://www.fenabrave.org.br/portal/files/2021_02_2.pdf
2021,2,2021-02,5,RENAULT,10608,0.067,https://www.fenabrave.org.br/portal/files/2021_02_2.pdf
2021,2,2021-02,6,JEEP,10470,0.0662,https://www.fenabrave.org.br/portal/files/2021_02_2.pdf
2021,2,2021-02,7,TOYOTA,10258,0.06480000000000001,https://www.fenabrave.org.br/portal/files/2021_02_2.pdf
2021,2,2021-02,8,HONDA,7314,0.0462,https://www.fenabrave.org.br/portal/files/2021_02_2.pdf
2021,2,2021-02,9,NISSAN,5728,0.0362,https://www.fenabrave.org.br/portal/files/2021_02_2.pdf
2021,2,2021-02,10,FORD,3741,0.0236,https://www.fenabrave.org.br/portal/files/2021_02_2.pdf
2021,2,2021-02,11,CAOA CHERY,1649,0.0104,https://www.fenabrave.org.br/portal/files/2021_02_2.pdf
2021,2,2021-02,12,MITSUBISHI,1274,0.008100000000000001,https://www.fenabrave.org.br/portal/files/2021_02_2.pdf
2021,2,2021-02,13,PEUGEOT,1168,0.0074,https://www.fenabrave.org.br/portal/files/2021_02_2.pdf
2021,2,2021-02,14,BMW,844,0.0053,https://www.fenabrave.org.br/portal/files/2021_02_2.pdf
2021,2,2021-02,15,CITROEN,822,0.0052,https://www.fenabrave.org.br/portal/files/2021_02_2.pdf
2021,2,2021-02,16,AUDI,653,0.0040999999999999995,https://www.fenabrave.org.br/portal/files/2021_02_2.pdf
2021,2,2021-02,17,LAND ROVER,525,0.0033,https://www.fenabrave.org.br/portal/files/2021_02_2.pdf
2021,2,2021-02,18,M.BENZ,515,0.0033,https://www.fenabrave.org.br/portal/files/2021_02_2.pdf
2021,2,2021-02,19,VOLVO,385,0.0024,https://www.fenabrave.org.br/portal/files/2021_02_2.pdf
2021,2,2021-02,20,KIA,330,0.0021,https://www.fenabrave.org.br/portal/files/2021_02_2.pdf
2021,2,2021-02,21,PORSCHE,202,0.0013,https://www.fenabrave.org.br/portal/files/2021_02_2.pdf
2021,3,2021-03,1,FIAT,38043,0.2148,https://www.fenabrave.org.br/portal/files/2021_03_2.pdf
2021,3,2021-03,2,VW,32643,0.1843,https://www.fenabrave.org.br/portal/files/2021_03_2.pdf
2021,3,2021-03,3,GM,23239,0.13119999999999998,https://www.fenabrave.org.br/portal/files/2021_03_2.pdf
2021,3,2021-03,4,HYUNDAI,16981,0.0959,https://www.fenabrave.org.br/portal/files/2021_03_2.pdf
2021,3,2021-03,5,TOYOTA,12681,0.0716,https://www.fenabrave.org.br/portal/files/2021_03_2.pdf
2021,3,2021-03,6,RENAULT,12238,0.0691,https://www.fenabrave.org.br/portal/files/2021_03_2.pdf
2021,3,2021-03,7,JEEP,11401,0.0644,https://www.fenabrave.org.br/portal/files/2021_03_2.pdf
2021,3,2021-03,8,HONDA,7113,0.04019999999999999,https://www.fenabrave.org.br/portal/files/2021_03_2.pdf
2021,3,2021-03,9,NISSAN,5560,0.031400000000000004,https://www.fenabrave.org.br/portal/files/2021_03_2.pdf
2021,3,2021-03,10,FORD,4304,0.024300000000000002,https://www.fenabrave.org.br/portal/files/2021_03_2.pdf
2021,3,2021-03,11,CAOA CHERY,2453,0.0139,https://www.fenabrave.org.br/portal/files/2021_03_2.pdf
2021,3,2021-03,12,PEUGEOT,1912,0.0108,https://www.fenabrave.org.br/portal/files/2021_03_2.pdf
2021,3,2021-03,13,MITSUBISHI,1701,0.0096,https://www.fenabrave.org.br/portal/files/2021_03_2.pdf
2021,3,2021-03,14,CITROEN,1427,0.008100000000000001,https://www.fenabrave.org.br/portal/files/2021_03_2.pdf
2021,3,2021-03,15,BMW,1142,0.0064,https://www.fenabrave.org.br/portal/files/2021_03_2.pdf
2021,3,2021-03,16,VOLVO,727,0.0040999999999999995,https://www.fenabrave.org.br/portal/files/2021_03_2.pdf
2021,3,2021-03,17,M.BENZ,701,0.004,https://www.fenabrave.org.br/portal/files/2021_03_2.pdf
2021,3,2021-03,18,LAND ROVER,582,0.0033,https://www.fenabrave.org.br/portal/files/2021_03_2.pdf
2021,3,2021-03,19,AUDI,420,0.0024,https://www.fenabrave.org.br/portal/files/2021_03_2.pdf
2021,3,2021-03,20,PORSCHE,385,0.0022,https://www.fenabrave.org.br/portal/files/2021_03_2.pdf
2021,3,2021-03,21,IVECO,320,0.0018,https://www.fenabrave.org.br/portal/files/2021_03_2.pdf
2021,4,2021-04,1,FIAT,36405,0.22210000000000002,https://www.fenabrave.org.br/portal/files/2021_04_2.pdf
2021,4,2021-04,2,VW,27647,0.16870000000000002,https://www.fenabrave.org.br/portal/files/2021_04_2.pdf
2021,4,2021-04,3,GM,20890,0.1275,https://www.fenabrave.org.br/portal/files/2021_04_2.pdf
2021,4,2021-04,4,HYUNDAI,14731,0.08990000000000001,https://www.fenabrave.org.br/portal/files/2021_04_2.pdf
2021,4,2021-04,5,TOYOTA,13420,0.0819,https://www.fenabrave.org.br/portal/files/2021_04_2.pdf
2021,4,2021-04,6,JEEP,12147,0.0741,https://www.fenabrave.org.br/portal/files/2021_04_2.pdf
2021,4,2021-04,7,RENAULT,10972,0.0669,https://www.fenabrave.org.br/portal/files/2021_04_2.pdf
2021,4,2021-04,8,HONDA,5828,0.0356,https://www.fenabrave.org.br/portal/files/2021_04_2.pdf
2021,4,2021-04,9,NISSAN,5503,0.0336,https://www.fenabrave.org.br/portal/files/2021_04_2.pdf
2021,4,2021-04,10,FORD,3553,0.0217,https://www.fenabrave.org.br/portal/files/2021_04_2.pdf
2021,4,2021-04,11,CAOA CHERY,2560,0.015600000000000001,https://www.fenabrave.org.br/portal/files/2021_04_2.pdf
2021,4,2021-04,12,PEUGEOT,1752,0.010700000000000001,https://www.fenabrave.org.br/portal/files/2021_04_2.pdf
2021,4,2021-04,13,MITSUBISHI,1710,0.0104,https://www.fenabrave.org.br/portal/files/2021_04_2.pdf
2021,4,2021-04,14,CITROEN,1626,0.009899999999999999,https://www.fenabrave.org.br/portal/files/2021_04_2.pdf
2021,4,2021-04,15,BMW,1111,0.0068000000000000005,https://www.fenabrave.org.br/portal/files/2021_04_2.pdf
2021,4,2021-04,16,VOLVO,657,0.004,https://www.fenabrave.org.br/portal/files/2021_04_2.pdf
2021,4,2021-04,17,M.BENZ,578,0.0034999999999999996,https://www.fenabrave.org.br/portal/files/2021_04_2.pdf
2021,4,2021-04,18,LAND ROVER,555,0.0034000000000000002,https://www.fenabrave.org.br/portal/files/2021_04_2.pdf
2021,4,2021-04,19,AUDI,407,0.0025,https://www.fenabrave.org.br/portal/files/2021_04_2.pdf
2021,4,2021-04,20,PORSCHE,372,0.0023,https://www.fenabrave.org.br/portal/files/2021_04_2.pdf
2021,4,2021-04,21,KIA,326,0.002,https://www.fenabrave.org.br/portal/files/2021_04_2.pdf
2021,5,2021-05,1,FIAT,40489,0.23079999999999998,https://www.fenabrave.org.br/portal/files/2021_05_2.pdf
2021,5,2021-05,2,VW,28960,0.16510000000000002,https://www.fenabrave.org.br/portal/files/2021_05_2.pdf
2021,5,2021-05,3,GM,17291,0.0986,https://www.fenabrave.org.br/portal/files/2021_05_2.pdf
2021,5,2021-05,4,HYUNDAI,16847,0.096,https://www.fenabrave.org.br/portal/files/2021_05_2.pdf
2021,5,2021-05,5,TOYOTA,15531,0.0885,https://www.fenabrave.org.br/portal/files/2021_05_2.pdf
2021,5,2021-05,6,JEEP,13510,0.077,https://www.fenabrave.org.br/portal/files/2021_05_2.pdf
2021,5,2021-05,7,RENAULT,12299,0.0701,https://www.fenabrave.org.br/portal/files/2021_05_2.pdf
2021,5,2021-05,8,HONDA,7060,0.04019999999999999,https://www.fenabrave.org.br/portal/files/2021_05_2.pdf
2021,5,2021-05,9,NISSAN,5108,0.0291,https://www.fenabrave.org.br/portal/files/2021_05_2.pdf
2021,5,2021-05,10,CAOA CHERY,3186,0.0182,https://www.fenabrave.org.br/portal/files/2021_05_2.pdf
2021,5,2021-05,11,FORD,3045,0.0174,https://www.fenabrave.org.br/portal/files/2021_05_2.pdf
2021,5,2021-05,12,PEUGEOT,2528,0.0144,https://www.fenabrave.org.br/portal/files/2021_05_2.pdf
2021,5,2021-05,13,CITROEN,1906,0.0109,https://www.fenabrave.org.br/portal/files/2021_05_2.pdf
2021,5,2021-05,14,MITSUBISHI,1893,0.0108,https://www.fenabrave.org.br/portal/files/2021_05_2.pdf
2021,5,2021-05,15,BMW,1262,0.0072,https://www.fenabrave.org.br/portal/files/2021_05_2.pdf
2021,5,2021-05,16,VOLVO,643,0.0037,https://www.fenabrave.org.br/portal/files/2021_05_2.pdf
2021,5,2021-05,17,M.BENZ,572,0.0033,https://www.fenabrave.org.br/portal/files/2021_05_2.pdf
2021,5,2021-05,18,LAND ROVER,456,0.0026,https://www.fenabrave.org.br/portal/files/2021_05_2.pdf
2021,5,2021-05,19,KIA,419,0.0024,https://www.fenabrave.org.br/portal/files/2021_05_2.pdf
2021,5,2021-05,20,AUDI,415,0.0024,https://www.fenabrave.org.br/portal/files/2021_05_2.pdf
2021,5,2021-05,21,RAM,405,0.0023,https://www.fenabrave.org.br/portal/files/2021_05_2.pdf
2021,6,2021-06,1,FIAT,44447,0.2621,https://www.fenabrave.org.br/portal/files/2021_06_2.pdf
2021,6,2021-06,2,VW,22699,0.1338,https://www.fenabrave.org.br/portal/files/2021_06_2.pdf
2021,6,2021-06,3,HYUNDAI,16738,0.0987,https://www.fenabrave.org.br/portal/files/2021_06_2.pdf
2021,6,2021-06,4,TOYOTA,16459,0.0971,https://www.fenabrave.org.br/portal/files/2021_06_2.pdf
2021,6,2021-06,5,JEEP,13591,0.0801,https://www.fenabrave.org.br/portal/files/2021_06_2.pdf
2021,6,2021-06,6,RENAULT,13096,0.07719999999999999,https://www.fenabrave.org.br/portal/files/2021_06_2.pdf
2021,6,2021-06,7,GM,11635,0.06860000000000001,https://www.fenabrave.org.br/portal/files/2021_06_2.pdf
2021,6,2021-06,8,HONDA,6461,0.0381,https://www.fenabrave.org.br/portal/files/2021_06_2.pdf
2021,6,2021-06,9,NISSAN,5122,0.0302,https://www.fenabrave.org.br/portal/files/2021_06_2.pdf
2021,6,2021-06,10,CAOA CHERY,3186,0.018799999999999997,https://www.fenabrave.org.br/portal/files/2021_06_2.pdf
2021,6,2021-06,11,PEUGEOT,3054,0.018000000000000002,https://www.fenabrave.org.br/portal/files/2021_06_2.pdf
2021,6,2021-06,12,CITROEN,2566,0.0151,https://www.fenabrave.org.br/portal/files/2021_06_2.pdf
2021,6,2021-06,13,FORD,1974,0.0116,https://www.fenabrave.org.br/portal/files/2021_06_2.pdf
2021,6,2021-06,14,MITSUBISHI,1842,0.0109,https://www.fenabrave.org.br/portal/files/2021_06_2.pdf
2021,6,2021-06,15,BMW,1419,0.0084,https://www.fenabrave.org.br/portal/files/2021_06_2.pdf
2021,6,2021-06,16,M.BENZ,885,0.0052,https://www.fenabrave.org.br/portal/files/2021_06_2.pdf
2021,6,2021-06,17,VOLVO,816,0.0048,https://www.fenabrave.org.br/portal/files/2021_06_2.pdf
2021,6,2021-06,18,AUDI,551,0.0032,https://www.fenabrave.org.br/portal/files/2021_06_2.pdf
2021,6,2021-06,19,RAM,446,0.0026,https://www.fenabrave.org.br/portal/files/2021_06_2.pdf
2021,6,2021-06,20,KIA,407,0.0024,https://www.fenabrave.org.br/portal/files/2021_06_2.pdf
2021,6,2021-06,21,VW/MAN,404,0.0024,https://www.fenabrave.org.br/portal/files/2021_06_2.pdf
2021,7,2021-07,1,FIAT,43684,0.26899999999999996,https://www.fenabrave.org.br/portal/files/2021_07_2.pdf
2021,7,2021-07,2,TOYOTA,18598,0.11449999999999999,https://www.fenabrave.org.br/portal/files/2021_07_2.pdf
2021,7,2021-07,3,VW,17684,0.10890000000000001,https://www.fenabrave.org.br/portal/files/2021_07_2.pdf
2021,7,2021-07,4,HYUNDAI,15135,0.0932,https://www.fenabrave.org.br/portal/files/2021_07_2.pdf
2021,7,2021-07,5,JEEP,13547,0.0834,https://www.fenabrave.org.br/portal/files/2021_07_2.pdf
2021,7,2021-07,6,RENAULT,12349,0.076,https://www.fenabrave.org.br/portal/files/2021_07_2.pdf
2021,7,2021-07,7,GM,9391,0.057800000000000004,https://www.fenabrave.org.br/portal/files/2021_07_2.pdf
2021,7,2021-07,8,HONDA,6011,0.037000000000000005,https://www.fenabrave.org.br/portal/files/2021_07_2.pdf
2021,7,2021-07,9,NISSAN,5575,0.034300000000000004,https://www.fenabrave.org.br/portal/files/2021_07_2.pdf
2021,7,2021-07,10,CAOA CHERY,3763,0.0232,https://www.fenabrave.org.br/portal/files/2021_07_2.pdf
2021,7,2021-07,11,PEUGEOT,3075,0.0189,https://www.fenabrave.org.br/portal/files/2021_07_2.pdf
2021,7,2021-07,12,CITROEN,2530,0.015600000000000001,https://www.fenabrave.org.br/portal/files/2021_07_2.pdf
2021,7,2021-07,13,FORD,2462,0.0152,https://www.fenabrave.org.br/portal/files/2021_07_2.pdf
2021,7,2021-07,14,MITSUBISHI,1779,0.011000000000000001,https://www.fenabrave.org.br/portal/files/2021_07_2.pdf
2021,7,2021-07,15,BMW,1438,0.0089,https://www.fenabrave.org.br/portal/files/2021_07_2.pdf
2021,7,2021-07,16,M.BENZ,881,0.0054,https://www.fenabrave.org.br/portal/files/2021_07_2.pdf
2021,7,2021-07,17,AUDI,666,0.0040999999999999995,https://www.fenabrave.org.br/portal/files/2021_07_2.pdf
2021,7,2021-07,18,VOLVO,633,0.0039000000000000003,https://www.fenabrave.org.br/portal/files/2021_07_2.pdf
2021,7,2021-07,19,RAM,628,0.0039000000000000003,https://www.fenabrave.org.br/portal/files/2021_07_2.pdf
2021,7,2021-07,20,KIA,556,0.0034000000000000002,https://www.fenabrave.org.br/portal/files/2021_07_2.pdf
2021,7,2021-07,21,VW/MAN,326,0.002,https://www.fenabrave.org.br/portal/files/2021_07_2.pdf
2021,8,2021-08,1,FIAT,39040,0.2463,https://www.fenabrave.org.br/portal/files/2021_08_2.pdf
2021,8,2021-08,2,VW,23283,0.1469,https://www.fenabrave.org.br/portal/files/2021_08_2.pdf
2021,8,2021-08,3,TOYOTA,17426,0.1099,https://www.fenabrave.org.br/portal/files/2021_08_2.pdf
2021,8,2021-08,4,HYUNDAI,14494,0.09140000000000001,https://www.fenabrave.org.br/portal/files/2021_08_2.pdf
2021,8,2021-08,5,JEEP,13551,0.0855,https://www.fenabrave.org.br/portal/files/2021_08_2.pdf
2021,8,2021-08,6,GM,8953,0.0565,https://www.fenabrave.org.br/portal/files/2021_08_2.pdf
2021,8,2021-08,7,RENAULT,8490,0.0536,https://www.fenabrave.org.br/portal/files/2021_08_2.pdf
2021,8,2021-08,8,HONDA,8074,0.0509,https://www.fenabrave.org.br/portal/files/2021_08_2.pdf
2021,8,2021-08,9,NISSAN,4817,0.0304,https://www.fenabrave.org.br/portal/files/2021_08_2.pdf
2021,8,2021-08,10,CAOA CHERY,4717,0.0298,https://www.fenabrave.org.br/portal/files/2021_08_2.pdf
2021,8,2021-08,11,FORD,2549,0.0161,https://www.fenabrave.org.br/portal/files/2021_08_2.pdf
2021,8,2021-08,12,PEUGEOT,2463,0.0155,https://www.fenabrave.org.br/portal/files/2021_08_2.pdf
2021,8,2021-08,13,CITROEN,2084,0.0131,https://www.fenabrave.org.br/portal/files/2021_08_2.pdf
2021,8,2021-08,14,MITSUBISHI,1718,0.0108,https://www.fenabrave.org.br/portal/files/2021_08_2.pdf
2021,8,2021-08,15,BMW,1517,0.0096,https://www.fenabrave.org.br/portal/files/2021_08_2.pdf
2021,8,2021-08,16,VOLVO,814,0.0051,https://www.fenabrave.org.br/portal/files/2021_08_2.pdf
2021,8,2021-08,17,M.BENZ,656,0.0040999999999999995,https://www.fenabrave.org.br/portal/files/2021_08_2.pdf
2021,8,2021-08,18,AUDI,618,0.0039000000000000003,https://www.fenabrave.org.br/portal/files/2021_08_2.pdf
2021,8,2021-08,19,KIA,515,0.0032,https://www.fenabrave.org.br/portal/files/2021_08_2.pdf
2021,8,2021-08,20,VW/MAN,424,0.0027,https://www.fenabrave.org.br/portal/files/2021_08_2.pdf
2021,8,2021-08,21,RAM,415,0.0026,https://www.fenabrave.org.br/portal/files/2021_08_2.pdf
2021,9,2021-09,1,FIAT,29038,0.204,https://www.fenabrave.org.br/portal/files/2021_09_2.pdf
2021,9,2021-09,2,VW,20683,0.14529999999999998,https://www.fenabrave.org.br/portal/files/2021_09_2.pdf
2021,9,2021-09,3,GM,17983,0.1263,https://www.fenabrave.org.br/portal/files/2021_09_2.pdf
2021,9,2021-09,4,HYUNDAI,14523,0.102,https://www.fenabrave.org.br/portal/files/2021_09_2.pdf
2021,9,2021-09,5,TOYOTA,12562,0.0882,https://www.fenabrave.org.br/portal/files/2021_09_2.pdf
2021,9,2021-09,6,JEEP,11407,0.0801,https://www.fenabrave.org.br/portal/files/2021_09_2.pdf
2021,9,2021-09,7,HONDA,7685,0.054000000000000006,https://www.fenabrave.org.br/portal/files/2021_09_2.pdf
2021,9,2021-09,8,RENAULT,5697,0.04,https://www.fenabrave.org.br/portal/files/2021_09_2.pdf
2021,9,2021-09,9,NISSAN,4844,0.034,https://www.fenabrave.org.br/portal/files/2021_09_2.pdf
2021,9,2021-09,10,CAOA CHERY,4036,0.028399999999999998,https://www.fenabrave.org.br/portal/files/2021_09_2.pdf
2021,9,2021-09,11,PEUGEOT,2475,0.0174,https://www.fenabrave.org.br/portal/files/2021_09_2.pdf
2021,9,2021-09,12,MITSUBISHI,1959,0.0138,https://www.fenabrave.org.br/portal/files/2021_09_2.pdf
2021,9,2021-09,13,CITROEN,1861,0.0131,https://www.fenabrave.org.br/portal/files/2021_09_2.pdf
2021,9,2021-09,14,FORD,1621,0.011399999999999999,https://www.fenabrave.org.br/portal/files/2021_09_2.pdf
2021,9,2021-09,15,BMW,1456,0.0102,https://www.fenabrave.org.br/portal/files/2021_09_2.pdf
2021,9,2021-09,16,VOLVO,728,0.0051,https://www.fenabrave.org.br/portal/files/2021_09_2.pdf
2021,9,2021-09,17,AUDI,625,0.0044,https://www.fenabrave.org.br/portal/files/2021_09_2.pdf
2021,9,2021-09,18,KIA,496,0.0034999999999999996,https://www.fenabrave.org.br/portal/files/2021_09_2.pdf
2021,9,2021-09,19,M.BENZ,405,0.0028000000000000004,https://www.fenabrave.org.br/portal/files/2021_09_2.pdf
2021,9,2021-09,20,LAND ROVER,383,0.0027,https://www.fenabrave.org.br/portal/files/2021_09_2.pdf
2021,9,2021-09,21,VW/MAN,311,0.0022,https://www.fenabrave.org.br/portal/files/2021_09_2.pdf
2021,10,2021-10,1,FIAT,29397,0.1959,https://www.fenabrave.org.br/portal/files/2021_10_2.pdf
2021,10,2021-10,2,VW,25999,0.1732,https://www.fenabrave.org.br/portal/files/2021_10_2.pdf
2021,10,2021-10,3,GM,19091,0.1272,https://www.fenabrave.org.br/portal/files/2021_10_2.pdf
2021,10,2021-10,4,HYUNDAI,13463,0.0897,https://www.fenabrave.org.br/portal/files/2021_10_2.pdf
2021,10,2021-10,5,JEEP,13232,0.0882,https://www.fenabrave.org.br/portal/files/2021_10_2.pdf
2021,10,2021-10,6,TOYOTA,12679,0.08449999999999999,https://www.fenabrave.org.br/portal/files/2021_10_2.pdf
2021,10,2021-10,7,RENAULT,7537,0.050199999999999995,https://www.fenabrave.org.br/portal/files/2021_10_2.pdf
2021,10,2021-10,8,HONDA,6588,0.043899999999999995,https://www.fenabrave.org.br/portal/files/2021_10_2.pdf
2021,10,2021-10,9,NISSAN,4527,0.0302,https://www.fenabrave.org.br/portal/files/2021_10_2.pdf
2021,10,2021-10,10,CAOA CHERY,4526,0.0302,https://www.fenabrave.org.br/portal/files/2021_10_2.pdf
2021,10,2021-10,11,PEUGEOT,3020,0.020099999999999996,https://www.fenabrave.org.br/portal/files/2021_10_2.pdf
2021,10,2021-10,12,CITROEN,1881,0.0125,https://www.fenabrave.org.br/portal/files/2021_10_2.pdf
2021,10,2021-10,13,FORD,1737,0.0116,https://www.fenabrave.org.br/portal/files/2021_10_2.pdf
2021,10,2021-10,14,MITSUBISHI,1530,0.0102,https://www.fenabrave.org.br/portal/files/2021_10_2.pdf
2021,10,2021-10,15,BMW,1181,0.0079,https://www.fenabrave.org.br/portal/files/2021_10_2.pdf
2021,10,2021-10,16,VOLVO,635,0.0042,https://www.fenabrave.org.br/portal/files/2021_10_2.pdf
2021,10,2021-10,17,AUDI,505,0.0034000000000000002,https://www.fenabrave.org.br/portal/files/2021_10_2.pdf
2021,10,2021-10,18,KIA,404,0.0027,https://www.fenabrave.org.br/portal/files/2021_10_2.pdf
2021,10,2021-10,19,LAND ROVER,296,0.002,https://www.fenabrave.org.br/portal/files/2021_10_2.pdf
2021,10,2021-10,20,VW/MAN,296,0.002,https://www.fenabrave.org.br/portal/files/2021_10_2.pdf
2021,10,2021-10,21,M.BENZ,273,0.0018,https://www.fenabrave.org.br/portal/files/2021_10_2.pdf
2021,11,2021-11,1,FIAT,30694,0.1906,https://www.fenabrave.org.br/portal/files/2021_11_2.pdf
2021,11,2021-11,2,GM,28430,0.1766,https://www.fenabrave.org.br/portal/files/2021_11_2.pdf
2021,11,2021-11,3,VW,21689,0.13470000000000001,https://www.fenabrave.org.br/portal/files/2021_11_2.pdf
2021,11,2021-11,4,TOYOTA,14269,0.0886,https://www.fenabrave.org.br/portal/files/2021_11_2.pdf
2021,11,2021-11,5,HYUNDAI,14062,0.0873,https://www.fenabrave.org.br/portal/files/2021_11_2.pdf
2021,11,2021-11,6,JEEP,10643,0.0661,https://www.fenabrave.org.br/portal/files/2021_11_2.pdf
2021,11,2021-11,7,RENAULT,9744,0.0605,https://www.fenabrave.org.br/portal/files/2021_11_2.pdf
2021,11,2021-11,8,NISSAN,6848,0.0425,https://www.fenabrave.org.br/portal/files/2021_11_2.pdf
2021,11,2021-11,9,HONDA,5807,0.0361,https://www.fenabrave.org.br/portal/files/2021_11_2.pdf
2021,11,2021-11,10,CAOA CHERY,3683,0.0229,https://www.fenabrave.org.br/portal/files/2021_11_2.pdf
2021,11,2021-11,11,PEUGEOT,3048,0.0189,https://www.fenabrave.org.br/portal/files/2021_11_2.pdf
2021,11,2021-11,12,CITROEN,2760,0.0171,https://www.fenabrave.org.br/portal/files/2021_11_2.pdf
2021,11,2021-11,13,FORD,2046,0.0127,https://www.fenabrave.org.br/portal/files/2021_11_2.pdf
2021,11,2021-11,14,MITSUBISHI,1988,0.0123,https://www.fenabrave.org.br/portal/files/2021_11_2.pdf
2021,11,2021-11,15,BMW,1222,0.0076,https://www.fenabrave.org.br/portal/files/2021_11_2.pdf
2021,11,2021-11,16,VOLVO,761,0.004699999999999999,https://www.fenabrave.org.br/portal/files/2021_11_2.pdf
2021,11,2021-11,17,LAND ROVER,565,0.0034999999999999996,https://www.fenabrave.org.br/portal/files/2021_11_2.pdf
2021,11,2021-11,18,IVECO,445,0.0028000000000000004,https://www.fenabrave.org.br/portal/files/2021_11_2.pdf
2021,11,2021-11,19,AUDI,432,0.0027,https://www.fenabrave.org.br/portal/files/2021_11_2.pdf
2021,11,2021-11,20,KIA,412,0.0026,https://www.fenabrave.org.br/portal/files/2021_11_2.pdf
2021,11,2021-11,21,M.BENZ,335,0.0021,https://www.fenabrave.org.br/portal/files/2021_11_2.pdf
2021,12,2021-12,1,FIAT,35461,0.1832,https://www.fenabrave.org.br/portal/files/2021_12_2.pdf
2021,12,2021-12,2,GM,33684,0.174,https://www.fenabrave.org.br/portal/files/2021_12_2.pdf
2021,12,2021-12,3,VW,27657,0.1429,https://www.fenabrave.org.br/portal/files/2021_12_2.pdf
2021,12,2021-12,4,TOYOTA,18882,0.09759999999999999,https://www.fenabrave.org.br/portal/files/2021_12_2.pdf
2021,12,2021-12,5,HYUNDAI,17213,0.0889,https://www.fenabrave.org.br/portal/files/2021_12_2.pdf
2021,12,2021-12,6,RENAULT,14123,0.073,https://www.fenabrave.org.br/portal/files/2021_12_2.pdf
2021,12,2021-12,7,JEEP,13168,0.068,https://www.fenabrave.org.br/portal/files/2021_12_2.pdf
2021,12,2021-12,8,HONDA,7127,0.0368,https://www.fenabrave.org.br/portal/files/2021_12_2.pdf
2021,12,2021-12,9,NISSAN,5472,0.028300000000000002,https://www.fenabrave.org.br/portal/files/2021_12_2.pdf
2021,12,2021-12,10,CAOA CHERY,3699,0.0191,https://www.fenabrave.org.br/portal/files/2021_12_2.pdf
2021,12,2021-12,11,PEUGEOT,3506,0.0181,https://www.fenabrave.org.br/portal/files/2021_12_2.pdf
2021,12,2021-12,12,CITROEN,3087,0.0159,https://www.fenabrave.org.br/portal/files/2021_12_2.pdf
2021,12,2021-12,13,FORD,2620,0.013500000000000002,https://www.fenabrave.org.br/portal/files/2021_12_2.pdf
2021,12,2021-12,14,MITSUBISHI,2056,0.0106,https://www.fenabrave.org.br/portal/files/2021_12_2.pdf
2021,12,2021-12,15,BMW,1134,0.0059,https://www.fenabrave.org.br/portal/files/2021_12_2.pdf
2021,12,2021-12,16,VOLVO,833,0.0043,https://www.fenabrave.org.br/portal/files/2021_12_2.pdf
2021,12,2021-12,17,M.BENZ,752,0.0039000000000000003,https://www.fenabrave.org.br/portal/files/2021_12_2.pdf
2021,12,2021-12,18,LAND ROVER,575,0.003,https://www.fenabrave.org.br/portal/files/2021_12_2.pdf
2021,12,2021-12,19,AUDI,513,0.0027,https://www.fenabrave.org.br/portal/files/2021_12_2.pdf
2021,12,2021-12,20,KIA,501,0.0026,https://www.fenabrave.org.br/portal/files/2021_12_2.pdf
2021,12,2021-12,21,IVECO,310,0.0016,https://www.fenabrave.org.br/portal/files/2021_12_2.pdf
2022,1,2022-01,1,FIAT,23299,0.1998,https://www.fenabrave.org.br/portal/files/2022_01_2.pdf
2022,1,2022-01,2,GM,13104,0.1124,https://www.fenabrave.org.br/portal/files/2022_01_2.pdf
2022,1,2022-01,3,VW,13082,0.11220000000000001,https://www.fenabrave.org.br/portal/files/2022_01_2.pdf
2022,1,2022-01,4,HYUNDAI,12581,0.1079,https://www.fenabrave.org.br/portal/files/2022_01_2.pdf
2022,1,2022-01,5,JEEP,11352,0.0974,https://www.fenabrave.org.br/portal/files/2022_01_2.pdf
2022,1,2022-01,6,TOYOTA,9980,0.08560000000000001,https://www.fenabrave.org.br/portal/files/2022_01_2.pdf
2022,1,2022-01,7,RENAULT,8528,0.0731,https://www.fenabrave.org.br/portal/files/2022_01_2.pdf
2022,1,2022-01,8,HONDA,4728,0.0405,https://www.fenabrave.org.br/portal/files/2022_01_2.pdf
2022,1,2022-01,9,PEUGEOT,4083,0.035,https://www.fenabrave.org.br/portal/files/2022_01_2.pdf
2022,1,2022-01,10,NISSAN,3469,0.0298,https://www.fenabrave.org.br/portal/files/2022_01_2.pdf
2022,1,2022-01,11,CAOA CHERY,3131,0.0269,https://www.fenabrave.org.br/portal/files/2022_01_2.pdf
2022,1,2022-01,12,CITROEN,2488,0.0213,https://www.fenabrave.org.br/portal/files/2022_01_2.pdf
2022,1,2022-01,13,FORD,1473,0.0126,https://www.fenabrave.org.br/portal/files/2022_01_2.pdf
2022,1,2022-01,14,MITSUBISHI,1229,0.0105,https://www.fenabrave.org.br/portal/files/2022_01_2.pdf
2022,1,2022-01,15,BMW,656,0.005600000000000001,https://www.fenabrave.org.br/portal/files/2022_01_2.pdf
2022,1,2022-01,16,M.BENZ,521,0.0045000000000000005,https://www.fenabrave.org.br/portal/files/2022_01_2.pdf
2022,1,2022-01,17,AUDI,470,0.004,https://www.fenabrave.org.br/portal/files/2022_01_2.pdf
2022,1,2022-01,18,VOLVO,445,0.0038,https://www.fenabrave.org.br/portal/files/2022_01_2.pdf
2022,1,2022-01,19,LAND ROVER,335,0.0029,https://www.fenabrave.org.br/portal/files/2022_01_2.pdf
2022,1,2022-01,20,KIA,321,0.0028000000000000004,https://www.fenabrave.org.br/portal/files/2022_01_2.pdf
2022,1,2022-01,21,RAM,256,0.0022,https://www.fenabrave.org.br/portal/files/2022_01_2.pdf
2022,2,2022-02,1,FIAT,26414,0.2198,https://www.fenabrave.org.br/portal/files/2022_02_2.pdf
2022,2,2022-02,2,GM,17432,0.145,https://www.fenabrave.org.br/portal/files/2022_02_2.pdf
2022,2,2022-02,3,HYUNDAI,13377,0.11130000000000001,https://www.fenabrave.org.br/portal/files/2022_02_2.pdf
2022,2,2022-02,4,TOYOTA,13290,0.1106,https://www.fenabrave.org.br/portal/files/2022_02_2.pdf
2022,2,2022-02,5,VW,11499,0.09570000000000001,https://www.fenabrave.org.br/portal/files/2022_02_2.pdf
2022,2,2022-02,6,RENAULT,9151,0.0761,https://www.fenabrave.org.br/portal/files/2022_02_2.pdf
2022,2,2022-02,7,JEEP,8355,0.0695,https://www.fenabrave.org.br/portal/files/2022_02_2.pdf
2022,2,2022-02,8,HONDA,4018,0.0334,https://www.fenabrave.org.br/portal/files/2022_02_2.pdf
2022,2,2022-02,9,CAOA CHERY,3241,0.027000000000000003,https://www.fenabrave.org.br/portal/files/2022_02_2.pdf
2022,2,2022-02,10,NISSAN,2784,0.0232,https://www.fenabrave.org.br/portal/files/2022_02_2.pdf
2022,2,2022-02,11,PEUGEOT,2593,0.0216,https://www.fenabrave.org.br/portal/files/2022_02_2.pdf
2022,2,2022-02,12,CITROEN,1776,0.0148,https://www.fenabrave.org.br/portal/files/2022_02_2.pdf
2022,2,2022-02,13,MITSUBISHI,1422,0.0118,https://www.fenabrave.org.br/portal/files/2022_02_2.pdf
2022,2,2022-02,14,FORD,989,0.008199999999999999,https://www.fenabrave.org.br/portal/files/2022_02_2.pdf
2022,2,2022-02,15,BMW,834,0.0069,https://www.fenabrave.org.br/portal/files/2022_02_2.pdf
2022,2,2022-02,16,M.BENZ,402,0.0033,https://www.fenabrave.org.br/portal/files/2022_02_2.pdf
2022,2,2022-02,17,LAND ROVER,357,0.003,https://www.fenabrave.org.br/portal/files/2022_02_2.pdf
2022,2,2022-02,18,VOLVO,351,0.0029,https://www.fenabrave.org.br/portal/files/2022_02_2.pdf
2022,2,2022-02,19,KIA,337,0.0028000000000000004,https://www.fenabrave.org.br/portal/files/2022_02_2.pdf
2022,2,2022-02,20,AUDI,288,0.0024,https://www.fenabrave.org.br/portal/files/2022_02_2.pdf
2022,2,2022-02,21,VW/MAN,268,0.0022,https://www.fenabrave.org.br/portal/files/2022_02_2.pdf
2022,3,2022-03,1,FIAT,28981,0.2148,https://www.fenabrave.org.br/portal/files/2022_03_2.pdf
2022,3,2022-03,2,GM,19208,0.1424,https://www.fenabrave.org.br/portal/files/2022_03_2.pdf
2022,3,2022-03,3,TOYOTA,16995,0.126,https://www.fenabrave.org.br/portal/files/2022_03_2.pdf
2022,3,2022-03,4,HYUNDAI,14226,0.10550000000000001,https://www.fenabrave.org.br/portal/files/2022_03_2.pdf
2022,3,2022-03,5,VW,12758,0.0946,https://www.fenabrave.org.br/portal/files/2022_03_2.pdf
2022,3,2022-03,6,JEEP,10351,0.0767,https://www.fenabrave.org.br/portal/files/2022_03_2.pdf
2022,3,2022-03,7,RENAULT,8381,0.0621,https://www.fenabrave.org.br/portal/files/2022_03_2.pdf
2022,3,2022-03,8,HONDA,4692,0.0348,https://www.fenabrave.org.br/portal/files/2022_03_2.pdf
2022,3,2022-03,9,NISSAN,4036,0.029900000000000003,https://www.fenabrave.org.br/portal/files/2022_03_2.pdf
2022,3,2022-03,10,CAOA CHERY,3171,0.0235,https://www.fenabrave.org.br/portal/files/2022_03_2.pdf
2022,3,2022-03,11,PEUGEOT,3100,0.023,https://www.fenabrave.org.br/portal/files/2022_03_2.pdf
2022,3,2022-03,12,MITSUBISHI,1731,0.0128,https://www.fenabrave.org.br/portal/files/2022_03_2.pdf
2022,3,2022-03,13,FORD,1298,0.0096,https://www.fenabrave.org.br/portal/files/2022_03_2.pdf
2022,3,2022-03,14,BMW,1234,0.0091,https://www.fenabrave.org.br/portal/files/2022_03_2.pdf
2022,3,2022-03,15,CITROEN,1177,0.0087,https://www.fenabrave.org.br/portal/files/2022_03_2.pdf
2022,3,2022-03,16,M.BENZ,577,0.0043,https://www.fenabrave.org.br/portal/files/2022_03_2.pdf
2022,3,2022-03,17,KIA,417,0.0031,https://www.fenabrave.org.br/portal/files/2022_03_2.pdf
2022,3,2022-03,18,PORSCHE,380,0.0028000000000000004,https://www.fenabrave.org.br/portal/files/2022_03_2.pdf
2022,3,2022-03,19,LAND ROVER,337,0.0025,https://www.fenabrave.org.br/portal/files/2022_03_2.pdf
2022,3,2022-03,20,VOLVO,295,0.0022,https://www.fenabrave.org.br/portal/files/2022_03_2.pdf
2022,3,2022-03,21,IVECO,281,0.0021,https://www.fenabrave.org.br/portal/files/2022_03_2.pdf
2022,4,2022-04,1,FIAT,34369,0.2521,https://www.fenabrave.org.br/portal/files/2022_04_2.pdf
2022,4,2022-04,2,GM,21231,0.1557,https://www.fenabrave.org.br/portal/files/2022_04_2.pdf
2022,4,2022-04,3,TOYOTA,16314,0.1197,https://www.fenabrave.org.br/portal/files/2022_04_2.pdf
2022,4,2022-04,4,HYUNDAI,14098,0.10339999999999999,https://www.fenabrave.org.br/portal/files/2022_04_2.pdf
2022,4,2022-04,5,JEEP,10830,0.0794,https://www.fenabrave.org.br/portal/files/2022_04_2.pdf
2022,4,2022-04,6,VW,9501,0.0697,https://www.fenabrave.org.br/portal/files/2022_04_2.pdf
2022,4,2022-04,7,RENAULT,8168,0.0599,https://www.fenabrave.org.br/portal/files/2022_04_2.pdf
2022,4,2022-04,8,HONDA,4176,0.030600000000000002,https://www.fenabrave.org.br/portal/files/2022_04_2.pdf
2022,4,2022-04,9,NISSAN,3404,0.025,https://www.fenabrave.org.br/portal/files/2022_04_2.pdf
2022,4,2022-04,10,CAOA CHERY,3259,0.0239,https://www.fenabrave.org.br/portal/files/2022_04_2.pdf
2022,4,2022-04,11,PEUGEOT,2370,0.0174,https://www.fenabrave.org.br/portal/files/2022_04_2.pdf
2022,4,2022-04,12,MITSUBISHI,1656,0.0121,https://www.fenabrave.org.br/portal/files/2022_04_2.pdf
2022,4,2022-04,13,FORD,1622,0.011899999999999999,https://www.fenabrave.org.br/portal/files/2022_04_2.pdf
2022,4,2022-04,14,BMW,1108,0.008100000000000001,https://www.fenabrave.org.br/portal/files/2022_04_2.pdf
2022,4,2022-04,15,CITROEN,819,0.006,https://www.fenabrave.org.br/portal/files/2022_04_2.pdf
2022,4,2022-04,16,VOLVO,531,0.0039000000000000003,https://www.fenabrave.org.br/portal/files/2022_04_2.pdf
2022,4,2022-04,17,M.BENZ,455,0.0033,https://www.fenabrave.org.br/portal/files/2022_04_2.pdf
2022,4,2022-04,18,KIA,410,0.003,https://www.fenabrave.org.br/portal/files/2022_04_2.pdf
2022,4,2022-04,19,IVECO,358,0.0026,https://www.fenabrave.org.br/portal/files/2022_04_2.pdf
2022,4,2022-04,20,PORSCHE,291,0.0021,https://www.fenabrave.org.br/portal/files/2022_04_2.pdf
2022,4,2022-04,21,LAND ROVER,259,0.0019,https://www.fenabrave.org.br/portal/files/2022_04_2.pdf
2022,5,2022-05,1,FIAT,38943,0.2228,https://www.fenabrave.org.br/portal/files/2022_05_2.pdf
2022,5,2022-05,2,GM,25360,0.1451,https://www.fenabrave.org.br/portal/files/2022_05_2.pdf
2022,5,2022-05,3,VW,24293,0.139,https://www.fenabrave.org.br/portal/files/2022_05_2.pdf
2022,5,2022-05,4,HYUNDAI,19274,0.1103,https://www.fenabrave.org.br/portal/files/2022_05_2.pdf
2022,5,2022-05,5,TOYOTA,17365,0.0993,https://www.fenabrave.org.br/portal/files/2022_05_2.pdf
2022,5,2022-05,6,JEEP,12825,0.07339999999999999,https://www.fenabrave.org.br/portal/files/2022_05_2.pdf
2022,5,2022-05,7,RENAULT,7282,0.0417,https://www.fenabrave.org.br/portal/files/2022_05_2.pdf
2022,5,2022-05,8,NISSAN,6182,0.0354,https://www.fenabrave.org.br/portal/files/2022_05_2.pdf
2022,5,2022-05,9,PEUGEOT,4452,0.0255,https://www.fenabrave.org.br/portal/files/2022_05_2.pdf
2022,5,2022-05,10,HONDA,4244,0.024300000000000002,https://www.fenabrave.org.br/portal/files/2022_05_2.pdf
2022,5,2022-05,11,CAOA CHERY,3046,0.0174,https://www.fenabrave.org.br/portal/files/2022_05_2.pdf
2022,5,2022-05,12,MITSUBISHI,2712,0.0155,https://www.fenabrave.org.br/portal/files/2022_05_2.pdf
2022,5,2022-05,13,CITROEN,1986,0.011399999999999999,https://www.fenabrave.org.br/portal/files/2022_05_2.pdf
2022,5,2022-05,14,FORD,1650,0.009399999999999999,https://www.fenabrave.org.br/portal/files/2022_05_2.pdf
2022,5,2022-05,15,BMW,1293,0.0074,https://www.fenabrave.org.br/portal/files/2022_05_2.pdf
2022,5,2022-05,16,VOLVO,582,0.0033,https://www.fenabrave.org.br/portal/files/2022_05_2.pdf
2022,5,2022-05,17,M.BENZ,518,0.003,https://www.fenabrave.org.br/portal/files/2022_05_2.pdf
2022,5,2022-05,18,KIA,414,0.0024,https://www.fenabrave.org.br/portal/files/2022_05_2.pdf
2022,5,2022-05,19,AUDI,381,0.0022,https://www.fenabrave.org.br/portal/files/2022_05_2.pdf
2022,5,2022-05,20,IVECO,329,0.0019,https://www.fenabrave.org.br/portal/files/2022_05_2.pdf
2022,5,2022-05,21,LAND ROVER,296,0.0017000000000000001,https://www.fenabrave.org.br/portal/files/2022_05_2.pdf
2022,6,2022-06,1,FIAT,34856,0.21059999999999998,https://www.fenabrave.org.br/portal/files/2022_06_2.pdf
2022,6,2022-06,2,VW,24806,0.1499,https://www.fenabrave.org.br/portal/files/2022_06_2.pdf
2022,6,2022-06,3,GM,19113,0.1155,https://www.fenabrave.org.br/portal/files/2022_06_2.pdf
2022,6,2022-06,4,HYUNDAI,16652,0.10060000000000001,https://www.fenabrave.org.br/portal/files/2022_06_2.pdf
2022,6,2022-06,5,TOYOTA,16461,0.09949999999999999,https://www.fenabrave.org.br/portal/files/2022_06_2.pdf
2022,6,2022-06,6,JEEP,11655,0.0704,https://www.fenabrave.org.br/portal/files/2022_06_2.pdf
2022,6,2022-06,7,RENAULT,11164,0.0675,https://www.fenabrave.org.br/portal/files/2022_06_2.pdf
2022,6,2022-06,8,NISSAN,5509,0.0333,https://www.fenabrave.org.br/portal/files/2022_06_2.pdf
2022,6,2022-06,9,PEUGEOT,5016,0.030299999999999997,https://www.fenabrave.org.br/portal/files/2022_06_2.pdf
2022,6,2022-06,10,HONDA,4016,0.024300000000000002,https://www.fenabrave.org.br/portal/files/2022_06_2.pdf
2022,6,2022-06,11,CITROEN,3971,0.024,https://www.fenabrave.org.br/portal/files/2022_06_2.pdf
2022,6,2022-06,12,CAOA CHERY,2914,0.0176,https://www.fenabrave.org.br/portal/files/2022_06_2.pdf
2022,6,2022-06,13,MITSUBISHI,2240,0.013500000000000002,https://www.fenabrave.org.br/portal/files/2022_06_2.pdf
2022,6,2022-06,14,FORD,2048,0.0124,https://www.fenabrave.org.br/portal/files/2022_06_2.pdf
2022,6,2022-06,15,BMW,1568,0.0095,https://www.fenabrave.org.br/portal/files/2022_06_2.pdf
2022,6,2022-06,16,M.BENZ,610,0.0037,https://www.fenabrave.org.br/portal/files/2022_06_2.pdf
2022,6,2022-06,17,KIA,380,0.0023,https://www.fenabrave.org.br/portal/files/2022_06_2.pdf
2022,6,2022-06,18,RAM,353,0.0021,https://www.fenabrave.org.br/portal/files/2022_06_2.pdf
2022,6,2022-06,19,IVECO,314,0.0019,https://www.fenabrave.org.br/portal/files/2022_06_2.pdf
2022,6,2022-06,20,VOLVO,314,0.0019,https://www.fenabrave.org.br/portal/files/2022_06_2.pdf
2022,6,2022-06,21,AUDI,308,0.0019,https://www.fenabrave.org.br/portal/files/2022_06_2.pdf
2022,7,2022-07,1,FIAT,35680,0.21100000000000002,https://www.fenabrave.org.br/portal/files/2022_07_2.pdf
2022,7,2022-07,2,GM,27938,0.16519999999999999,https://www.fenabrave.org.br/portal/files/2022_07_2.pdf
2022,7,2022-07,3,VW,27412,0.16210000000000002,https://www.fenabrave.org.br/portal/files/2022_07_2.pdf
2022,7,2022-07,4,TOYOTA,16745,0.099,https://www.fenabrave.org.br/portal/files/2022_07_2.pdf
2022,7,2022-07,5,HYUNDAI,14309,0.08460000000000001,https://www.fenabrave.org.br/portal/files/2022_07_2.pdf
2022,7,2022-07,6,RENAULT,11259,0.0666,https://www.fenabrave.org.br/portal/files/2022_07_2.pdf
2022,7,2022-07,7,JEEP,10170,0.0601,https://www.fenabrave.org.br/portal/files/2022_07_2.pdf
2022,7,2022-07,8,NISSAN,6312,0.0373,https://www.fenabrave.org.br/portal/files/2022_07_2.pdf
2022,7,2022-07,9,HONDA,3975,0.0235,https://www.fenabrave.org.br/portal/files/2022_07_2.pdf
2022,7,2022-07,10,PEUGEOT,3495,0.0207,https://www.fenabrave.org.br/portal/files/2022_07_2.pdf
2022,7,2022-07,11,MITSUBISHI,2233,0.0132,https://www.fenabrave.org.br/portal/files/2022_07_2.pdf
2022,7,2022-07,12,CAOA CHERY,2115,0.0125,https://www.fenabrave.org.br/portal/files/2022_07_2.pdf
2022,7,2022-07,13,FORD,1277,0.0076,https://www.fenabrave.org.br/portal/files/2022_07_2.pdf
2022,7,2022-07,14,BMW,1267,0.0075,https://www.fenabrave.org.br/portal/files/2022_07_2.pdf
2022,7,2022-07,15,CITROEN,1006,0.0059,https://www.fenabrave.org.br/portal/files/2022_07_2.pdf
2022,7,2022-07,16,RAM,545,0.0032,https://www.fenabrave.org.br/portal/files/2022_07_2.pdf
2022,7,2022-07,17,KIA,533,0.0032,https://www.fenabrave.org.br/portal/files/2022_07_2.pdf
2022,7,2022-07,18,M.BENZ,490,0.0029,https://www.fenabrave.org.br/portal/files/2022_07_2.pdf
2022,7,2022-07,19,AUDI,445,0.0026,https://www.fenabrave.org.br/portal/files/2022_07_2.pdf
2022,7,2022-07,20,PORSCHE,288,0.0017000000000000001,https://www.fenabrave.org.br/portal/files/2022_07_2.pdf
2022,7,2022-07,21,LAND ROVER,261,0.0015,https://www.fenabrave.org.br/portal/files/2022_07_2.pdf
2022,8,2022-08,1,FIAT,44239,0.2279,https://www.fenabrave.org.br/portal/files/2022_08_2.pdf
2022,8,2022-08,2,VW,32626,0.1681,https://www.fenabrave.org.br/portal/files/2022_08_2.pdf
2022,8,2022-08,3,GM,30558,0.1574,https://www.fenabrave.org.br/portal/files/2022_08_2.pdf
2022,8,2022-08,4,HYUNDAI,17791,0.0916,https://www.fenabrave.org.br/portal/files/2022_08_2.pdf
2022,8,2022-08,5,TOYOTA,15403,0.0793,https://www.fenabrave.org.br/portal/files/2022_08_2.pdf
2022,8,2022-08,6,RENAULT,12933,0.0666,https://www.fenabrave.org.br/portal/files/2022_08_2.pdf
2022,8,2022-08,7,JEEP,12347,0.0636,https://www.fenabrave.org.br/portal/files/2022_08_2.pdf
2022,8,2022-08,8,NISSAN,5155,0.026600000000000002,https://www.fenabrave.org.br/portal/files/2022_08_2.pdf
2022,8,2022-08,9,PEUGEOT,4335,0.0223,https://www.fenabrave.org.br/portal/files/2022_08_2.pdf
2022,8,2022-08,10,HONDA,4081,0.021,https://www.fenabrave.org.br/portal/files/2022_08_2.pdf
2022,8,2022-08,11,CAOA CHERY,3147,0.016200000000000003,https://www.fenabrave.org.br/portal/files/2022_08_2.pdf
2022,8,2022-08,12,CITROEN,2392,0.0123,https://www.fenabrave.org.br/portal/files/2022_08_2.pdf
2022,8,2022-08,13,FORD,1982,0.0102,https://www.fenabrave.org.br/portal/files/2022_08_2.pdf
2022,8,2022-08,14,MITSUBISHI,1747,0.009000000000000001,https://www.fenabrave.org.br/portal/files/2022_08_2.pdf
2022,8,2022-08,15,BMW,1380,0.0070999999999999995,https://www.fenabrave.org.br/portal/files/2022_08_2.pdf
2022,8,2022-08,16,AUDI,565,0.0029,https://www.fenabrave.org.br/portal/files/2022_08_2.pdf
2022,8,2022-08,17,KIA,525,0.0027,https://www.fenabrave.org.br/portal/files/2022_08_2.pdf
2022,8,2022-08,18,RAM,506,0.0026,https://www.fenabrave.org.br/portal/files/2022_08_2.pdf
2022,8,2022-08,19,M.BENZ,408,0.0021,https://www.fenabrave.org.br/portal/files/2022_08_2.pdf
2022,8,2022-08,20,PORSCHE,314,0.0016,https://www.fenabrave.org.br/portal/files/2022_08_2.pdf
2022,8,2022-08,21,LAND ROVER,284,0.0015,https://www.fenabrave.org.br/portal/files/2022_08_2.pdf
2022,9,2022-09,1,FIAT,38922,0.2157,https://www.fenabrave.org.br/portal/files/2022_09_2.pdf
2022,9,2022-09,2,GM,29297,0.1624,https://www.fenabrave.org.br/portal/files/2022_09_2.pdf
2022,9,2022-09,3,VW,26154,0.145,https://www.fenabrave.org.br/portal/files/2022_09_2.pdf
2022,9,2022-09,4,HYUNDAI,16336,0.09050000000000001,https://www.fenabrave.org.br/portal/files/2022_09_2.pdf
2022,9,2022-09,5,TOYOTA,14972,0.083,https://www.fenabrave.org.br/portal/files/2022_09_2.pdf
2022,9,2022-09,6,RENAULT,12734,0.0706,https://www.fenabrave.org.br/portal/files/2022_09_2.pdf
2022,9,2022-09,7,JEEP,10907,0.0605,https://www.fenabrave.org.br/portal/files/2022_09_2.pdf
2022,9,2022-09,8,HONDA,6153,0.0341,https://www.fenabrave.org.br/portal/files/2022_09_2.pdf
2022,9,2022-09,9,NISSAN,4432,0.0246,https://www.fenabrave.org.br/portal/files/2022_09_2.pdf
2022,9,2022-09,10,CITROEN,3986,0.022099999999999998,https://www.fenabrave.org.br/portal/files/2022_09_2.pdf
2022,9,2022-09,11,CAOA CHERY,3764,0.0209,https://www.fenabrave.org.br/portal/files/2022_09_2.pdf
2022,9,2022-09,12,PEUGEOT,3072,0.017,https://www.fenabrave.org.br/portal/files/2022_09_2.pdf
2022,9,2022-09,13,FORD,1914,0.0106,https://www.fenabrave.org.br/portal/files/2022_09_2.pdf
2022,9,2022-09,14,MITSUBISHI,1912,0.0106,https://www.fenabrave.org.br/portal/files/2022_09_2.pdf
2022,9,2022-09,15,BMW,1145,0.0063,https://www.fenabrave.org.br/portal/files/2022_09_2.pdf
2022,9,2022-09,16,AUDI,798,0.0044,https://www.fenabrave.org.br/portal/files/2022_09_2.pdf
2022,9,2022-09,17,RAM,678,0.0038,https://www.fenabrave.org.br/portal/files/2022_09_2.pdf
2022,9,2022-09,18,KIA,661,0.0037,https://www.fenabrave.org.br/portal/files/2022_09_2.pdf
2022,9,2022-09,19,VOLVO,499,0.0028000000000000004,https://www.fenabrave.org.br/portal/files/2022_09_2.pdf
2022,9,2022-09,20,M.BENZ,434,0.0024,https://www.fenabrave.org.br/portal/files/2022_09_2.pdf
2022,9,2022-09,21,LAND ROVER,320,0.0018,https://www.fenabrave.org.br/portal/files/2022_09_2.pdf
2022,10,2022-10,1,FIAT,37427,0.22219999999999998,https://www.fenabrave.org.br/portal/files/2022_10_2.pdf
2022,10,2022-10,2,GM,28154,0.1671,https://www.fenabrave.org.br/portal/files/2022_10_2.pdf
2022,10,2022-10,3,VW,23726,0.1408,https://www.fenabrave.org.br/portal/files/2022_10_2.pdf
2022,10,2022-10,4,HYUNDAI,16340,0.09699999999999999,https://www.fenabrave.org.br/portal/files/2022_10_2.pdf
2022,10,2022-10,5,TOYOTA,15346,0.0911,https://www.fenabrave.org.br/portal/files/2022_10_2.pdf
2022,10,2022-10,6,RENAULT,11483,0.0682,https://www.fenabrave.org.br/portal/files/2022_10_2.pdf
2022,10,2022-10,7,JEEP,11407,0.0677,https://www.fenabrave.org.br/portal/files/2022_10_2.pdf
2022,10,2022-10,8,HONDA,5065,0.0301,https://www.fenabrave.org.br/portal/files/2022_10_2.pdf
2022,10,2022-10,9,CITROEN,3923,0.0233,https://www.fenabrave.org.br/portal/files/2022_10_2.pdf
2022,10,2022-10,10,NISSAN,3293,0.0195,https://www.fenabrave.org.br/portal/files/2022_10_2.pdf
2022,10,2022-10,11,PEUGEOT,2042,0.0121,https://www.fenabrave.org.br/portal/files/2022_10_2.pdf
2022,10,2022-10,12,CAOA CHERY,2006,0.011899999999999999,https://www.fenabrave.org.br/portal/files/2022_10_2.pdf
2022,10,2022-10,13,FORD,1902,0.0113,https://www.fenabrave.org.br/portal/files/2022_10_2.pdf
2022,10,2022-10,14,MITSUBISHI,1552,0.0092,https://www.fenabrave.org.br/portal/files/2022_10_2.pdf
2022,10,2022-10,15,BMW,916,0.0054,https://www.fenabrave.org.br/portal/files/2022_10_2.pdf
2022,10,2022-10,16,M.BENZ,594,0.0034999999999999996,https://www.fenabrave.org.br/portal/files/2022_10_2.pdf
2022,10,2022-10,17,RAM,536,0.0032,https://www.fenabrave.org.br/portal/files/2022_10_2.pdf
2022,10,2022-10,18,VOLVO,466,0.0028000000000000004,https://www.fenabrave.org.br/portal/files/2022_10_2.pdf
2022,10,2022-10,19,AUDI,439,0.0026,https://www.fenabrave.org.br/portal/files/2022_10_2.pdf
2022,10,2022-10,20,KIA,394,0.0023,https://www.fenabrave.org.br/portal/files/2022_10_2.pdf
2022,10,2022-10,21,LAND ROVER,365,0.0022,https://www.fenabrave.org.br/portal/files/2022_10_2.pdf
2022,11,2022-11,1,FIAT,44934,0.2341,https://www.fenabrave.org.br/portal/files/2022_11_2.pdf
2022,11,2022-11,2,VW,29757,0.155,https://www.fenabrave.org.br/portal/files/2022_11_2.pdf
2022,11,2022-11,3,GM,27052,0.1409,https://www.fenabrave.org.br/portal/files/2022_11_2.pdf
2022,11,2022-11,4,TOYOTA,17493,0.0911,https://www.fenabrave.org.br/portal/files/2022_11_2.pdf
2022,11,2022-11,5,HYUNDAI,16166,0.0842,https://www.fenabrave.org.br/portal/files/2022_11_2.pdf
2022,11,2022-11,6,JEEP,13317,0.0694,https://www.fenabrave.org.br/portal/files/2022_11_2.pdf
2022,11,2022-11,7,RENAULT,13189,0.0687,https://www.fenabrave.org.br/portal/files/2022_11_2.pdf
2022,11,2022-11,8,HONDA,5435,0.028300000000000002,https://www.fenabrave.org.br/portal/files/2022_11_2.pdf
2022,11,2022-11,9,PEUGEOT,4627,0.0241,https://www.fenabrave.org.br/portal/files/2022_11_2.pdf
2022,11,2022-11,10,CITROEN,4365,0.0227,https://www.fenabrave.org.br/portal/files/2022_11_2.pdf
2022,11,2022-11,11,NISSAN,3909,0.0204,https://www.fenabrave.org.br/portal/files/2022_11_2.pdf
2022,11,2022-11,12,CAOA CHERY,2747,0.0143,https://www.fenabrave.org.br/portal/files/2022_11_2.pdf
2022,11,2022-11,13,MITSUBISHI,1915,0.01,https://www.fenabrave.org.br/portal/files/2022_11_2.pdf
2022,11,2022-11,14,FORD,1856,0.0097,https://www.fenabrave.org.br/portal/files/2022_11_2.pdf
2022,11,2022-11,15,BMW,1072,0.005600000000000001,https://www.fenabrave.org.br/portal/files/2022_11_2.pdf
2022,11,2022-11,16,RAM,720,0.0038,https://www.fenabrave.org.br/portal/files/2022_11_2.pdf
2022,11,2022-11,17,M.BENZ,583,0.003,https://www.fenabrave.org.br/portal/files/2022_11_2.pdf
2022,11,2022-11,18,VOLVO,480,0.0025,https://www.fenabrave.org.br/portal/files/2022_11_2.pdf
2022,11,2022-11,19,KIA,437,0.0023,https://www.fenabrave.org.br/portal/files/2022_11_2.pdf
2022,11,2022-11,20,AUDI,432,0.0023,https://www.fenabrave.org.br/portal/files/2022_11_2.pdf
2022,11,2022-11,21,PORSCHE,253,0.0013,https://www.fenabrave.org.br/portal/files/2022_11_2.pdf
2022,12,2022-12,1,FIAT,41773,0.2066,https://www.fenabrave.org.br/portal/files/2022_12_2.pdf
2022,12,2022-12,2,VW,33236,0.16440000000000002,https://www.fenabrave.org.br/portal/files/2022_12_2.pdf
2022,12,2022-12,3,GM,32549,0.161,https://www.fenabrave.org.br/portal/files/2022_12_2.pdf
2022,12,2022-12,4,TOYOTA,20735,0.1026,https://www.fenabrave.org.br/portal/files/2022_12_2.pdf
2022,12,2022-12,5,HYUNDAI,16499,0.0816,https://www.fenabrave.org.br/portal/files/2022_12_2.pdf
2022,12,2022-12,6,JEEP,13803,0.0683,https://www.fenabrave.org.br/portal/files/2022_12_2.pdf
2022,12,2022-12,7,RENAULT,11794,0.0583,https://www.fenabrave.org.br/portal/files/2022_12_2.pdf
2022,12,2022-12,8,HONDA,6037,0.029900000000000003,https://www.fenabrave.org.br/portal/files/2022_12_2.pdf
2022,12,2022-12,9,NISSAN,5100,0.0252,https://www.fenabrave.org.br/portal/files/2022_12_2.pdf
2022,12,2022-12,10,CITROEN,4184,0.0207,https://www.fenabrave.org.br/portal/files/2022_12_2.pdf
2022,12,2022-12,11,PEUGEOT,2513,0.0124,https://www.fenabrave.org.br/portal/files/2022_12_2.pdf
2022,12,2022-12,12,FORD,2461,0.012199999999999999,https://www.fenabrave.org.br/portal/files/2022_12_2.pdf
2022,12,2022-12,13,CAOA CHERY,2435,0.012,https://www.fenabrave.org.br/portal/files/2022_12_2.pdf
2022,12,2022-12,14,MITSUBISHI,2230,0.011000000000000001,https://www.fenabrave.org.br/portal/files/2022_12_2.pdf
2022,12,2022-12,15,BMW,1282,0.0063,https://www.fenabrave.org.br/portal/files/2022_12_2.pdf
2022,12,2022-12,16,RAM,1006,0.005,https://www.fenabrave.org.br/portal/files/2022_12_2.pdf
2022,12,2022-12,17,AUDI,861,0.0043,https://www.fenabrave.org.br/portal/files/2022_12_2.pdf
2022,12,2022-12,18,VOLVO,784,0.0039000000000000003,https://www.fenabrave.org.br/portal/files/2022_12_2.pdf
2022,12,2022-12,19,M.BENZ,690,0.0034000000000000002,https://www.fenabrave.org.br/portal/files/2022_12_2.pdf
2022,12,2022-12,20,KIA,550,0.0027,https://www.fenabrave.org.br/portal/files/2022_12_2.pdf
2022,12,2022-12,21,LAND ROVER,330,0.0016,https://www.fenabrave.org.br/portal/files/2022_12_2.pdf
2023,1,2023-01,1,FIAT,28588,0.2191,https://www.fenabrave.org.br/portal/files/2023_01_2.pdf
2023,1,2023-01,2,GM,22688,0.1739,https://www.fenabrave.org.br/portal/files/2023_01_2.pdf
2023,1,2023-01,3,VW,20044,0.1536,https://www.fenabrave.org.br/portal/files/2023_01_2.pdf
2023,1,2023-01,4,TOYOTA,12423,0.09519999999999999,https://www.fenabrave.org.br/portal/files/2023_01_2.pdf
2023,1,2023-01,5,HYUNDAI,11521,0.0883,https://www.fenabrave.org.br/portal/files/2023_01_2.pdf
2023,1,2023-01,6,JEEP,8522,0.0653,https://www.fenabrave.org.br/portal/files/2023_01_2.pdf
2023,1,2023-01,7,RENAULT,6987,0.0536,https://www.fenabrave.org.br/portal/files/2023_01_2.pdf
2023,1,2023-01,8,NISSAN,4044,0.031,https://www.fenabrave.org.br/portal/files/2023_01_2.pdf
2023,1,2023-01,9,HONDA,3273,0.025099999999999997,https://www.fenabrave.org.br/portal/files/2023_01_2.pdf
2023,1,2023-01,10,CITROEN,1915,0.0147,https://www.fenabrave.org.br/portal/files/2023_01_2.pdf
2023,1,2023-01,11,PEUGEOT,1671,0.0128,https://www.fenabrave.org.br/portal/files/2023_01_2.pdf
2023,1,2023-01,12,FORD,1457,0.011200000000000002,https://www.fenabrave.org.br/portal/files/2023_01_2.pdf
2023,1,2023-01,13,CAOA CHERY,1327,0.0102,https://www.fenabrave.org.br/portal/files/2023_01_2.pdf
2023,1,2023-01,14,MITSUBISHI,1137,0.0087,https://www.fenabrave.org.br/portal/files/2023_01_2.pdf
2023,1,2023-01,15,VOLVO,821,0.0063,https://www.fenabrave.org.br/portal/files/2023_01_2.pdf
2023,1,2023-01,16,BMW,780,0.006,https://www.fenabrave.org.br/portal/files/2023_01_2.pdf
2023,1,2023-01,17,RAM,593,0.0045000000000000005,https://www.fenabrave.org.br/portal/files/2023_01_2.pdf
2023,1,2023-01,18,M.BENZ,520,0.004,https://www.fenabrave.org.br/portal/files/2023_01_2.pdf
2023,1,2023-01,19,KIA,408,0.0031,https://www.fenabrave.org.br/portal/files/2023_01_2.pdf
2023,1,2023-01,20,AUDI,368,0.0028000000000000004,https://www.fenabrave.org.br/portal/files/2023_01_2.pdf
2023,1,2023-01,21,PORSCHE,296,0.0023,https://www.fenabrave.org.br/portal/files/2023_01_2.pdf
2023,2,2023-02,1,FIAT,26607,0.22219999999999998,https://www.fenabrave.org.br/portal/files/2023_02_2.pdf
2023,2,2023-02,2,GM,18583,0.1552,https://www.fenabrave.org.br/portal/files/2023_02_2.pdf
2023,2,2023-02,3,VW,16279,0.1359,https://www.fenabrave.org.br/portal/files/2023_02_2.pdf
2023,2,2023-02,4,TOYOTA,12351,0.10310000000000001,https://www.fenabrave.org.br/portal/files/2023_02_2.pdf
2023,2,2023-02,5,JEEP,9052,0.0756,https://www.fenabrave.org.br/portal/files/2023_02_2.pdf
2023,2,2023-02,6,HYUNDAI,8722,0.0728,https://www.fenabrave.org.br/portal/files/2023_02_2.pdf
2023,2,2023-02,7,RENAULT,7652,0.0639,https://www.fenabrave.org.br/portal/files/2023_02_2.pdf
2023,2,2023-02,8,NISSAN,4301,0.0359,https://www.fenabrave.org.br/portal/files/2023_02_2.pdf
2023,2,2023-02,9,HONDA,4183,0.0349,https://www.fenabrave.org.br/portal/files/2023_02_2.pdf
2023,2,2023-02,10,CITROEN,1858,0.0155,https://www.fenabrave.org.br/portal/files/2023_02_2.pdf
2023,2,2023-02,11,FORD,1529,0.0128,https://www.fenabrave.org.br/portal/files/2023_02_2.pdf
2023,2,2023-02,12,PEUGEOT,1507,0.0126,https://www.fenabrave.org.br/portal/files/2023_02_2.pdf
2023,2,2023-02,13,CAOA CHERY,1297,0.0108,https://www.fenabrave.org.br/portal/files/2023_02_2.pdf
2023,2,2023-02,14,MITSUBISHI,1146,0.0096,https://www.fenabrave.org.br/portal/files/2023_02_2.pdf
2023,2,2023-02,15,BMW,749,0.0063,https://www.fenabrave.org.br/portal/files/2023_02_2.pdf
2023,2,2023-02,16,RAM,668,0.005600000000000001,https://www.fenabrave.org.br/portal/files/2023_02_2.pdf
2023,2,2023-02,17,VOLVO,523,0.0044,https://www.fenabrave.org.br/portal/files/2023_02_2.pdf
2023,2,2023-02,18,M.BENZ,476,0.004,https://www.fenabrave.org.br/portal/files/2023_02_2.pdf
2023,2,2023-02,19,AUDI,405,0.0034000000000000002,https://www.fenabrave.org.br/portal/files/2023_02_2.pdf
2023,2,2023-02,20,KIA,366,0.0031,https://www.fenabrave.org.br/portal/files/2023_02_2.pdf
2023,2,2023-02,21,PORSCHE,313,0.0026,https://www.fenabrave.org.br/portal/files/2023_02_2.pdf
2023,3,2023-03,1,FIAT,41450,0.22219999999999998,https://www.fenabrave.org.br/portal/files/2023_03_2.pdf
2023,3,2023-03,2,GM,29993,0.1607,https://www.fenabrave.org.br/portal/files/2023_03_2.pdf
2023,3,2023-03,3,VW,23394,0.12539999999999998,https://www.fenabrave.org.br/portal/files/2023_03_2.pdf
2023,3,2023-03,4,TOYOTA,17290,0.09269999999999999,https://www.fenabrave.org.br/portal/files/2023_03_2.pdf
2023,3,2023-03,5,HYUNDAI,16261,0.0872,https://www.fenabrave.org.br/portal/files/2023_03_2.pdf
2023,3,2023-03,6,JEEP,14220,0.0762,https://www.fenabrave.org.br/portal/files/2023_03_2.pdf
2023,3,2023-03,7,RENAULT,11674,0.0626,https://www.fenabrave.org.br/portal/files/2023_03_2.pdf
2023,3,2023-03,8,HONDA,6729,0.0361,https://www.fenabrave.org.br/portal/files/2023_03_2.pdf
2023,3,2023-03,9,NISSAN,6617,0.0355,https://www.fenabrave.org.br/portal/files/2023_03_2.pdf
2023,3,2023-03,10,CITROEN,2835,0.0152,https://www.fenabrave.org.br/portal/files/2023_03_2.pdf
2023,3,2023-03,11,FORD,2624,0.0141,https://www.fenabrave.org.br/portal/files/2023_03_2.pdf
2023,3,2023-03,12,PEUGEOT,2581,0.0138,https://www.fenabrave.org.br/portal/files/2023_03_2.pdf
2023,3,2023-03,13,CAOA CHERY,1679,0.009000000000000001,https://www.fenabrave.org.br/portal/files/2023_03_2.pdf
2023,3,2023-03,14,MITSUBISHI,1369,0.0073,https://www.fenabrave.org.br/portal/files/2023_03_2.pdf
2023,3,2023-03,15,BMW,1354,0.0073,https://www.fenabrave.org.br/portal/files/2023_03_2.pdf
2023,3,2023-03,16,RAM,1171,0.0063,https://www.fenabrave.org.br/portal/files/2023_03_2.pdf
2023,3,2023-03,17,VOLVO,768,0.0040999999999999995,https://www.fenabrave.org.br/portal/files/2023_03_2.pdf
2023,3,2023-03,18,M.BENZ,745,0.004,https://www.fenabrave.org.br/portal/files/2023_03_2.pdf
2023,3,2023-03,19,PORSCHE,613,0.0033,https://www.fenabrave.org.br/portal/files/2023_03_2.pdf
2023,3,2023-03,20,AUDI,590,0.0032,https://www.fenabrave.org.br/portal/files/2023_03_2.pdf
2023,3,2023-03,21,LAND ROVER,525,0.0028000000000000004,https://www.fenabrave.org.br/portal/files/2023_03_2.pdf
2023,4,2023-04,1,FIAT,33413,0.2202,https://www.fenabrave.org.br/portal/files/2023_04_2.pdf
2023,4,2023-04,2,GM,24376,0.1607,https://www.fenabrave.org.br/portal/files/2023_04_2.pdf
2023,4,2023-04,3,VW,21507,0.1418,https://www.fenabrave.org.br/portal/files/2023_04_2.pdf
2023,4,2023-04,4,TOYOTA,14278,0.0941,https://www.fenabrave.org.br/portal/files/2023_04_2.pdf
2023,4,2023-04,5,HYUNDAI,13731,0.09050000000000001,https://www.fenabrave.org.br/portal/files/2023_04_2.pdf
2023,4,2023-04,6,JEEP,9984,0.0658,https://www.fenabrave.org.br/portal/files/2023_04_2.pdf
2023,4,2023-04,7,RENAULT,8166,0.0538,https://www.fenabrave.org.br/portal/files/2023_04_2.pdf
2023,4,2023-04,8,HONDA,6553,0.0432,https://www.fenabrave.org.br/portal/files/2023_04_2.pdf
2023,4,2023-04,9,NISSAN,4594,0.030299999999999997,https://www.fenabrave.org.br/portal/files/2023_04_2.pdf
2023,4,2023-04,10,CITROEN,2484,0.016399999999999998,https://www.fenabrave.org.br/portal/files/2023_04_2.pdf
2023,4,2023-04,11,PEUGEOT,2246,0.0148,https://www.fenabrave.org.br/portal/files/2023_04_2.pdf
2023,4,2023-04,12,FORD,1996,0.0132,https://www.fenabrave.org.br/portal/files/2023_04_2.pdf
2023,4,2023-04,13,CAOA CHERY,1563,0.0103,https://www.fenabrave.org.br/portal/files/2023_04_2.pdf
2023,4,2023-04,14,MITSUBISHI,1125,0.0074,https://www.fenabrave.org.br/portal/files/2023_04_2.pdf
2023,4,2023-04,15,BMW,1058,0.006999999999999999,https://www.fenabrave.org.br/portal/files/2023_04_2.pdf
2023,4,2023-04,16,RAM,842,0.0055000000000000005,https://www.fenabrave.org.br/portal/files/2023_04_2.pdf
2023,4,2023-04,17,M.BENZ,480,0.0032,https://www.fenabrave.org.br/portal/files/2023_04_2.pdf
2023,4,2023-04,18,VOLVO,473,0.0031,https://www.fenabrave.org.br/portal/files/2023_04_2.pdf
2023,4,2023-04,19,PORSCHE,471,0.0031,https://www.fenabrave.org.br/portal/files/2023_04_2.pdf
2023,4,2023-04,20,AUDI,450,0.003,https://www.fenabrave.org.br/portal/files/2023_04_2.pdf
2023,4,2023-04,21,KIA,443,0.0029,https://www.fenabrave.org.br/portal/files/2023_04_2.pdf
2023,5,2023-05,1,FIAT,34438,0.207,https://www.fenabrave.org.br/portal/files/2023_05_2.pdf
2023,5,2023-05,2,VW,27385,0.1646,https://www.fenabrave.org.br/portal/files/2023_05_2.pdf
2023,5,2023-05,3,GM,26220,0.1576,https://www.fenabrave.org.br/portal/files/2023_05_2.pdf
2023,5,2023-05,4,TOYOTA,16443,0.09880000000000001,https://www.fenabrave.org.br/portal/files/2023_05_2.pdf
2023,5,2023-05,5,JEEP,11814,0.071,https://www.fenabrave.org.br/portal/files/2023_05_2.pdf
2023,5,2023-05,6,HYUNDAI,10930,0.06570000000000001,https://www.fenabrave.org.br/portal/files/2023_05_2.pdf
2023,5,2023-05,7,RENAULT,7967,0.0479,https://www.fenabrave.org.br/portal/files/2023_05_2.pdf
2023,5,2023-05,8,HONDA,6709,0.0403,https://www.fenabrave.org.br/portal/files/2023_05_2.pdf
2023,5,2023-05,9,NISSAN,6340,0.0381,https://www.fenabrave.org.br/portal/files/2023_05_2.pdf
2023,5,2023-05,10,PEUGEOT,2934,0.0176,https://www.fenabrave.org.br/portal/files/2023_05_2.pdf
2023,5,2023-05,11,FORD,2454,0.0148,https://www.fenabrave.org.br/portal/files/2023_05_2.pdf
2023,5,2023-05,12,CITROEN,1980,0.011899999999999999,https://www.fenabrave.org.br/portal/files/2023_05_2.pdf
2023,5,2023-05,13,CAOA CHERY,1964,0.0118,https://www.fenabrave.org.br/portal/files/2023_05_2.pdf
2023,5,2023-05,14,BMW,1312,0.0079,https://www.fenabrave.org.br/portal/files/2023_05_2.pdf
2023,5,2023-05,15,MITSUBISHI,1268,0.0076,https://www.fenabrave.org.br/portal/files/2023_05_2.pdf
2023,5,2023-05,16,GWM,960,0.0058,https://www.fenabrave.org.br/portal/files/2023_05_2.pdf
2023,5,2023-05,17,VOLVO,758,0.0046,https://www.fenabrave.org.br/portal/files/2023_05_2.pdf
2023,5,2023-05,18,RAM,738,0.0044,https://www.fenabrave.org.br/portal/files/2023_05_2.pdf
2023,5,2023-05,19,PORSCHE,522,0.0031,https://www.fenabrave.org.br/portal/files/2023_05_2.pdf
2023,5,2023-05,20,M.BENZ,473,0.0028000000000000004,https://www.fenabrave.org.br/portal/files/2023_05_2.pdf
2023,5,2023-05,21,AUDI,459,0.0028000000000000004,https://www.fenabrave.org.br/portal/files/2023_05_2.pdf
2023,6,2023-06,1,FIAT,42399,0.23600000000000002,https://www.fenabrave.org.br/portal/files/2023_06_2.pdf
2023,6,2023-06,2,VW,29772,0.16570000000000001,https://www.fenabrave.org.br/portal/files/2023_06_2.pdf
2023,6,2023-06,3,GM,27133,0.151,https://www.fenabrave.org.br/portal/files/2023_06_2.pdf
2023,6,2023-06,4,TOYOTA,15391,0.0857,https://www.fenabrave.org.br/portal/files/2023_06_2.pdf
2023,6,2023-06,5,HYUNDAI,12464,0.0694,https://www.fenabrave.org.br/portal/files/2023_06_2.pdf
2023,6,2023-06,6,RENAULT,10582,0.058899999999999994,https://www.fenabrave.org.br/portal/files/2023_06_2.pdf
2023,6,2023-06,7,JEEP,9797,0.0545,https://www.fenabrave.org.br/portal/files/2023_06_2.pdf
2023,6,2023-06,8,HONDA,6666,0.0371,https://www.fenabrave.org.br/portal/files/2023_06_2.pdf
2023,6,2023-06,9,NISSAN,5736,0.0319,https://www.fenabrave.org.br/portal/files/2023_06_2.pdf
2023,6,2023-06,10,PEUGEOT,3216,0.0179,https://www.fenabrave.org.br/portal/files/2023_06_2.pdf
2023,6,2023-06,11,CITROEN,3175,0.0177,https://www.fenabrave.org.br/portal/files/2023_06_2.pdf
2023,6,2023-06,12,CAOA CHERY,2779,0.0155,https://www.fenabrave.org.br/portal/files/2023_06_2.pdf
2023,6,2023-06,13,FORD,2135,0.011899999999999999,https://www.fenabrave.org.br/portal/files/2023_06_2.pdf
2023,6,2023-06,14,MITSUBISHI,1473,0.008199999999999999,https://www.fenabrave.org.br/portal/files/2023_06_2.pdf
2023,6,2023-06,15,BMW,1112,0.0062,https://www.fenabrave.org.br/portal/files/2023_06_2.pdf
2023,6,2023-06,16,GWM,969,0.0054,https://www.fenabrave.org.br/portal/files/2023_06_2.pdf
2023,6,2023-06,17,VOLVO,647,0.0036,https://www.fenabrave.org.br/portal/files/2023_06_2.pdf
2023,6,2023-06,18,RAM,621,0.0034999999999999996,https://www.fenabrave.org.br/portal/files/2023_06_2.pdf
2023,6,2023-06,19,AUDI,601,0.0033,https://www.fenabrave.org.br/portal/files/2023_06_2.pdf
2023,6,2023-06,20,LAND ROVER,467,0.0026,https://www.fenabrave.org.br/portal/files/2023_06_2.pdf
2023,6,2023-06,21,PORSCHE,443,0.0025,https://www.fenabrave.org.br/portal/files/2023_06_2.pdf
2023,7,2023-07,1,FIAT,44407,0.2059,https://www.fenabrave.org.br/portal/files/2023_07_2.pdf
2023,7,2023-07,2,VW,41602,0.1929,https://www.fenabrave.org.br/portal/files/2023_07_2.pdf
2023,7,2023-07,3,GM,29736,0.1379,https://www.fenabrave.org.br/portal/files/2023_07_2.pdf
2023,7,2023-07,4,HYUNDAI,22554,0.10460000000000001,https://www.fenabrave.org.br/portal/files/2023_07_2.pdf
2023,7,2023-07,5,TOYOTA,17253,0.08,https://www.fenabrave.org.br/portal/files/2023_07_2.pdf
2023,7,2023-07,6,RENAULT,13971,0.06480000000000001,https://www.fenabrave.org.br/portal/files/2023_07_2.pdf
2023,7,2023-07,7,JEEP,11708,0.054299999999999994,https://www.fenabrave.org.br/portal/files/2023_07_2.pdf
2023,7,2023-07,8,NISSAN,6868,0.0318,https://www.fenabrave.org.br/portal/files/2023_07_2.pdf
2023,7,2023-07,9,HONDA,6733,0.031200000000000002,https://www.fenabrave.org.br/portal/files/2023_07_2.pdf
2023,7,2023-07,10,PEUGEOT,3841,0.0178,https://www.fenabrave.org.br/portal/files/2023_07_2.pdf
2023,7,2023-07,11,CITROEN,3331,0.0154,https://www.fenabrave.org.br/portal/files/2023_07_2.pdf
2023,7,2023-07,12,CAOA CHERY,2744,0.0127,https://www.fenabrave.org.br/portal/files/2023_07_2.pdf
2023,7,2023-07,13,FORD,1948,0.009000000000000001,https://www.fenabrave.org.br/portal/files/2023_07_2.pdf
2023,7,2023-07,14,MITSUBISHI,1456,0.0067,https://www.fenabrave.org.br/portal/files/2023_07_2.pdf
2023,7,2023-07,15,BMW,1199,0.005600000000000001,https://www.fenabrave.org.br/portal/files/2023_07_2.pdf
2023,7,2023-07,16,GWM,953,0.0044,https://www.fenabrave.org.br/portal/files/2023_07_2.pdf
2023,7,2023-07,17,BYD,798,0.0037,https://www.fenabrave.org.br/portal/files/2023_07_2.pdf
2023,7,2023-07,18,RAM,736,0.0034000000000000002,https://www.fenabrave.org.br/portal/files/2023_07_2.pdf
2023,7,2023-07,19,VOLVO,610,0.0028000000000000004,https://www.fenabrave.org.br/portal/files/2023_07_2.pdf
2023,7,2023-07,20,AUDI,488,0.0023,https://www.fenabrave.org.br/portal/files/2023_07_2.pdf
2023,7,2023-07,21,LAND ROVER,461,0.0021,https://www.fenabrave.org.br/portal/files/2023_07_2.pdf
2023,8,2023-08,1,FIAT,45479,0.231,https://www.fenabrave.org.br/portal/files/2023_08_2.pdf
2023,8,2023-08,2,GM,29639,0.1505,https://www.fenabrave.org.br/portal/files/2023_08_2.pdf
2023,8,2023-08,3,VW,28806,0.1463,https://www.fenabrave.org.br/portal/files/2023_08_2.pdf
2023,8,2023-08,4,TOYOTA,18063,0.0917,https://www.fenabrave.org.br/portal/files/2023_08_2.pdf
2023,8,2023-08,5,HYUNDAI,15712,0.07980000000000001,https://www.fenabrave.org.br/portal/files/2023_08_2.pdf
2023,8,2023-08,6,JEEP,12333,0.0626,https://www.fenabrave.org.br/portal/files/2023_08_2.pdf
2023,8,2023-08,7,RENAULT,9894,0.050300000000000004,https://www.fenabrave.org.br/portal/files/2023_08_2.pdf
2023,8,2023-08,8,HONDA,7429,0.0377,https://www.fenabrave.org.br/portal/files/2023_08_2.pdf
2023,8,2023-08,9,NISSAN,6292,0.032,https://www.fenabrave.org.br/portal/files/2023_08_2.pdf
2023,8,2023-08,10,PEUGEOT,3940,0.02,https://www.fenabrave.org.br/portal/files/2023_08_2.pdf
2023,8,2023-08,11,CAOA CHERY,3151,0.016,https://www.fenabrave.org.br/portal/files/2023_08_2.pdf
2023,8,2023-08,12,CITROEN,2751,0.013999999999999999,https://www.fenabrave.org.br/portal/files/2023_08_2.pdf
2023,8,2023-08,13,FORD,2497,0.0127,https://www.fenabrave.org.br/portal/files/2023_08_2.pdf
2023,8,2023-08,14,MITSUBISHI,1577,0.008,https://www.fenabrave.org.br/portal/files/2023_08_2.pdf
2023,8,2023-08,15,BMW,1511,0.0077,https://www.fenabrave.org.br/portal/files/2023_08_2.pdf
2023,8,2023-08,16,BYD,1455,0.0074,https://www.fenabrave.org.br/portal/files/2023_08_2.pdf
2023,8,2023-08,17,GWM,1452,0.0074,https://www.fenabrave.org.br/portal/files/2023_08_2.pdf
2023,8,2023-08,18,RAM,987,0.005,https://www.fenabrave.org.br/portal/files/2023_08_2.pdf
2023,8,2023-08,19,VOLVO,647,0.0033,https://www.fenabrave.org.br/portal/files/2023_08_2.pdf
2023,8,2023-08,20,M.BENZ,557,0.0028000000000000004,https://www.fenabrave.org.br/portal/files/2023_08_2.pdf
2023,8,2023-08,21,LAND ROVER,471,0.0024,https://www.fenabrave.org.br/portal/files/2023_08_2.pdf
2023,9,2023-09,1,FIAT,43234,0.23070000000000002,https://www.fenabrave.org.br/portal/files/2023_09_2.pdf
2023,9,2023-09,2,VW,29651,0.1582,https://www.fenabrave.org.br/portal/files/2023_09_2.pdf
2023,9,2023-09,3,GM,27959,0.1492,https://www.fenabrave.org.br/portal/files/2023_09_2.pdf
2023,9,2023-09,4,HYUNDAI,16152,0.0862,https://www.fenabrave.org.br/portal/files/2023_09_2.pdf
2023,9,2023-09,5,TOYOTA,16023,0.0855,https://www.fenabrave.org.br/portal/files/2023_09_2.pdf
2023,9,2023-09,6,RENAULT,10410,5.55,https://www.fenabrave.org.br/portal/files/2023_09_2.pdf
2023,9,2023-09,7,JEEP,9781,5.22,https://www.fenabrave.org.br/portal/files/2023_09_2.pdf
2023,9,2023-09,8,NISSAN,6360,0.0339,https://www.fenabrave.org.br/portal/files/2023_09_2.pdf
2023,9,2023-09,9,HONDA,5995,0.032,https://www.fenabrave.org.br/portal/files/2023_09_2.pdf
2023,9,2023-09,10,CAOA CHERY,2937,0.015700000000000002,https://www.fenabrave.org.br/portal/files/2023_09_2.pdf
2023,9,2023-09,11,PEUGEOT,2923,0.015600000000000001,https://www.fenabrave.org.br/portal/files/2023_09_2.pdf
2023,9,2023-09,12,CITROEN,2455,0.0131,https://www.fenabrave.org.br/portal/files/2023_09_2.pdf
2023,9,2023-09,13,FORD,2379,0.0127,https://www.fenabrave.org.br/portal/files/2023_09_2.pdf
2023,9,2023-09,14,BYD,2137,0.011399999999999999,https://www.fenabrave.org.br/portal/files/2023_09_2.pdf
2023,9,2023-09,15,MITSUBISHI,1758,0.009399999999999999,https://www.fenabrave.org.br/portal/files/2023_09_2.pdf
2023,9,2023-09,16,BMW,1411,0.0075,https://www.fenabrave.org.br/portal/files/2023_09_2.pdf
2023,9,2023-09,17,GWM,1307,0.006999999999999999,https://www.fenabrave.org.br/portal/files/2023_09_2.pdf
2023,9,2023-09,18,RAM,976,0.0052,https://www.fenabrave.org.br/portal/files/2023_09_2.pdf
2023,9,2023-09,19,AUDI,600,0.0032,https://www.fenabrave.org.br/portal/files/2023_09_2.pdf
2023,9,2023-09,20,VOLVO,499,0.0027,https://www.fenabrave.org.br/portal/files/2023_09_2.pdf
2023,9,2023-09,21,LAND ROVER,456,0.0024,https://www.fenabrave.org.br/portal/files/2023_09_2.pdf
2023,10,2023-10,1,FIAT,44456,0.2151,https://www.fenabrave.org.br/portal/files/2023_10_2.pdf
2023,10,2023-10,2,VW,32886,0.1591,https://www.fenabrave.org.br/portal/files/2023_10_2.pdf
2023,10,2023-10,3,GM,32274,0.1562,https://www.fenabrave.org.br/portal/files/2023_10_2.pdf
2023,10,2023-10,4,TOYOTA,17668,0.0855,https://www.fenabrave.org.br/portal/files/2023_10_2.pdf
2023,10,2023-10,5,HYUNDAI,16334,0.079,https://www.fenabrave.org.br/portal/files/2023_10_2.pdf
2023,10,2023-10,6,RENAULT,11924,0.057699999999999994,https://www.fenabrave.org.br/portal/files/2023_10_2.pdf
2023,10,2023-10,7,JEEP,9507,0.046,https://www.fenabrave.org.br/portal/files/2023_10_2.pdf
2023,10,2023-10,8,NISSAN,8022,0.0388,https://www.fenabrave.org.br/portal/files/2023_10_2.pdf
2023,10,2023-10,9,HONDA,5576,0.027000000000000003,https://www.fenabrave.org.br/portal/files/2023_10_2.pdf
2023,10,2023-10,10,CAOA CHERY,3788,0.0183,https://www.fenabrave.org.br/portal/files/2023_10_2.pdf
2023,10,2023-10,11,FORD,3489,0.0169,https://www.fenabrave.org.br/portal/files/2023_10_2.pdf
2023,10,2023-10,12,PEUGEOT,3305,0.016,https://www.fenabrave.org.br/portal/files/2023_10_2.pdf
2023,10,2023-10,13,CITROEN,3139,0.0152,https://www.fenabrave.org.br/portal/files/2023_10_2.pdf
2023,10,2023-10,14,RAM,3077,0.0149,https://www.fenabrave.org.br/portal/files/2023_10_2.pdf
2023,10,2023-10,15,BYD,2732,0.0132,https://www.fenabrave.org.br/portal/files/2023_10_2.pdf
2023,10,2023-10,16,MITSUBISHI,1855,0.009000000000000001,https://www.fenabrave.org.br/portal/files/2023_10_2.pdf
2023,10,2023-10,17,GWM,1450,0.006999999999999999,https://www.fenabrave.org.br/portal/files/2023_10_2.pdf
2023,10,2023-10,18,BMW,1369,0.0066,https://www.fenabrave.org.br/portal/files/2023_10_2.pdf
2023,10,2023-10,19,VOLVO,647,0.0031,https://www.fenabrave.org.br/portal/files/2023_10_2.pdf
2023,10,2023-10,20,AUDI,631,0.0031,https://www.fenabrave.org.br/portal/files/2023_10_2.pdf
2023,10,2023-10,21,KIA,480,0.0023,https://www.fenabrave.org.br/portal/files/2023_10_2.pdf
2023,11,2023-11,1,FIAT,44269,0.2195,https://www.fenabrave.org.br/portal/files/2023_11_2.pdf
2023,11,2023-11,2,VW,30119,0.1494,https://www.fenabrave.org.br/portal/files/2023_11_2.pdf
2023,11,2023-11,3,GM,27037,0.1341,https://www.fenabrave.org.br/portal/files/2023_11_2.pdf
2023,11,2023-11,4,HYUNDAI,20567,0.102,https://www.fenabrave.org.br/portal/files/2023_11_2.pdf
2023,11,2023-11,5,TOYOTA,14802,0.07339999999999999,https://www.fenabrave.org.br/portal/files/2023_11_2.pdf
2023,11,2023-11,6,RENAULT,11915,0.0591,https://www.fenabrave.org.br/portal/files/2023_11_2.pdf
2023,11,2023-11,7,JEEP,11746,0.0582,https://www.fenabrave.org.br/portal/files/2023_11_2.pdf
2023,11,2023-11,8,NISSAN,5977,0.0296,https://www.fenabrave.org.br/portal/files/2023_11_2.pdf
2023,11,2023-11,9,HONDA,5620,0.0279,https://www.fenabrave.org.br/portal/files/2023_11_2.pdf
2023,11,2023-11,10,CAOA CHERY,4162,0.0206,https://www.fenabrave.org.br/portal/files/2023_11_2.pdf
2023,11,2023-11,11,CITROEN,3762,0.0187,https://www.fenabrave.org.br/portal/files/2023_11_2.pdf
2023,11,2023-11,12,BYD,3622,0.018000000000000002,https://www.fenabrave.org.br/portal/files/2023_11_2.pdf
2023,11,2023-11,13,RAM,3441,0.0171,https://www.fenabrave.org.br/portal/files/2023_11_2.pdf
2023,11,2023-11,14,PEUGEOT,3396,0.0168,https://www.fenabrave.org.br/portal/files/2023_11_2.pdf
2023,11,2023-11,15,FORD,2880,0.0143,https://www.fenabrave.org.br/portal/files/2023_11_2.pdf
2023,11,2023-11,16,MITSUBISHI,1854,0.0092,https://www.fenabrave.org.br/portal/files/2023_11_2.pdf
2023,11,2023-11,17,BMW,1501,0.0074,https://www.fenabrave.org.br/portal/files/2023_11_2.pdf
2023,11,2023-11,18,GWM,1356,0.0067,https://www.fenabrave.org.br/portal/files/2023_11_2.pdf
2023,11,2023-11,19,VOLVO,726,0.0036,https://www.fenabrave.org.br/portal/files/2023_11_2.pdf
2023,11,2023-11,20,AUDI,603,0.003,https://www.fenabrave.org.br/portal/files/2023_11_2.pdf
2023,11,2023-11,21,PORSCHE,398,0.002,https://www.fenabrave.org.br/portal/files/2023_11_2.pdf
2023,12,2023-12,1,FIAT,46811,0.1979,https://www.fenabrave.org.br/portal/files/2023_12_2.pdf
2023,12,2023-12,2,VW,43573,0.18420000000000003,https://www.fenabrave.org.br/portal/files/2023_12_2.pdf
2023,12,2023-12,3,GM,32414,0.13699999999999998,https://www.fenabrave.org.br/portal/files/2023_12_2.pdf
2023,12,2023-12,4,HYUNDAI,21300,0.09,https://www.fenabrave.org.br/portal/files/2023_12_2.pdf
2023,12,2023-12,5,TOYOTA,20305,0.0858,https://www.fenabrave.org.br/portal/files/2023_12_2.pdf
2023,12,2023-12,6,RENAULT,15132,0.064,https://www.fenabrave.org.br/portal/files/2023_12_2.pdf
2023,12,2023-12,7,JEEP,8531,0.0361,https://www.fenabrave.org.br/portal/files/2023_12_2.pdf
2023,12,2023-12,8,NISSAN,7403,0.0313,https://www.fenabrave.org.br/portal/files/2023_12_2.pdf
2023,12,2023-12,9,HONDA,6586,0.0278,https://www.fenabrave.org.br/portal/files/2023_12_2.pdf
2023,12,2023-12,10,BYD,5500,0.0232,https://www.fenabrave.org.br/portal/files/2023_12_2.pdf
2023,12,2023-12,11,CAOA CHERY,4088,0.0173,https://www.fenabrave.org.br/portal/files/2023_12_2.pdf
2023,12,2023-12,12,PEUGEOT,3358,0.014199999999999999,https://www.fenabrave.org.br/portal/files/2023_12_2.pdf
2023,12,2023-12,13,FORD,3317,0.013999999999999999,https://www.fenabrave.org.br/portal/files/2023_12_2.pdf
2023,12,2023-12,14,RAM,3101,0.0131,https://www.fenabrave.org.br/portal/files/2023_12_2.pdf
2023,12,2023-12,15,GWM,2796,0.0118,https://www.fenabrave.org.br/portal/files/2023_12_2.pdf
2023,12,2023-12,16,MITSUBISHI,2716,0.0115,https://www.fenabrave.org.br/portal/files/2023_12_2.pdf
2023,12,2023-12,17,CITROEN,2597,0.011000000000000001,https://www.fenabrave.org.br/portal/files/2023_12_2.pdf
2023,12,2023-12,18,BMW,1747,0.0074,https://www.fenabrave.org.br/portal/files/2023_12_2.pdf
2023,12,2023-12,19,VOLVO,1066,0.0045000000000000005,https://www.fenabrave.org.br/portal/files/2023_12_2.pdf
2023,12,2023-12,20,AUDI,883,0.0037,https://www.fenabrave.org.br/portal/files/2023_12_2.pdf
2023,12,2023-12,21,M.BENZ,729,0.0031,https://www.fenabrave.org.br/portal/files/2023_12_2.pdf
2024,1,2024-01,1,FIAT,30852,0.2029,https://www.fenabrave.org.br/portal/files/2024_01_02.pdf
2024,1,2024-01,2,VW,22144,0.1456,https://www.fenabrave.org.br/portal/files/2024_01_02.pdf
2024,1,2024-01,3,GM,18912,0.1244,https://www.fenabrave.org.br/portal/files/2024_01_02.pdf
2024,1,2024-01,4,HYUNDAI,14237,0.09359999999999999,https://www.fenabrave.org.br/portal/files/2024_01_02.pdf
2024,1,2024-01,5,TOYOTA,13722,0.0902,https://www.fenabrave.org.br/portal/files/2024_01_02.pdf
2024,1,2024-01,6,JEEP,7885,0.0519,https://www.fenabrave.org.br/portal/files/2024_01_02.pdf
2024,1,2024-01,7,RENAULT,7296,0.048,https://www.fenabrave.org.br/portal/files/2024_01_02.pdf
2024,1,2024-01,8,NISSAN,6063,0.039900000000000005,https://www.fenabrave.org.br/portal/files/2024_01_02.pdf
2024,1,2024-01,9,HONDA,5155,0.0339,https://www.fenabrave.org.br/portal/files/2024_01_02.pdf
2024,1,2024-01,10,BYD,4299,0.028300000000000002,https://www.fenabrave.org.br/portal/files/2024_01_02.pdf
2024,1,2024-01,11,CAOA CHERY,3470,0.022799999999999997,https://www.fenabrave.org.br/portal/files/2024_01_02.pdf
2024,1,2024-01,12,FORD,2804,0.0184,https://www.fenabrave.org.br/portal/files/2024_01_02.pdf
2024,1,2024-01,13,PEUGEOT,2429,0.016,https://www.fenabrave.org.br/portal/files/2024_01_02.pdf
2024,1,2024-01,14,GWM,2316,0.0152,https://www.fenabrave.org.br/portal/files/2024_01_02.pdf
2024,1,2024-01,15,RAM,2273,0.0149,https://www.fenabrave.org.br/portal/files/2024_01_02.pdf
2024,1,2024-01,16,CITROEN,2187,0.0144,https://www.fenabrave.org.br/portal/files/2024_01_02.pdf
2024,1,2024-01,17,MITSUBISHI,1401,0.0092,https://www.fenabrave.org.br/portal/files/2024_01_02.pdf
2024,1,2024-01,18,BMW,869,0.005699999999999999,https://www.fenabrave.org.br/portal/files/2024_01_02.pdf
2024,1,2024-01,19,VOLVO,668,0.0044,https://www.fenabrave.org.br/portal/files/2024_01_02.pdf
2024,1,2024-01,20,M.BENZ,507,0.0033,https://www.fenabrave.org.br/portal/files/2024_01_02.pdf
2024,1,2024-01,21,KIA,462,0.003,https://www.fenabrave.org.br/portal/files/2024_01_02.pdf
2024,2,2024-02,1,FIAT,34326,0.2211,https://www.fenabrave.org.br/portal/files/2024_02_02.pdf
2024,2,2024-02,2,VW,23906,0.154,https://www.fenabrave.org.br/portal/files/2024_02_02.pdf
2024,2,2024-02,3,GM,16535,0.1065,https://www.fenabrave.org.br/portal/files/2024_02_02.pdf
2024,2,2024-02,4,TOYOTA,13396,0.0863,https://www.fenabrave.org.br/portal/files/2024_02_02.pdf
2024,2,2024-02,5,HYUNDAI,11961,0.077,https://www.fenabrave.org.br/portal/files/2024_02_02.pdf
2024,2,2024-02,6,RENAULT,10050,0.0647,https://www.fenabrave.org.br/portal/files/2024_02_02.pdf
2024,2,2024-02,7,JEEP,8760,0.0564,https://www.fenabrave.org.br/portal/files/2024_02_02.pdf
2024,2,2024-02,8,NISSAN,5867,0.0378,https://www.fenabrave.org.br/portal/files/2024_02_02.pdf
2024,2,2024-02,9,HONDA,5443,0.0351,https://www.fenabrave.org.br/portal/files/2024_02_02.pdf
2024,2,2024-02,10,BYD,4429,0.0285,https://www.fenabrave.org.br/portal/files/2024_02_02.pdf
2024,2,2024-02,11,CAOA CHERY,3329,0.021400000000000002,https://www.fenabrave.org.br/portal/files/2024_02_02.pdf
2024,2,2024-02,12,FORD,3090,0.0199,https://www.fenabrave.org.br/portal/files/2024_02_02.pdf
2024,2,2024-02,13,RAM,2574,0.0166,https://www.fenabrave.org.br/portal/files/2024_02_02.pdf
2024,2,2024-02,14,CITROEN,1993,0.0128,https://www.fenabrave.org.br/portal/files/2024_02_02.pdf
2024,2,2024-02,15,PEUGEOT,1877,0.0121,https://www.fenabrave.org.br/portal/files/2024_02_02.pdf
2024,2,2024-02,16,GWM,1715,0.011000000000000001,https://www.fenabrave.org.br/portal/files/2024_02_02.pdf
2024,2,2024-02,17,MITSUBISHI,1586,0.0102,https://www.fenabrave.org.br/portal/files/2024_02_02.pdf
2024,2,2024-02,18,BMW,1063,0.0068000000000000005,https://www.fenabrave.org.br/portal/files/2024_02_02.pdf
2024,2,2024-02,19,M.BENZ,473,0.003,https://www.fenabrave.org.br/portal/files/2024_02_02.pdf
2024,2,2024-02,20,PORSCHE,453,0.0029,https://www.fenabrave.org.br/portal/files/2024_02_02.pdf
2024,2,2024-02,21,AUDI,421,0.0027,https://www.fenabrave.org.br/portal/files/2024_02_02.pdf
2024,3,2024-03,1,FIAT,36336,0.2065,https://www.fenabrave.org.br/portal/files/2024_03_02.pdf
2024,3,2024-03,2,VW,30779,0.17489999999999997,https://www.fenabrave.org.br/portal/files/2024_03_02.pdf
2024,3,2024-03,3,GM,21456,0.1219,https://www.fenabrave.org.br/portal/files/2024_03_02.pdf
2024,3,2024-03,4,TOYOTA,14854,0.08439999999999999,https://www.fenabrave.org.br/portal/files/2024_03_02.pdf
2024,3,2024-03,5,HYUNDAI,10998,0.0625,https://www.fenabrave.org.br/portal/files/2024_03_02.pdf
2024,3,2024-03,6,RENAULT,9386,0.0533,https://www.fenabrave.org.br/portal/files/2024_03_02.pdf
2024,3,2024-03,7,JEEP,9009,0.0512,https://www.fenabrave.org.br/portal/files/2024_03_02.pdf
2024,3,2024-03,8,NISSAN,7635,0.0434,https://www.fenabrave.org.br/portal/files/2024_03_02.pdf
2024,3,2024-03,9,HONDA,6415,0.0365,https://www.fenabrave.org.br/portal/files/2024_03_02.pdf
2024,3,2024-03,10,BYD,6213,0.0353,https://www.fenabrave.org.br/portal/files/2024_03_02.pdf
2024,3,2024-03,11,CAOA CHERY,4829,0.0274,https://www.fenabrave.org.br/portal/files/2024_03_02.pdf
2024,3,2024-03,12,CITROEN,2628,0.0149,https://www.fenabrave.org.br/portal/files/2024_03_02.pdf
2024,3,2024-03,13,RAM,2580,0.0147,https://www.fenabrave.org.br/portal/files/2024_03_02.pdf
2024,3,2024-03,14,FORD,2325,0.0132,https://www.fenabrave.org.br/portal/files/2024_03_02.pdf
2024,3,2024-03,15,MITSUBISHI,1748,0.009899999999999999,https://www.fenabrave.org.br/portal/files/2024_03_02.pdf
2024,3,2024-03,16,GWM,1705,0.0097,https://www.fenabrave.org.br/portal/files/2024_03_02.pdf
2024,3,2024-03,17,PEUGEOT,1485,0.0084,https://www.fenabrave.org.br/portal/files/2024_03_02.pdf
2024,3,2024-03,18,BMW,1265,0.0072,https://www.fenabrave.org.br/portal/files/2024_03_02.pdf
2024,3,2024-03,19,M.BENZ,605,0.0034000000000000002,https://www.fenabrave.org.br/portal/files/2024_03_02.pdf
2024,3,2024-03,20,VOLVO,600,0.0034000000000000002,https://www.fenabrave.org.br/portal/files/2024_03_02.pdf
2024,3,2024-03,21,AUDI,565,0.0032,https://www.fenabrave.org.br/portal/files/2024_03_02.pdf
2024,4,2024-04,1,FIAT,42096,0.2023,https://www.fenabrave.org.br/portal/files/2024_04_02.pdf
2024,4,2024-04,2,VW,33439,0.1607,https://www.fenabrave.org.br/portal/files/2024_04_02.pdf
2024,4,2024-04,3,GM,29851,0.1435,https://www.fenabrave.org.br/portal/files/2024_04_02.pdf
2024,4,2024-04,4,TOYOTA,17339,0.0833,https://www.fenabrave.org.br/portal/files/2024_04_02.pdf
2024,4,2024-04,5,HYUNDAI,15674,0.0753,https://www.fenabrave.org.br/portal/files/2024_04_02.pdf
2024,4,2024-04,6,RENAULT,11869,0.057,https://www.fenabrave.org.br/portal/files/2024_04_02.pdf
2024,4,2024-04,7,JEEP,9418,0.0453,https://www.fenabrave.org.br/portal/files/2024_04_02.pdf
2024,4,2024-04,8,HONDA,7167,0.0344,https://www.fenabrave.org.br/portal/files/2024_04_02.pdf
2024,4,2024-04,9,NISSAN,7072,0.034,https://www.fenabrave.org.br/portal/files/2024_04_02.pdf
2024,4,2024-04,10,BYD,7046,0.0339,https://www.fenabrave.org.br/portal/files/2024_04_02.pdf
2024,4,2024-04,11,CAOA CHERY,6458,0.031,https://www.fenabrave.org.br/portal/files/2024_04_02.pdf
2024,4,2024-04,12,FORD,3617,0.0174,https://www.fenabrave.org.br/portal/files/2024_04_02.pdf
2024,4,2024-04,13,CITROEN,2893,0.0139,https://www.fenabrave.org.br/portal/files/2024_04_02.pdf
2024,4,2024-04,14,GWM,2281,0.011000000000000001,https://www.fenabrave.org.br/portal/files/2024_04_02.pdf
2024,4,2024-04,15,RAM,2193,0.0105,https://www.fenabrave.org.br/portal/files/2024_04_02.pdf
2024,4,2024-04,16,MITSUBISHI,2180,0.0105,https://www.fenabrave.org.br/portal/files/2024_04_02.pdf
2024,4,2024-04,17,PEUGEOT,1874,0.009000000000000001,https://www.fenabrave.org.br/portal/files/2024_04_02.pdf
2024,4,2024-04,18,BMW,1383,0.0066,https://www.fenabrave.org.br/portal/files/2024_04_02.pdf
2024,4,2024-04,19,M.BENZ,656,0.0032,https://www.fenabrave.org.br/portal/files/2024_04_02.pdf
2024,4,2024-04,20,PORSCHE,538,0.0026,https://www.fenabrave.org.br/portal/files/2024_04_02.pdf
2024,4,2024-04,21,KIA,535,0.0026,https://www.fenabrave.org.br/portal/files/2024_04_02.pdf
2024,5,2024-05,1,FIAT,38690,0.2112,https://www.fenabrave.org.br/portal/files/2024_05_02.pdf
2024,5,2024-05,2,VW,27533,0.1503,https://www.fenabrave.org.br/portal/files/2024_05_02.pdf
2024,5,2024-05,3,GM,25804,0.1408,https://www.fenabrave.org.br/portal/files/2024_05_02.pdf
2024,5,2024-05,4,HYUNDAI,15621,0.08529999999999999,https://www.fenabrave.org.br/portal/files/2024_05_02.pdf
2024,5,2024-05,5,TOYOTA,14996,0.0818,https://www.fenabrave.org.br/portal/files/2024_05_02.pdf
2024,5,2024-05,6,JEEP,8644,0.0472,https://www.fenabrave.org.br/portal/files/2024_05_02.pdf
2024,5,2024-05,7,NISSAN,8162,0.044500000000000005,https://www.fenabrave.org.br/portal/files/2024_05_02.pdf
2024,5,2024-05,8,RENAULT,7302,0.039900000000000005,https://www.fenabrave.org.br/portal/files/2024_05_02.pdf
2024,5,2024-05,9,HONDA,6448,0.0352,https://www.fenabrave.org.br/portal/files/2024_05_02.pdf
2024,5,2024-05,10,BYD,5255,0.0287,https://www.fenabrave.org.br/portal/files/2024_05_02.pdf
2024,5,2024-05,11,CAOA CHERY,4918,0.0268,https://www.fenabrave.org.br/portal/files/2024_05_02.pdf
2024,5,2024-05,12,FORD,3599,0.0196,https://www.fenabrave.org.br/portal/files/2024_05_02.pdf
2024,5,2024-05,13,CITROEN,2574,0.013999999999999999,https://www.fenabrave.org.br/portal/files/2024_05_02.pdf
2024,5,2024-05,14,RAM,2275,0.0124,https://www.fenabrave.org.br/portal/files/2024_05_02.pdf
2024,5,2024-05,15,GWM,1972,0.0108,https://www.fenabrave.org.br/portal/files/2024_05_02.pdf
2024,5,2024-05,16,MITSUBISHI,1837,0.01,https://www.fenabrave.org.br/portal/files/2024_05_02.pdf
2024,5,2024-05,17,PEUGEOT,1749,0.0095,https://www.fenabrave.org.br/portal/files/2024_05_02.pdf
2024,5,2024-05,18,BMW,1477,0.008100000000000001,https://www.fenabrave.org.br/portal/files/2024_05_02.pdf
2024,5,2024-05,19,VOLVO,927,0.0051,https://www.fenabrave.org.br/portal/files/2024_05_02.pdf
2024,5,2024-05,20,M.BENZ,692,0.0038,https://www.fenabrave.org.br/portal/files/2024_05_02.pdf
2024,5,2024-05,21,PORSCHE,613,0.0033,https://www.fenabrave.org.br/portal/files/2024_05_02.pdf
2024,6,2024-06,1,FIAT,38402,0.18969999999999998,https://www.fenabrave.org.br/portal/files/2024_06_02.pdf
2024,6,2024-06,2,VW,29843,0.1474,https://www.fenabrave.org.br/portal/files/2024_06_02.pdf
2024,6,2024-06,3,GM,28661,0.1416,https://www.fenabrave.org.br/portal/files/2024_06_02.pdf
2024,6,2024-06,4,HYUNDAI,19450,0.09609999999999999,https://www.fenabrave.org.br/portal/files/2024_06_02.pdf
2024,6,2024-06,5,TOYOTA,17414,0.086,https://www.fenabrave.org.br/portal/files/2024_06_02.pdf
2024,6,2024-06,6,JEEP,10099,0.0499,https://www.fenabrave.org.br/portal/files/2024_06_02.pdf
2024,6,2024-06,7,RENAULT,9916,0.049,https://www.fenabrave.org.br/portal/files/2024_06_02.pdf
2024,6,2024-06,8,HONDA,7493,0.037000000000000005,https://www.fenabrave.org.br/portal/files/2024_06_02.pdf
2024,6,2024-06,9,NISSAN,7237,0.035699999999999996,https://www.fenabrave.org.br/portal/files/2024_06_02.pdf
2024,6,2024-06,10,BYD,5336,0.0264,https://www.fenabrave.org.br/portal/files/2024_06_02.pdf
2024,6,2024-06,11,CAOA CHERY,4965,0.0245,https://www.fenabrave.org.br/portal/files/2024_06_02.pdf
2024,6,2024-06,12,FORD,4169,0.0206,https://www.fenabrave.org.br/portal/files/2024_06_02.pdf
2024,6,2024-06,13,CITROEN,3205,0.0158,https://www.fenabrave.org.br/portal/files/2024_06_02.pdf
2024,6,2024-06,14,RAM,2837,0.013999999999999999,https://www.fenabrave.org.br/portal/files/2024_06_02.pdf
2024,6,2024-06,15,GWM,2742,0.013500000000000002,https://www.fenabrave.org.br/portal/files/2024_06_02.pdf
2024,6,2024-06,16,PEUGEOT,2622,0.0129,https://www.fenabrave.org.br/portal/files/2024_06_02.pdf
2024,6,2024-06,17,MITSUBISHI,1789,0.0088,https://www.fenabrave.org.br/portal/files/2024_06_02.pdf
2024,6,2024-06,18,BMW,1591,0.0079,https://www.fenabrave.org.br/portal/files/2024_06_02.pdf
2024,6,2024-06,19,VOLVO,1148,0.005699999999999999,https://www.fenabrave.org.br/portal/files/2024_06_02.pdf
2024,6,2024-06,20,PORSCHE,616,0.003,https://www.fenabrave.org.br/portal/files/2024_06_02.pdf
2024,6,2024-06,21,M.BENZ,583,0.0029,https://www.fenabrave.org.br/portal/files/2024_06_02.pdf
2024,7,2024-07,1,FIAT,50471,0.222,https://www.fenabrave.org.br/portal/files/2024_07_02.pdf
2024,7,2024-07,2,VW,36911,0.1624,https://www.fenabrave.org.br/portal/files/2024_07_02.pdf
2024,7,2024-07,3,GM,26059,0.11460000000000001,https://www.fenabrave.org.br/portal/files/2024_07_02.pdf
2024,7,2024-07,4,TOYOTA,19878,0.0875,https://www.fenabrave.org.br/portal/files/2024_07_02.pdf
2024,7,2024-07,5,HYUNDAI,17795,0.0783,https://www.fenabrave.org.br/portal/files/2024_07_02.pdf
2024,7,2024-07,6,JEEP,12200,0.0537,https://www.fenabrave.org.br/portal/files/2024_07_02.pdf
2024,7,2024-07,7,RENAULT,10609,0.0467,https://www.fenabrave.org.br/portal/files/2024_07_02.pdf
2024,7,2024-07,8,NISSAN,8676,0.0382,https://www.fenabrave.org.br/portal/files/2024_07_02.pdf
2024,7,2024-07,9,HONDA,8431,0.0371,https://www.fenabrave.org.br/portal/files/2024_07_02.pdf
2024,7,2024-07,10,BYD,6082,0.0268,https://www.fenabrave.org.br/portal/files/2024_07_02.pdf
2024,7,2024-07,11,CAOA CHERY,5347,0.0235,https://www.fenabrave.org.br/portal/files/2024_07_02.pdf
2024,7,2024-07,12,FORD,4260,0.0187,https://www.fenabrave.org.br/portal/files/2024_07_02.pdf
2024,7,2024-07,13,CITROEN,3202,0.0141,https://www.fenabrave.org.br/portal/files/2024_07_02.pdf
2024,7,2024-07,14,GWM,3184,0.013999999999999999,https://www.fenabrave.org.br/portal/files/2024_07_02.pdf
2024,7,2024-07,15,RAM,2755,0.0121,https://www.fenabrave.org.br/portal/files/2024_07_02.pdf
2024,7,2024-07,16,PEUGEOT,2632,0.0116,https://www.fenabrave.org.br/portal/files/2024_07_02.pdf
2024,7,2024-07,17,MITSUBISHI,2248,0.009899999999999999,https://www.fenabrave.org.br/portal/files/2024_07_02.pdf
2024,7,2024-07,18,BMW,1483,0.006500000000000001,https://www.fenabrave.org.br/portal/files/2024_07_02.pdf
2024,7,2024-07,19,M.BENZ,852,0.0037,https://www.fenabrave.org.br/portal/files/2024_07_02.pdf
2024,7,2024-07,20,VOLVO,831,0.0037,https://www.fenabrave.org.br/portal/files/2024_07_02.pdf
2024,7,2024-07,21,PORSCHE,633,0.0028000000000000004,https://www.fenabrave.org.br/portal/files/2024_07_02.pdf
2024,8,2024-08,1,FIAT,49433,0.22149999999999997,https://www.fenabrave.org.br/portal/files/2024_08_02.pdf
2024,8,2024-08,2,VW,36940,0.1655,https://www.fenabrave.org.br/portal/files/2024_08_02.pdf
2024,8,2024-08,3,GM,28011,0.1255,https://www.fenabrave.org.br/portal/files/2024_08_02.pdf
2024,8,2024-08,4,TOYOTA,18873,0.08460000000000001,https://www.fenabrave.org.br/portal/files/2024_08_02.pdf
2024,8,2024-08,5,HYUNDAI,16945,0.0759,https://www.fenabrave.org.br/portal/files/2024_08_02.pdf
2024,8,2024-08,6,JEEP,11209,0.050199999999999995,https://www.fenabrave.org.br/portal/files/2024_08_02.pdf
2024,8,2024-08,7,RENAULT,10917,0.0489,https://www.fenabrave.org.br/portal/files/2024_08_02.pdf
2024,8,2024-08,8,HONDA,8477,0.038,https://www.fenabrave.org.br/portal/files/2024_08_02.pdf
2024,8,2024-08,9,NISSAN,7569,0.0339,https://www.fenabrave.org.br/portal/files/2024_08_02.pdf
2024,8,2024-08,10,BYD,6708,0.0301,https://www.fenabrave.org.br/portal/files/2024_08_02.pdf
2024,8,2024-08,11,CAOA CHERY,5338,0.0239,https://www.fenabrave.org.br/portal/files/2024_08_02.pdf
2024,8,2024-08,12,FORD,4575,0.020499999999999997,https://www.fenabrave.org.br/portal/files/2024_08_02.pdf
2024,8,2024-08,13,CITROEN,3109,0.0139,https://www.fenabrave.org.br/portal/files/2024_08_02.pdf
2024,8,2024-08,14,GWM,2494,0.011200000000000002,https://www.fenabrave.org.br/portal/files/2024_08_02.pdf
2024,8,2024-08,15,RAM,2464,0.011000000000000001,https://www.fenabrave.org.br/portal/files/2024_08_02.pdf
2024,8,2024-08,16,PEUGEOT,2459,0.011000000000000001,https://www.fenabrave.org.br/portal/files/2024_08_02.pdf
2024,8,2024-08,17,MITSUBISHI,1869,0.0084,https://www.fenabrave.org.br/portal/files/2024_08_02.pdf
2024,8,2024-08,18,BMW,1141,0.0051,https://www.fenabrave.org.br/portal/files/2024_08_02.pdf
2024,8,2024-08,19,VOLVO,850,0.0038,https://www.fenabrave.org.br/portal/files/2024_08_02.pdf
2024,8,2024-08,20,M.BENZ,674,0.003,https://www.fenabrave.org.br/portal/files/2024_08_02.pdf
2024,8,2024-08,21,PORSCHE,598,0.0027,https://www.fenabrave.org.br/portal/files/2024_08_02.pdf
2024,9,2024-09,1,FIAT,49645,0.2229,https://www.fenabrave.org.br/portal/files/2024_09_02.pdf
2024,9,2024-09,2,VW,35213,0.15810000000000002,https://www.fenabrave.org.br/portal/files/2024_09_02.pdf
2024,9,2024-09,3,GM,27665,0.1242,https://www.fenabrave.org.br/portal/files/2024_09_02.pdf
2024,9,2024-09,4,TOYOTA,19814,0.08900000000000001,https://www.fenabrave.org.br/portal/files/2024_09_02.pdf
2024,9,2024-09,5,RENAULT,15183,0.0682,https://www.fenabrave.org.br/portal/files/2024_09_02.pdf
2024,9,2024-09,6,HYUNDAI,14711,0.0661,https://www.fenabrave.org.br/portal/files/2024_09_02.pdf
2024,9,2024-09,7,JEEP,10663,0.0479,https://www.fenabrave.org.br/portal/files/2024_09_02.pdf
2024,9,2024-09,8,HONDA,8691,0.039,https://www.fenabrave.org.br/portal/files/2024_09_02.pdf
2024,9,2024-09,9,NISSAN,8119,0.0365,https://www.fenabrave.org.br/portal/files/2024_09_02.pdf
2024,9,2024-09,10,BYD,5961,0.0268,https://www.fenabrave.org.br/portal/files/2024_09_02.pdf
2024,9,2024-09,11,CAOA CHERY,5551,0.024900000000000002,https://www.fenabrave.org.br/portal/files/2024_09_02.pdf
2024,9,2024-09,12,FORD,4347,0.0195,https://www.fenabrave.org.br/portal/files/2024_09_02.pdf
2024,9,2024-09,13,CITROEN,2665,0.012,https://www.fenabrave.org.br/portal/files/2024_09_02.pdf
2024,9,2024-09,14,RAM,2505,0.011200000000000002,https://www.fenabrave.org.br/portal/files/2024_09_02.pdf
2024,9,2024-09,15,PEUGEOT,2463,0.0111,https://www.fenabrave.org.br/portal/files/2024_09_02.pdf
2024,9,2024-09,16,GWM,2259,0.0101,https://www.fenabrave.org.br/portal/files/2024_09_02.pdf
2024,9,2024-09,17,MITSUBISHI,1654,0.0074,https://www.fenabrave.org.br/portal/files/2024_09_02.pdf
2024,9,2024-09,18,BMW,966,0.0043,https://www.fenabrave.org.br/portal/files/2024_09_02.pdf
2024,9,2024-09,19,M.BENZ,871,0.0039000000000000003,https://www.fenabrave.org.br/portal/files/2024_09_02.pdf
2024,9,2024-09,20,VOLVO,614,0.0028000000000000004,https://www.fenabrave.org.br/portal/files/2024_09_02.pdf
2024,9,2024-09,21,PORSCHE,575,0.0026,https://www.fenabrave.org.br/portal/files/2024_09_02.pdf
2024,10,2024-10,1,FIAT,51955,0.2079,https://www.fenabrave.org.br/portal/files/2024_10_02.pdf
2024,10,2024-10,2,VW,42084,0.1684,https://www.fenabrave.org.br/portal/files/2024_10_02.pdf
2024,10,2024-10,3,GM,29250,0.11699999999999999,https://www.fenabrave.org.br/portal/files/2024_10_02.pdf
2024,10,2024-10,4,HYUNDAI,23163,0.09269999999999999,https://www.fenabrave.org.br/portal/files/2024_10_02.pdf
2024,10,2024-10,5,TOYOTA,20535,0.08220000000000001,https://www.fenabrave.org.br/portal/files/2024_10_02.pdf
2024,10,2024-10,6,RENAULT,12909,0.051699999999999996,https://www.fenabrave.org.br/portal/files/2024_10_02.pdf
2024,10,2024-10,7,JEEP,12080,0.0483,https://www.fenabrave.org.br/portal/files/2024_10_02.pdf
2024,10,2024-10,8,HONDA,9957,0.0398,https://www.fenabrave.org.br/portal/files/2024_10_02.pdf
2024,10,2024-10,9,NISSAN,8376,0.0335,https://www.fenabrave.org.br/portal/files/2024_10_02.pdf
2024,10,2024-10,10,BYD,7401,0.0296,https://www.fenabrave.org.br/portal/files/2024_10_02.pdf
2024,10,2024-10,11,CAOA CHERY,6197,0.0248,https://www.fenabrave.org.br/portal/files/2024_10_02.pdf
2024,10,2024-10,12,FORD,5801,0.0232,https://www.fenabrave.org.br/portal/files/2024_10_02.pdf
2024,10,2024-10,13,CITROEN,3153,0.0126,https://www.fenabrave.org.br/portal/files/2024_10_02.pdf
2024,10,2024-10,14,PEUGEOT,2868,0.0115,https://www.fenabrave.org.br/portal/files/2024_10_02.pdf
2024,10,2024-10,15,RAM,2799,0.011200000000000002,https://www.fenabrave.org.br/portal/files/2024_10_02.pdf
2024,10,2024-10,16,GWM,2784,0.0111,https://www.fenabrave.org.br/portal/files/2024_10_02.pdf
2024,10,2024-10,17,MITSUBISHI,1944,0.0078000000000000005,https://www.fenabrave.org.br/portal/files/2024_10_02.pdf
2024,10,2024-10,18,BMW,1393,0.005600000000000001,https://www.fenabrave.org.br/portal/files/2024_10_02.pdf
2024,10,2024-10,19,M.BENZ,975,0.0039000000000000003,https://www.fenabrave.org.br/portal/files/2024_10_02.pdf
2024,10,2024-10,20,VOLVO,829,0.0033,https://www.fenabrave.org.br/portal/files/2024_10_02.pdf
2024,10,2024-10,21,IVECO,602,0.0024,https://www.fenabrave.org.br/portal/files/2024_10_02.pdf
2024,11,2024-11,1,FIAT,48960,0.203,https://www.fenabrave.org.br/portal/files/2024_11_02.pdf
2024,11,2024-11,2,VW,41289,0.17120000000000002,https://www.fenabrave.org.br/portal/files/2024_11_02.pdf
2024,11,2024-11,3,GM,30255,0.12539999999999998,https://www.fenabrave.org.br/portal/files/2024_11_02.pdf
2024,11,2024-11,4,HYUNDAI,25388,0.10529999999999999,https://www.fenabrave.org.br/portal/files/2024_11_02.pdf
2024,11,2024-11,5,TOYOTA,17017,0.0706,https://www.fenabrave.org.br/portal/files/2024_11_02.pdf
2024,11,2024-11,6,RENAULT,15831,0.06559999999999999,https://www.fenabrave.org.br/portal/files/2024_11_02.pdf
2024,11,2024-11,7,JEEP,11047,0.0458,https://www.fenabrave.org.br/portal/files/2024_11_02.pdf
2024,11,2024-11,8,HONDA,8755,0.0363,https://www.fenabrave.org.br/portal/files/2024_11_02.pdf
2024,11,2024-11,9,BYD,8048,0.0334,https://www.fenabrave.org.br/portal/files/2024_11_02.pdf
2024,11,2024-11,10,NISSAN,5897,0.024399999999999998,https://www.fenabrave.org.br/portal/files/2024_11_02.pdf
2024,11,2024-11,11,CAOA CHERY,5334,0.022099999999999998,https://www.fenabrave.org.br/portal/files/2024_11_02.pdf
2024,11,2024-11,12,FORD,4753,0.0197,https://www.fenabrave.org.br/portal/files/2024_11_02.pdf
2024,11,2024-11,13,CITROEN,3231,0.0134,https://www.fenabrave.org.br/portal/files/2024_11_02.pdf
2024,11,2024-11,14,PEUGEOT,2655,0.011000000000000001,https://www.fenabrave.org.br/portal/files/2024_11_02.pdf
2024,11,2024-11,15,GWM,2646,0.011000000000000001,https://www.fenabrave.org.br/portal/files/2024_11_02.pdf
2024,11,2024-11,16,RAM,1989,0.008199999999999999,https://www.fenabrave.org.br/portal/files/2024_11_02.pdf
2024,11,2024-11,17,MITSUBISHI,1987,0.008199999999999999,https://www.fenabrave.org.br/portal/files/2024_11_02.pdf
2024,11,2024-11,18,BMW,1756,0.0073,https://www.fenabrave.org.br/portal/files/2024_11_02.pdf
2024,11,2024-11,19,M.BENZ,696,0.0029,https://www.fenabrave.org.br/portal/files/2024_11_02.pdf
2024,11,2024-11,20,VOLVO,608,0.0025,https://www.fenabrave.org.br/portal/files/2024_11_02.pdf
2024,11,2024-11,21,AUDI,552,0.0023,https://www.fenabrave.org.br/portal/files/2024_11_02.pdf
2024,12,2024-12,1,FIAT,50165,0.2059,https://www.fenabrave.org.br/portal/files/2024_12_02.pdf
2024,12,2024-12,2,VW,40367,0.1656,https://www.fenabrave.org.br/portal/files/2024_12_02.pdf
2024,12,2024-12,3,GM,32517,0.1334,https://www.fenabrave.org.br/portal/files/2024_12_02.pdf
2024,12,2024-12,4,HYUNDAI,20098,0.0825,https://www.fenabrave.org.br/portal/files/2024_12_02.pdf
2024,12,2024-12,5,RENAULT,18037,0.07400000000000001,https://www.fenabrave.org.br/portal/files/2024_12_02.pdf
2024,12,2024-12,6,TOYOTA,15987,0.06559999999999999,https://www.fenabrave.org.br/portal/files/2024_12_02.pdf
2024,12,2024-12,7,JEEP,10273,0.042199999999999994,https://www.fenabrave.org.br/portal/files/2024_12_02.pdf
2024,12,2024-12,8,BYD,10091,0.0414,https://www.fenabrave.org.br/portal/files/2024_12_02.pdf
2024,12,2024-12,9,HONDA,9036,0.0371,https://www.fenabrave.org.br/portal/files/2024_12_02.pdf
2024,12,2024-12,10,NISSAN,6790,0.0279,https://www.fenabrave.org.br/portal/files/2024_12_02.pdf
2024,12,2024-12,11,CAOA CHERY,5198,0.0213,https://www.fenabrave.org.br/portal/files/2024_12_02.pdf
2024,12,2024-12,12,FORD,4981,0.0204,https://www.fenabrave.org.br/portal/files/2024_12_02.pdf
2024,12,2024-12,13,GWM,3122,0.0128,https://www.fenabrave.org.br/portal/files/2024_12_02.pdf
2024,12,2024-12,14,CITROEN,3050,0.0125,https://www.fenabrave.org.br/portal/files/2024_12_02.pdf
2024,12,2024-12,15,PEUGEOT,2974,0.012199999999999999,https://www.fenabrave.org.br/portal/files/2024_12_02.pdf
2024,12,2024-12,16,RAM,2239,0.0092,https://www.fenabrave.org.br/portal/files/2024_12_02.pdf
2024,12,2024-12,17,MITSUBISHI,1987,0.008199999999999999,https://www.fenabrave.org.br/portal/files/2024_12_02.pdf
2024,12,2024-12,18,BMW,1804,0.0074,https://www.fenabrave.org.br/portal/files/2024_12_02.pdf
2024,12,2024-12,19,M.BENZ,896,0.0037,https://www.fenabrave.org.br/portal/files/2024_12_02.pdf
2024,12,2024-12,20,VOLVO,791,0.0032,https://www.fenabrave.org.br/portal/files/2024_12_02.pdf
2024,12,2024-12,21,AUDI,656,0.0027,https://www.fenabrave.org.br/portal/files/2024_12_02.pdf
2025,1,2025-01,1,FIAT,34352,0.21489999999999998,https://www.fenabrave.org.br/portal/files/2025_01_02.pdf
2025,1,2025-01,2,VW,21126,0.1322,https://www.fenabrave.org.br/portal/files/2025_01_02.pdf
2025,1,2025-01,3,GM,19649,0.1229,https://www.fenabrave.org.br/portal/files/2025_01_02.pdf
2025,1,2025-01,4,TOYOTA,11576,0.0724,https://www.fenabrave.org.br/portal/files/2025_01_02.pdf
2025,1,2025-01,5,HYUNDAI,9937,0.0622,https://www.fenabrave.org.br/portal/files/2025_01_02.pdf
2025,1,2025-01,6,JEEP,9231,0.057699999999999994,https://www.fenabrave.org.br/portal/files/2025_01_02.pdf
2025,1,2025-01,7,RENAULT,8216,0.051399999999999994,https://www.fenabrave.org.br/portal/files/2025_01_02.pdf
2025,1,2025-01,8,HONDA,7402,0.0463,https://www.fenabrave.org.br/portal/files/2025_01_02.pdf
2025,1,2025-01,9,BYD,6581,0.0412,https://www.fenabrave.org.br/portal/files/2025_01_02.pdf
2025,1,2025-01,10,NISSAN,6538,0.0409,https://www.fenabrave.org.br/portal/files/2025_01_02.pdf
2025,1,2025-01,11,CAOA CHERY,4686,0.029300000000000003,https://www.fenabrave.org.br/portal/files/2025_01_02.pdf
2025,1,2025-01,12,FORD,3914,0.0245,https://www.fenabrave.org.br/portal/files/2025_01_02.pdf
2025,1,2025-01,13,CITROEN,2726,0.0171,https://www.fenabrave.org.br/portal/files/2025_01_02.pdf
2025,1,2025-01,14,GWM,2590,0.016200000000000003,https://www.fenabrave.org.br/portal/files/2025_01_02.pdf
2025,1,2025-01,15,PEUGEOT,2300,0.0144,https://www.fenabrave.org.br/portal/files/2025_01_02.pdf
2025,1,2025-01,16,RAM,2004,0.0125,https://www.fenabrave.org.br/portal/files/2025_01_02.pdf
2025,1,2025-01,17,MITSUBISHI,1770,0.0111,https://www.fenabrave.org.br/portal/files/2025_01_02.pdf
2025,1,2025-01,18,BMW,1210,0.0076,https://www.fenabrave.org.br/portal/files/2025_01_02.pdf
2025,1,2025-01,19,M.BENZ,664,0.0042,https://www.fenabrave.org.br/portal/files/2025_01_02.pdf
2025,1,2025-01,20,VOLVO,656,0.0040999999999999995,https://www.fenabrave.org.br/portal/files/2025_01_02.pdf
2025,1,2025-01,21,PORSCHE,458,0.0029,https://www.fenabrave.org.br/portal/files/2025_01_02.pdf
2025,2,2025-02,1,FIAT,37357,0.21489999999999998,https://www.fenabrave.org.br/portal/files/2025_02_02.pdf
2025,2,2025-02,2,VW,27422,0.1578,https://www.fenabrave.org.br/portal/files/2025_02_02.pdf
2025,2,2025-02,3,GM,15993,0.092,https://www.fenabrave.org.br/portal/files/2025_02_02.pdf
2025,2,2025-02,4,TOYOTA,15892,0.09140000000000001,https://www.fenabrave.org.br/portal/files/2025_02_02.pdf
2025,2,2025-02,5,HYUNDAI,11813,0.068,https://www.fenabrave.org.br/portal/files/2025_02_02.pdf
2025,2,2025-02,6,RENAULT,10118,0.0582,https://www.fenabrave.org.br/portal/files/2025_02_02.pdf
2025,2,2025-02,7,JEEP,9172,0.0528,https://www.fenabrave.org.br/portal/files/2025_02_02.pdf
2025,2,2025-02,8,HONDA,8315,0.0478,https://www.fenabrave.org.br/portal/files/2025_02_02.pdf
2025,2,2025-02,9,BYD,7030,0.0404,https://www.fenabrave.org.br/portal/files/2025_02_02.pdf
2025,2,2025-02,10,NISSAN,5914,0.034,https://www.fenabrave.org.br/portal/files/2025_02_02.pdf
2025,2,2025-02,11,CAOA CHERY,4160,0.0239,https://www.fenabrave.org.br/portal/files/2025_02_02.pdf
2025,2,2025-02,12,FORD,3572,0.0206,https://www.fenabrave.org.br/portal/files/2025_02_02.pdf
2025,2,2025-02,13,CITROEN,3282,0.0189,https://www.fenabrave.org.br/portal/files/2025_02_02.pdf
2025,2,2025-02,14,RAM,2323,0.0134,https://www.fenabrave.org.br/portal/files/2025_02_02.pdf
2025,2,2025-02,15,MITSUBISHI,2077,0.011899999999999999,https://www.fenabrave.org.br/portal/files/2025_02_02.pdf
2025,2,2025-02,16,GWM,2009,0.0116,https://www.fenabrave.org.br/portal/files/2025_02_02.pdf
2025,2,2025-02,17,PEUGEOT,1978,0.011399999999999999,https://www.fenabrave.org.br/portal/files/2025_02_02.pdf
2025,2,2025-02,18,BMW,1089,0.0063,https://www.fenabrave.org.br/portal/files/2025_02_02.pdf
2025,2,2025-02,19,M.BENZ,798,0.0046,https://www.fenabrave.org.br/portal/files/2025_02_02.pdf
2025,2,2025-02,20,VOLVO,734,0.0042,https://www.fenabrave.org.br/portal/files/2025_02_02.pdf
2025,2,2025-02,21,AUDI,409,0.0024,https://www.fenabrave.org.br/portal/files/2025_02_02.pdf
2025,3,2025-03,1,FIAT,38874,0.2112,https://www.fenabrave.org.br/portal/files/2025_03_02.pdf
2025,3,2025-03,2,VW,30273,0.16449999999999998,https://www.fenabrave.org.br/portal/files/2025_03_02.pdf
2025,3,2025-03,3,GM,20162,0.10949999999999999,https://www.fenabrave.org.br/portal/files/2025_03_02.pdf
2025,3,2025-03,4,TOYOTA,14691,0.07980000000000001,https://www.fenabrave.org.br/portal/files/2025_03_02.pdf
2025,3,2025-03,5,HYUNDAI,12731,0.0692,https://www.fenabrave.org.br/portal/files/2025_03_02.pdf
2025,3,2025-03,6,RENAULT,11404,0.062,https://www.fenabrave.org.br/portal/files/2025_03_02.pdf
2025,3,2025-03,7,HONDA,8227,0.0447,https://www.fenabrave.org.br/portal/files/2025_03_02.pdf
2025,3,2025-03,8,JEEP,8170,0.0444,https://www.fenabrave.org.br/portal/files/2025_03_02.pdf
2025,3,2025-03,9,BYD,8061,0.0438,https://www.fenabrave.org.br/portal/files/2025_03_02.pdf
2025,3,2025-03,10,NISSAN,6870,0.0373,https://www.fenabrave.org.br/portal/files/2025_03_02.pdf
2025,3,2025-03,11,CAOA CHERY,3872,0.021,https://www.fenabrave.org.br/portal/files/2025_03_02.pdf
2025,3,2025-03,12,FORD,3645,0.019799999999999998,https://www.fenabrave.org.br/portal/files/2025_03_02.pdf
2025,3,2025-03,13,CITROEN,3369,0.0183,https://www.fenabrave.org.br/portal/files/2025_03_02.pdf
2025,3,2025-03,14,RAM,2181,0.011899999999999999,https://www.fenabrave.org.br/portal/files/2025_03_02.pdf
2025,3,2025-03,15,MITSUBISHI,2096,0.011399999999999999,https://www.fenabrave.org.br/portal/files/2025_03_02.pdf
2025,3,2025-03,16,GWM,2092,0.011399999999999999,https://www.fenabrave.org.br/portal/files/2025_03_02.pdf
2025,3,2025-03,17,PEUGEOT,1676,0.0091,https://www.fenabrave.org.br/portal/files/2025_03_02.pdf
2025,3,2025-03,18,BMW,1188,0.006500000000000001,https://www.fenabrave.org.br/portal/files/2025_03_02.pdf
2025,3,2025-03,19,VOLVO,707,0.0038,https://www.fenabrave.org.br/portal/files/2025_03_02.pdf
2025,3,2025-03,20,M.BENZ,700,0.0038,https://www.fenabrave.org.br/portal/files/2025_03_02.pdf
2025,3,2025-03,21,PORSCHE,558,0.003,https://www.fenabrave.org.br/portal/files/2025_03_02.pdf
2025,4,2025-04,1,FIAT,42907,0.2177,https://www.fenabrave.org.br/portal/files/2025_04_02.pdf
2025,4,2025-04,2,VW,32305,0.16390000000000002,https://www.fenabrave.org.br/portal/files/2025_04_02.pdf
2025,4,2025-04,3,GM,20521,0.1041,https://www.fenabrave.org.br/portal/files/2025_04_02.pdf
2025,4,2025-04,4,HYUNDAI,16613,0.0843,https://www.fenabrave.org.br/portal/files/2025_04_02.pdf
2025,4,2025-04,5,TOYOTA,16326,0.08289999999999999,https://www.fenabrave.org.br/portal/files/2025_04_02.pdf
2025,4,2025-04,6,RENAULT,9717,0.0493,https://www.fenabrave.org.br/portal/files/2025_04_02.pdf
2025,4,2025-04,7,JEEP,9297,0.0472,https://www.fenabrave.org.br/portal/files/2025_04_02.pdf
2025,4,2025-04,8,BYD,8481,0.043,https://www.fenabrave.org.br/portal/files/2025_04_02.pdf
2025,4,2025-04,9,HONDA,8297,0.0421,https://www.fenabrave.org.br/portal/files/2025_04_02.pdf
2025,4,2025-04,10,NISSAN,5421,0.0275,https://www.fenabrave.org.br/portal/files/2025_04_02.pdf
2025,4,2025-04,11,CAOA CHERY,4643,0.0236,https://www.fenabrave.org.br/portal/files/2025_04_02.pdf
2025,4,2025-04,12,FORD,3862,0.0196,https://www.fenabrave.org.br/portal/files/2025_04_02.pdf
2025,4,2025-04,13,CITROEN,3695,0.018799999999999997,https://www.fenabrave.org.br/portal/files/2025_04_02.pdf
2025,4,2025-04,14,MITSUBISHI,2417,0.0123,https://www.fenabrave.org.br/portal/files/2025_04_02.pdf
2025,4,2025-04,15,RAM,2388,0.0121,https://www.fenabrave.org.br/portal/files/2025_04_02.pdf
2025,4,2025-04,16,GWM,2331,0.0118,https://www.fenabrave.org.br/portal/files/2025_04_02.pdf
2025,4,2025-04,17,PEUGEOT,1797,0.0091,https://www.fenabrave.org.br/portal/files/2025_04_02.pdf
2025,4,2025-04,18,BMW,1398,0.0070999999999999995,https://www.fenabrave.org.br/portal/files/2025_04_02.pdf
2025,4,2025-04,19,M.BENZ,887,0.0045000000000000005,https://www.fenabrave.org.br/portal/files/2025_04_02.pdf
2025,4,2025-04,20,VOLVO,792,0.004,https://www.fenabrave.org.br/portal/files/2025_04_02.pdf
2025,4,2025-04,21,PORSCHE,468,0.0024,https://www.fenabrave.org.br/portal/files/2025_04_02.pdf
2025,5,2025-05,1,FIAT,46097,0.215,https://www.fenabrave.org.br/portal/files/2025_05_02.pdf
2025,5,2025-05,2,VW,37199,0.17350000000000002,https://www.fenabrave.org.br/portal/files/2025_05_02.pdf
2025,5,2025-05,3,GM,21597,0.1008,https://www.fenabrave.org.br/portal/files/2025_05_02.pdf
2025,5,2025-05,4,HYUNDAI,19025,0.0888,https://www.fenabrave.org.br/portal/files/2025_05_02.pdf
2025,5,2025-05,5,TOYOTA,15615,0.0728,https://www.fenabrave.org.br/portal/files/2025_05_02.pdf
2025,5,2025-05,6,RENAULT,10885,0.0508,https://www.fenabrave.org.br/portal/files/2025_05_02.pdf
2025,5,2025-05,7,JEEP,10530,0.049100000000000005,https://www.fenabrave.org.br/portal/files/2025_05_02.pdf
2025,5,2025-05,8,BYD,9396,0.0438,https://www.fenabrave.org.br/portal/files/2025_05_02.pdf
2025,5,2025-05,9,HONDA,9260,0.0432,https://www.fenabrave.org.br/portal/files/2025_05_02.pdf
2025,5,2025-05,10,CAOA CHERY,6152,0.0287,https://www.fenabrave.org.br/portal/files/2025_05_02.pdf
2025,5,2025-05,11,NISSAN,5073,0.023700000000000002,https://www.fenabrave.org.br/portal/files/2025_05_02.pdf
2025,5,2025-05,12,FORD,3513,0.016399999999999998,https://www.fenabrave.org.br/portal/files/2025_05_02.pdf
2025,5,2025-05,13,GWM,3216,0.015,https://www.fenabrave.org.br/portal/files/2025_05_02.pdf
2025,5,2025-05,14,CITROEN,3169,0.0148,https://www.fenabrave.org.br/portal/files/2025_05_02.pdf
2025,5,2025-05,15,RAM,2541,0.011899999999999999,https://www.fenabrave.org.br/portal/files/2025_05_02.pdf
2025,5,2025-05,16,MITSUBISHI,2503,0.011699999999999999,https://www.fenabrave.org.br/portal/files/2025_05_02.pdf
2025,5,2025-05,17,PEUGEOT,2091,0.0098,https://www.fenabrave.org.br/portal/files/2025_05_02.pdf
2025,5,2025-05,18,BMW,1443,0.0067,https://www.fenabrave.org.br/portal/files/2025_05_02.pdf
2025,5,2025-05,19,M.BENZ,935,0.0044,https://www.fenabrave.org.br/portal/files/2025_05_02.pdf
2025,5,2025-05,20,VOLVO,790,0.0037,https://www.fenabrave.org.br/portal/files/2025_05_02.pdf
2025,5,2025-05,21,IVECO,530,0.0025,https://www.fenabrave.org.br/portal/files/2025_05_02.pdf
2025,6,2025-06,1,FIAT,41834,0.2069,https://www.fenabrave.org.br/portal/files/2025_06_02.pdf
2025,6,2025-06,2,VW,37051,0.1833,https://www.fenabrave.org.br/portal/files/2025_06_02.pdf
2025,6,2025-06,3,GM,21923,0.1084,https://www.fenabrave.org.br/portal/files/2025_06_02.pdf
2025,6,2025-06,4,HYUNDAI,16200,0.0801,https://www.fenabrave.org.br/portal/files/2025_06_02.pdf
2025,6,2025-06,5,TOYOTA,14908,0.0737,https://www.fenabrave.org.br/portal/files/2025_06_02.pdf
2025,6,2025-06,6,RENAULT,10403,0.051500000000000004,https://www.fenabrave.org.br/portal/files/2025_06_02.pdf
2025,6,2025-06,7,HONDA,9186,0.0454,https://www.fenabrave.org.br/portal/files/2025_06_02.pdf
2025,6,2025-06,8,JEEP,9157,0.0453,https://www.fenabrave.org.br/portal/files/2025_06_02.pdf
2025,6,2025-06,9,BYD,8163,0.0404,https://www.fenabrave.org.br/portal/files/2025_06_02.pdf
2025,6,2025-06,10,NISSAN,5180,0.0256,https://www.fenabrave.org.br/portal/files/2025_06_02.pdf
2025,6,2025-06,11,CAOA CHERY,4742,0.0235,https://www.fenabrave.org.br/portal/files/2025_06_02.pdf
2025,6,2025-06,12,FORD,3944,0.0195,https://www.fenabrave.org.br/portal/files/2025_06_02.pdf
2025,6,2025-06,13,CITROEN,3403,0.0168,https://www.fenabrave.org.br/portal/files/2025_06_02.pdf
2025,6,2025-06,14,GWM,3021,0.0149,https://www.fenabrave.org.br/portal/files/2025_06_02.pdf
2025,6,2025-06,15,MITSUBISHI,2505,0.0124,https://www.fenabrave.org.br/portal/files/2025_06_02.pdf
2025,6,2025-06,16,RAM,2251,0.0111,https://www.fenabrave.org.br/portal/files/2025_06_02.pdf
2025,6,2025-06,17,PEUGEOT,1765,0.0087,https://www.fenabrave.org.br/portal/files/2025_06_02.pdf
2025,6,2025-06,18,BMW,1300,0.0064,https://www.fenabrave.org.br/portal/files/2025_06_02.pdf
2025,6,2025-06,19,M.BENZ,959,0.004699999999999999,https://www.fenabrave.org.br/portal/files/2025_06_02.pdf
2025,6,2025-06,20,VOLVO,796,0.0039000000000000003,https://www.fenabrave.org.br/portal/files/2025_06_02.pdf
2025,6,2025-06,21,PORSCHE,469,0.0023,https://www.fenabrave.org.br/portal/files/2025_06_02.pdf
2025,7,2025-07,1,FIAT,50604,0.22010000000000002,https://www.fenabrave.org.br/portal/files/2025_07_02.pdf
2025,7,2025-07,2,VW,41630,0.18100000000000002,https://www.fenabrave.org.br/portal/files/2025_07_02.pdf
2025,7,2025-07,3,GM,24441,0.1063,https://www.fenabrave.org.br/portal/files/2025_07_02.pdf
2025,7,2025-07,4,TOYOTA,17291,0.07519999999999999,https://www.fenabrave.org.br/portal/files/2025_07_02.pdf
2025,7,2025-07,5,HYUNDAI,16572,0.0721,https://www.fenabrave.org.br/portal/files/2025_07_02.pdf
2025,7,2025-07,6,JEEP,9960,0.0433,https://www.fenabrave.org.br/portal/files/2025_07_02.pdf
2025,7,2025-07,7,RENAULT,9862,0.0429,https://www.fenabrave.org.br/portal/files/2025_07_02.pdf
2025,7,2025-07,8,BYD,9693,0.042199999999999994,https://www.fenabrave.org.br/portal/files/2025_07_02.pdf
2025,7,2025-07,9,NISSAN,7939,0.0345,https://www.fenabrave.org.br/portal/files/2025_07_02.pdf
2025,7,2025-07,10,HONDA,7433,0.0323,https://www.fenabrave.org.br/portal/files/2025_07_02.pdf
2025,7,2025-07,11,CAOA CHERY,6722,0.0292,https://www.fenabrave.org.br/portal/files/2025_07_02.pdf
2025,7,2025-07,12,FORD,5783,0.025099999999999997,https://www.fenabrave.org.br/portal/files/2025_07_02.pdf
2025,7,2025-07,13,GWM,3932,0.0171,https://www.fenabrave.org.br/portal/files/2025_07_02.pdf
2025,7,2025-07,14,CITROEN,3370,0.0147,https://www.fenabrave.org.br/portal/files/2025_07_02.pdf
2025,7,2025-07,15,MITSUBISHI,2826,0.0123,https://www.fenabrave.org.br/portal/files/2025_07_02.pdf
2025,7,2025-07,16,RAM,2164,0.009399999999999999,https://www.fenabrave.org.br/portal/files/2025_07_02.pdf
2025,7,2025-07,17,PEUGEOT,1966,0.0085,https://www.fenabrave.org.br/portal/files/2025_07_02.pdf
2025,7,2025-07,18,BMW,1567,0.0068000000000000005,https://www.fenabrave.org.br/portal/files/2025_07_02.pdf
2025,7,2025-07,19,M.BENZ,851,0.0037,https://www.fenabrave.org.br/portal/files/2025_07_02.pdf
2025,7,2025-07,20,VOLVO,731,0.0032,https://www.fenabrave.org.br/portal/files/2025_07_02.pdf
2025,7,2025-07,21,OMODA JAECOO,721,0.0031,https://www.fenabrave.org.br/portal/files/2025_07_02.pdf
2025,8,2025-08,1,FIAT,45373,0.2115,https://www.fenabrave.org.br/portal/files/2025_08_02.pdf
2025,8,2025-08,2,VW,39230,0.18289999999999998,https://www.fenabrave.org.br/portal/files/2025_08_02.pdf
2025,8,2025-08,3,GM,21964,0.1024,https://www.fenabrave.org.br/portal/files/2025_08_02.pdf
2025,8,2025-08,4,HYUNDAI,16929,0.0789,https://www.fenabrave.org.br/portal/files/2025_08_02.pdf
2025,8,2025-08,5,TOYOTA,15625,0.0728,https://www.fenabrave.org.br/portal/files/2025_08_02.pdf
2025,8,2025-08,6,RENAULT,10798,0.050300000000000004,https://www.fenabrave.org.br/portal/files/2025_08_02.pdf
2025,8,2025-08,7,BYD,9815,0.0458,https://www.fenabrave.org.br/portal/files/2025_08_02.pdf
2025,8,2025-08,8,JEEP,9045,0.042199999999999994,https://www.fenabrave.org.br/portal/files/2025_08_02.pdf
2025,8,2025-08,9,HONDA,7473,0.0348,https://www.fenabrave.org.br/portal/files/2025_08_02.pdf
2025,8,2025-08,10,CAOA CHERY,6750,0.0315,https://www.fenabrave.org.br/portal/files/2025_08_02.pdf
2025,8,2025-08,11,NISSAN,6039,0.0282,https://www.fenabrave.org.br/portal/files/2025_08_02.pdf
2025,8,2025-08,12,FORD,5141,0.024,https://www.fenabrave.org.br/portal/files/2025_08_02.pdf
2025,8,2025-08,13,GWM,3924,0.0183,https://www.fenabrave.org.br/portal/files/2025_08_02.pdf
2025,8,2025-08,14,MITSUBISHI,2489,0.0116,https://www.fenabrave.org.br/portal/files/2025_08_02.pdf
2025,8,2025-08,15,CITROEN,2432,0.0113,https://www.fenabrave.org.br/portal/files/2025_08_02.pdf
2025,8,2025-08,16,RAM,2101,0.0098,https://www.fenabrave.org.br/portal/files/2025_08_02.pdf
2025,8,2025-08,17,BMW,1576,0.0073,https://www.fenabrave.org.br/portal/files/2025_08_02.pdf
2025,8,2025-08,18,PEUGEOT,1576,0.0073,https://www.fenabrave.org.br/portal/files/2025_08_02.pdf
2025,8,2025-08,19,M.BENZ,855,0.004,https://www.fenabrave.org.br/portal/files/2025_08_02.pdf
2025,8,2025-08,20,VOLVO,812,0.0038,https://www.fenabrave.org.br/portal/files/2025_08_02.pdf
2025,8,2025-08,21,OMODA JAECOO,720,0.0034000000000000002,https://www.fenabrave.org.br/portal/files/2025_08_02.pdf
2025,9,2025-09,1,FIAT,47246,0.20420000000000002,https://www.fenabrave.org.br/portal/files/2025_09_02.pdf
2025,9,2025-09,2,VW,39686,0.17149999999999999,https://www.fenabrave.org.br/portal/files/2025_09_02.pdf
2025,9,2025-09,3,GM,25706,0.11109999999999999,https://www.fenabrave.org.br/portal/files/2025_09_02.pdf
2025,9,2025-09,4,HYUNDAI,19004,0.0821,https://www.fenabrave.org.br/portal/files/2025_09_02.pdf
2025,9,2025-09,5,TOYOTA,16108,0.0696,https://www.fenabrave.org.br/portal/files/2025_09_02.pdf
2025,9,2025-09,6,RENAULT,11565,0.05,https://www.fenabrave.org.br/portal/files/2025_09_02.pdf
2025,9,2025-09,7,JEEP,11540,0.0499,https://www.fenabrave.org.br/portal/files/2025_09_02.pdf
2025,9,2025-09,8,BYD,10024,0.0433,https://www.fenabrave.org.br/portal/files/2025_09_02.pdf
2025,9,2025-09,9,HONDA,7982,0.0345,https://www.fenabrave.org.br/portal/files/2025_09_02.pdf
2025,9,2025-09,10,NISSAN,7721,0.0334,https://www.fenabrave.org.br/portal/files/2025_09_02.pdf
2025,9,2025-09,11,CAOA CHERY,7366,0.0318,https://www.fenabrave.org.br/portal/files/2025_09_02.pdf
2025,9,2025-09,12,FORD,5391,0.0233,https://www.fenabrave.org.br/portal/files/2025_09_02.pdf
2025,9,2025-09,13,GWM,4045,0.0175,https://www.fenabrave.org.br/portal/files/2025_09_02.pdf
2025,9,2025-09,14,CITROEN,2623,0.0113,https://www.fenabrave.org.br/portal/files/2025_09_02.pdf
2025,9,2025-09,15,RAM,2496,0.0108,https://www.fenabrave.org.br/portal/files/2025_09_02.pdf
2025,9,2025-09,16,MITSUBISHI,2486,0.010700000000000001,https://www.fenabrave.org.br/portal/files/2025_09_02.pdf
2025,9,2025-09,17,PEUGEOT,1798,0.0078000000000000005,https://www.fenabrave.org.br/portal/files/2025_09_02.pdf
2025,9,2025-09,18,BMW,1498,0.006500000000000001,https://www.fenabrave.org.br/portal/files/2025_09_02.pdf
2025,9,2025-09,19,M.BENZ,1010,0.0044,https://www.fenabrave.org.br/portal/files/2025_09_02.pdf
2025,9,2025-09,20,VOLVO,902,0.0039000000000000003,https://www.fenabrave.org.br/portal/files/2025_09_02.pdf
2025,9,2025-09,21,OMODA JAECOO,838,0.0036,https://www.fenabrave.org.br/portal/files/2025_09_02.pdf
2025,10,2025-10,1,FIAT,50652,0.2043,https://www.fenabrave.org.br/portal/files/2025_10_02.pdf
2025,10,2025-10,2,VW,41767,0.1685,https://www.fenabrave.org.br/portal/files/2025_10_02.pdf
2025,10,2025-10,3,GM,26939,0.10869999999999999,https://www.fenabrave.org.br/portal/files/2025_10_02.pdf
2025,10,2025-10,4,HYUNDAI,24170,0.0975,https://www.fenabrave.org.br/portal/files/2025_10_02.pdf
2025,10,2025-10,5,TOYOTA,12763,0.051500000000000004,https://www.fenabrave.org.br/portal/files/2025_10_02.pdf
2025,10,2025-10,6,JEEP,12700,0.0512,https://www.fenabrave.org.br/portal/files/2025_10_02.pdf
2025,10,2025-10,7,RENAULT,11993,0.0484,https://www.fenabrave.org.br/portal/files/2025_10_02.pdf
2025,10,2025-10,8,BYD,10194,0.041100000000000005,https://www.fenabrave.org.br/portal/files/2025_10_02.pdf
2025,10,2025-10,9,HONDA,10067,0.0406,https://www.fenabrave.org.br/portal/files/2025_10_02.pdf
2025,10,2025-10,10,CAOA CHERY,8083,0.0326,https://www.fenabrave.org.br/portal/files/2025_10_02.pdf
2025,10,2025-10,11,NISSAN,7159,0.028900000000000002,https://www.fenabrave.org.br/portal/files/2025_10_02.pdf
2025,10,2025-10,12,FORD,5512,0.0222,https://www.fenabrave.org.br/portal/files/2025_10_02.pdf
2025,10,2025-10,13,GWM,5227,0.021099999999999997,https://www.fenabrave.org.br/portal/files/2025_10_02.pdf
2025,10,2025-10,14,CITROEN,3498,0.0141,https://www.fenabrave.org.br/portal/files/2025_10_02.pdf
2025,10,2025-10,15,RAM,3298,0.013300000000000001,https://www.fenabrave.org.br/portal/files/2025_10_02.pdf
2025,10,2025-10,16,MITSUBISHI,2603,0.0105,https://www.fenabrave.org.br/portal/files/2025_10_02.pdf
2025,10,2025-10,17,PEUGEOT,1794,0.0072,https://www.fenabrave.org.br/portal/files/2025_10_02.pdf
2025,10,2025-10,18,BMW,1530,0.0062,https://www.fenabrave.org.br/portal/files/2025_10_02.pdf
2025,10,2025-10,19,M.BENZ,1240,0.005,https://www.fenabrave.org.br/portal/files/2025_10_02.pdf
2025,10,2025-10,20,VOLVO,979,0.0039000000000000003,https://www.fenabrave.org.br/portal/files/2025_10_02.pdf
2025,10,2025-10,21,OMODA JAECOO,862,0.0034999999999999996,https://www.fenabrave.org.br/portal/files/2025_10_02.pdf
2025,11,2025-11,1,FIAT,45106,0.1986,https://www.fenabrave.org.br/portal/files/2025_11_02.pdf
2025,11,2025-11,2,VW,40863,0.17989999999999998,https://www.fenabrave.org.br/portal/files/2025_11_02.pdf
2025,11,2025-11,3,GM,27518,0.1211,https://www.fenabrave.org.br/portal/files/2025_11_02.pdf
2025,11,2025-11,4,HYUNDAI,19968,0.08789999999999999,https://www.fenabrave.org.br/portal/files/2025_11_02.pdf
2025,11,2025-11,5,RENAULT,13663,0.0601,https://www.fenabrave.org.br/portal/files/2025_11_02.pdf
2025,11,2025-11,6,JEEP,11964,0.0527,https://www.fenabrave.org.br/portal/files/2025_11_02.pdf
2025,11,2025-11,7,BYD,9808,0.0432,https://www.fenabrave.org.br/portal/files/2025_11_02.pdf
2025,11,2025-11,8,HONDA,8975,0.0395,https://www.fenabrave.org.br/portal/files/2025_11_02.pdf
2025,11,2025-11,9,TOYOTA,8077,0.0356,https://www.fenabrave.org.br/portal/files/2025_11_02.pdf
2025,11,2025-11,10,CAOA CHERY,7052,0.031,https://www.fenabrave.org.br/portal/files/2025_11_02.pdf
2025,11,2025-11,11,NISSAN,6516,0.0287,https://www.fenabrave.org.br/portal/files/2025_11_02.pdf
2025,11,2025-11,12,GWM,4924,0.0217,https://www.fenabrave.org.br/portal/files/2025_11_02.pdf
2025,11,2025-11,13,FORD,4535,0.02,https://www.fenabrave.org.br/portal/files/2025_11_02.pdf
2025,11,2025-11,14,CITROEN,3282,0.0144,https://www.fenabrave.org.br/portal/files/2025_11_02.pdf
2025,11,2025-11,15,RAM,2545,0.011200000000000002,https://www.fenabrave.org.br/portal/files/2025_11_02.pdf
2025,11,2025-11,16,MITSUBISHI,2165,0.0095,https://www.fenabrave.org.br/portal/files/2025_11_02.pdf
2025,11,2025-11,17,PEUGEOT,1529,0.0067,https://www.fenabrave.org.br/portal/files/2025_11_02.pdf
2025,11,2025-11,18,BMW,1479,0.006500000000000001,https://www.fenabrave.org.br/portal/files/2025_11_02.pdf
2025,11,2025-11,19,OMODA JAECOO,1213,0.0053,https://www.fenabrave.org.br/portal/files/2025_11_02.pdf
2025,11,2025-11,20,GEELY,985,0.0043,https://www.fenabrave.org.br/portal/files/2025_11_02.pdf
2025,11,2025-11,21,M.BENZ,836,0.0037,https://www.fenabrave.org.br/portal/files/2025_11_02.pdf
2025,12,2025-12,1,FIAT,53339,0.1997,https://www.fenabrave.org.br/portal/files/2025_12_02.pdf
2025,12,2025-12,2,VW,47775,0.1789,https://www.fenabrave.org.br/portal/files/2025_12_02.pdf
2025,12,2025-12,3,GM,29565,0.1107,https://www.fenabrave.org.br/portal/files/2025_12_02.pdf
2025,12,2025-12,4,HYUNDAI,20632,0.07719999999999999,https://www.fenabrave.org.br/portal/files/2025_12_02.pdf
2025,12,2025-12,5,BYD,15659,0.058600000000000006,https://www.fenabrave.org.br/portal/files/2025_12_02.pdf
2025,12,2025-12,6,JEEP,13358,0.05,https://www.fenabrave.org.br/portal/files/2025_12_02.pdf
2025,12,2025-12,7,RENAULT,13105,0.049100000000000005,https://www.fenabrave.org.br/portal/files/2025_12_02.pdf
2025,12,2025-12,8,TOYOTA,11773,0.0441,https://www.fenabrave.org.br/portal/files/2025_12_02.pdf
2025,12,2025-12,9,HONDA,10832,0.0406,https://www.fenabrave.org.br/portal/files/2025_12_02.pdf
2025,12,2025-12,10,NISSAN,7444,0.0279,https://www.fenabrave.org.br/portal/files/2025_12_02.pdf
2025,12,2025-12,11,CAOA CHERY,7208,0.027000000000000003,https://www.fenabrave.org.br/portal/files/2025_12_02.pdf
2025,12,2025-12,12,FORD,5667,0.0212,https://www.fenabrave.org.br/portal/files/2025_12_02.pdf
2025,12,2025-12,13,GWM,5483,0.020499999999999997,https://www.fenabrave.org.br/portal/files/2025_12_02.pdf
2025,12,2025-12,14,CITROEN,5042,0.0189,https://www.fenabrave.org.br/portal/files/2025_12_02.pdf
2025,12,2025-12,15,RAM,3143,0.0118,https://www.fenabrave.org.br/portal/files/2025_12_02.pdf
2025,12,2025-12,16,PEUGEOT,2859,0.010700000000000001,https://www.fenabrave.org.br/portal/files/2025_12_02.pdf
2025,12,2025-12,17,MITSUBISHI,2253,0.0084,https://www.fenabrave.org.br/portal/files/2025_12_02.pdf
2025,12,2025-12,18,OMODA JAECOO,1943,0.0073,https://www.fenabrave.org.br/portal/files/2025_12_02.pdf
2025,12,2025-12,19,GEELY,1731,0.006500000000000001,https://www.fenabrave.org.br/portal/files/2025_12_02.pdf
2025,12,2025-12,20,BMW,1584,0.0059,https://www.fenabrave.org.br/portal/files/2025_12_02.pdf
2025,12,2025-12,21,VOLVO,1140,0.0043,https://www.fenabrave.org.br/portal/files/2025_12_02.pdf
2026,1,2026-01,1,FIAT,34260,0.2109,https://www.fenabrave.org.br/portal/files/2026_01_02.pdf
2026,1,2026-01,2,VW,25737,0.15839999999999999,https://www.fenabrave.org.br/portal/files/2026_01_02.pdf
2026,1,2026-01,3,GM,16164,0.09949999999999999,https://www.fenabrave.org.br/portal/files/2026_01_02.pdf
2026,1,2026-01,4,HYUNDAI,10207,0.06280000000000001,https://www.fenabrave.org.br/portal/files/2026_01_02.pdf
2026,1,2026-01,5,BYD,9801,0.0603,https://www.fenabrave.org.br/portal/files/2026_01_02.pdf
2026,1,2026-01,6,TOYOTA,9556,0.0588,https://www.fenabrave.org.br/portal/files/2026_01_02.pdf
2026,1,2026-01,7,JEEP,8893,0.0547,https://www.fenabrave.org.br/portal/files/2026_01_02.pdf
2026,1,2026-01,8,RENAULT,7787,0.0479,https://www.fenabrave.org.br/portal/files/2026_01_02.pdf
2026,1,2026-01,9,HONDA,6722,0.0414,https://www.fenabrave.org.br/portal/files/2026_01_02.pdf
2026,1,2026-01,10,NISSAN,4559,0.0281,https://www.fenabrave.org.br/portal/files/2026_01_02.pdf
2026,1,2026-01,11,GWM,4416,0.027200000000000002,https://www.fenabrave.org.br/portal/files/2026_01_02.pdf
2026,1,2026-01,12,FORD,3955,0.024300000000000002,https://www.fenabrave.org.br/portal/files/2026_01_02.pdf
2026,1,2026-01,13,CAOA CHERY,3548,0.0218,https://www.fenabrave.org.br/portal/files/2026_01_02.pdf
2026,1,2026-01,14,CITROEN,2536,0.015600000000000001,https://www.fenabrave.org.br/portal/files/2026_01_02.pdf
2026,1,2026-01,15,RAM,2224,0.0137,https://www.fenabrave.org.br/portal/files/2026_01_02.pdf
2026,1,2026-01,16,OMODA JAECOO,1689,0.0104,https://www.fenabrave.org.br/portal/files/2026_01_02.pdf
2026,1,2026-01,17,PEUGEOT,1534,0.009399999999999999,https://www.fenabrave.org.br/portal/files/2026_01_02.pdf
2026,1,2026-01,18,MITSUBISHI,1352,0.0083,https://www.fenabrave.org.br/portal/files/2026_01_02.pdf
2026,1,2026-01,19,GEELY,1337,0.008199999999999999,https://www.fenabrave.org.br/portal/files/2026_01_02.pdf
2026,1,2026-01,20,BMW,960,0.0059,https://www.fenabrave.org.br/portal/files/2026_01_02.pdf
2026,1,2026-01,21,VOLVO,719,0.0044,https://www.fenabrave.org.br/portal/files/2026_01_02.pdf
2026,2,2026-02,1,FIAT,39670,0.22440000000000002,https://www.fenabrave.org.br/portal/files/2026_02_02.pdf
2026,2,2026-02,2,VW,29108,0.1646,https://www.fenabrave.org.br/portal/files/2026_02_02.pdf
2026,2,2026-02,3,GM,16874,0.09539999999999998,https://www.fenabrave.org.br/portal/files/2026_02_02.pdf
2026,2,2026-02,4,HYUNDAI,12139,0.0687,https://www.fenabrave.org.br/portal/files/2026_02_02.pdf
2026,2,2026-02,5,BYD,11430,0.0647,https://www.fenabrave.org.br/portal/files/2026_02_02.pdf
2026,2,2026-02,6,TOYOTA,10469,0.0592,https://www.fenabrave.org.br/portal/files/2026_02_02.pdf
2026,2,2026-02,7,RENAULT,9601,0.054299999999999994,https://www.fenabrave.org.br/portal/files/2026_02_02.pdf
2026,2,2026-02,8,JEEP,8236,0.0466,https://www.fenabrave.org.br/portal/files/2026_02_02.pdf
2026,2,2026-02,9,HONDA,7574,0.042800000000000005,https://www.fenabrave.org.br/portal/files/2026_02_02.pdf
2026,2,2026-02,10,NISSAN,4955,0.027999999999999997,https://www.fenabrave.org.br/portal/files/2026_02_02.pdf
2026,2,2026-02,11,GWM,4898,0.0277,https://www.fenabrave.org.br/portal/files/2026_02_02.pdf
2026,2,2026-02,12,FORD,3562,0.020099999999999996,https://www.fenabrave.org.br/portal/files/2026_02_02.pdf
2026,2,2026-02,13,CAOA CHERY,3401,0.0192,https://www.fenabrave.org.br/portal/files/2026_02_02.pdf
2026,2,2026-02,14,CITROEN,2248,0.0127,https://www.fenabrave.org.br/portal/files/2026_02_02.pdf
2026,2,2026-02,15,RAM,2035,0.0115,https://www.fenabrave.org.br/portal/files/2026_02_02.pdf
2026,2,2026-02,16,OMODA JAECOO,1834,0.0104,https://www.fenabrave.org.br/portal/files/2026_02_02.pdf
2026,2,2026-02,17,MITSUBISHI,1350,0.0076,https://www.fenabrave.org.br/portal/files/2026_02_02.pdf
2026,2,2026-02,18,PEUGEOT,1175,0.0066,https://www.fenabrave.org.br/portal/files/2026_02_02.pdf
2026,2,2026-02,19,BMW,1103,0.0062,https://www.fenabrave.org.br/portal/files/2026_02_02.pdf
2026,2,2026-02,20,M.BENZ,651,0.0037,https://www.fenabrave.org.br/portal/files/2026_02_02.pdf
2026,2,2026-02,21,GAC,467,0.0026,https://www.fenabrave.org.br/portal/files/2026_02_02.pdf
2026,3,2026-03,1,FIAT,52680,0.204,https://www.fenabrave.org.br/portal/files/2026_03_02.pdf
2026,3,2026-03,2,VW,42220,0.1635,https://www.fenabrave.org.br/portal/files/2026_03_02.pdf
2026,3,2026-03,3,GM,28135,0.109,https://www.fenabrave.org.br/portal/files/2026_03_02.pdf
2026,3,2026-03,4,HYUNDAI,19157,0.0742,https://www.fenabrave.org.br/portal/files/2026_03_02.pdf
2026,3,2026-03,5,BYD,16412,0.0636,https://www.fenabrave.org.br/portal/files/2026_03_02.pdf
2026,3,2026-03,6,TOYOTA,16020,0.062,https://www.fenabrave.org.br/portal/files/2026_03_02.pdf
2026,3,2026-03,7,RENAULT,12481,0.0483,https://www.fenabrave.org.br/portal/files/2026_03_02.pdf
2026,3,2026-03,8,JEEP,10117,0.0392,https://www.fenabrave.org.br/portal/files/2026_03_02.pdf
2026,3,2026-03,9,HONDA,9910,0.0384,https://www.fenabrave.org.br/portal/files/2026_03_02.pdf
2026,3,2026-03,10,NISSAN,8788,0.034,https://www.fenabrave.org.br/portal/files/2026_03_02.pdf
2026,3,2026-03,11,CAOA CHERY,8771,0.034,https://www.fenabrave.org.br/portal/files/2026_03_02.pdf
2026,3,2026-03,12,GWM,6600,0.0256,https://www.fenabrave.org.br/portal/files/2026_03_02.pdf
2026,3,2026-03,13,FORD,5040,0.0195,https://www.fenabrave.org.br/portal/files/2026_03_02.pdf
2026,3,2026-03,14,CITROEN,2873,0.0111,https://www.fenabrave.org.br/portal/files/2026_03_02.pdf
2026,3,2026-03,15,RAM,2595,0.01,https://www.fenabrave.org.br/portal/files/2026_03_02.pdf
2026,3,2026-03,16,OMODA JAECOO,2451,0.0095,https://www.fenabrave.org.br/portal/files/2026_03_02.pdf
2026,3,2026-03,17,PEUGEOT,1929,0.0075,https://www.fenabrave.org.br/portal/files/2026_03_02.pdf
2026,3,2026-03,18,MITSUBISHI,1712,0.0066,https://www.fenabrave.org.br/portal/files/2026_03_02.pdf
2026,3,2026-03,19,BMW,1453,0.005600000000000001,https://www.fenabrave.org.br/portal/files/2026_03_02.pdf
2026,3,2026-03,20,GEELY,1375,0.0053,https://www.fenabrave.org.br/portal/files/2026_03_02.pdf
2026,3,2026-03,21,M.BENZ,904,0.0034999999999999996,https://www.fenabrave.org.br/portal/files/2026_03_02.pdf
2026,4,2026-04,1,FIAT,45627,0.1923,https://www.fenabrave.org.br/portal/files/2026_04_02.pdf
2026,4,2026-04,2,VW,38903,0.16399999999999998,https://www.fenabrave.org.br/portal/files/2026_04_02.pdf
2026,4,2026-04,3,GM,25100,0.1058,https://www.fenabrave.org.br/portal/files/2026_04_02.pdf
2026,4,2026-04,4,HYUNDAI,18563,0.0782,https://www.fenabrave.org.br/portal/files/2026_04_02.pdf
2026,4,2026-04,5,BYD,18474,0.0779,https://www.fenabrave.org.br/portal/files/2026_04_02.pdf
2026,4,2026-04,6,TOYOTA,14613,0.0616,https://www.fenabrave.org.br/portal/files/2026_04_02.pdf
2026,4,2026-04,7,RENAULT,12083,0.0509,https://www.fenabrave.org.br/portal/files/2026_04_02.pdf
2026,4,2026-04,8,HONDA,9016,0.038,https://www.fenabrave.org.br/portal/files/2026_04_02.pdf
2026,4,2026-04,9,JEEP,8529,0.0359,https://www.fenabrave.org.br/portal/files/2026_04_02.pdf
2026,4,2026-04,10,CAOA CHERY,7482,0.0315,https://www.fenabrave.org.br/portal/files/2026_04_02.pdf
2026,4,2026-04,11,NISSAN,5451,0.023,https://www.fenabrave.org.br/portal/files/2026_04_02.pdf
2026,4,2026-04,12,GWM,5143,0.0217,https://www.fenabrave.org.br/portal/files/2026_04_02.pdf
2026,4,2026-04,13,FORD,4821,0.0203,https://www.fenabrave.org.br/portal/files/2026_04_02.pdf
2026,4,2026-04,14,GEELY,4003,0.0169,https://www.fenabrave.org.br/portal/files/2026_04_02.pdf
2026,4,2026-04,15,OMODA JAECOO,2826,0.011899999999999999,https://www.fenabrave.org.br/portal/files/2026_04_02.pdf
2026,4,2026-04,16,CITROEN,2726,0.0115,https://www.fenabrave.org.br/portal/files/2026_04_02.pdf
2026,4,2026-04,17,RAM,2500,0.0105,https://www.fenabrave.org.br/portal/files/2026_04_02.pdf
2026,4,2026-04,18,MITSUBISHI,1588,0.0067,https://www.fenabrave.org.br/portal/files/2026_04_02.pdf
2026,4,2026-04,19,PEUGEOT,1332,0.005600000000000001,https://www.fenabrave.org.br/portal/files/2026_04_02.pdf
2026,4,2026-04,20,BMW,1167,0.0049,https://www.fenabrave.org.br/portal/files/2026_04_02.pdf
2026,4,2026-04,21,GAC,918,0.0039000000000000003,https://www.fenabrave.org.br/portal/files/2026_04_02.pdf
2026,5,2026-05,1,FIAT,49646,0.188,https://www.fenabrave.org.br/portal/files/2026_05_02.pdf
2026,5,2026-05,2,VW,42984,0.1628,https://www.fenabrave.org.br/portal/files/2026_05_02.pdf
2026,5,2026-05,3,GM,27753,0.1051,https://www.fenabrave.org.br/portal/files/2026_05_02.pdf
2026,5,2026-05,4,BYD,21704,0.08220000000000001,https://www.fenabrave.org.br/portal/files/2026_05_02.pdf
2026,5,2026-05,5,HYUNDAI,20239,0.0767,https://www.fenabrave.org.br/portal/files/2026_05_02.pdf
2026,5,2026-05,6,TOYOTA,14819,0.056100000000000004,https://www.fenabrave.org.br/portal/files/2026_05_02.pdf
2026,5,2026-05,7,RENAULT,11060,0.04190000000000001,https://www.fenabrave.org.br/portal/files/2026_05_02.pdf
2026,5,2026-05,8,JEEP,10395,0.0394,https://www.fenabrave.org.br/portal/files/2026_05_02.pdf
2026,5,2026-05,9,HONDA,10288,0.039,https://www.fenabrave.org.br/portal/files/2026_05_02.pdf
2026,5,2026-05,10,GWM,7438,0.0282,https://www.fenabrave.org.br/portal/files/2026_05_02.pdf
2026,5,2026-05,11,NISSAN,7121,0.027000000000000003,https://www.fenabrave.org.br/portal/files/2026_05_02.pdf
2026,5,2026-05,12,CAOA CHERY,6660,0.0252,https://www.fenabrave.org.br/portal/files/2026_05_02.pdf
2026,5,2026-05,13,FORD,5228,0.019799999999999998,https://www.fenabrave.org.br/portal/files/2026_05_02.pdf
2026,5,2026-05,14,GEELY,5173,0.0196,https://www.fenabrave.org.br/portal/files/2026_05_02.pdf
2026,5,2026-05,15,CITROEN,4575,0.0173,https://www.fenabrave.org.br/portal/files/2026_05_02.pdf
2026,5,2026-05,16,OMODA JAECOO,3176,0.012,https://www.fenabrave.org.br/portal/files/2026_05_02.pdf
2026,5,2026-05,17,RAM,2514,0.0095,https://www.fenabrave.org.br/portal/files/2026_05_02.pdf
2026,5,2026-05,18,PEUGEOT,1728,0.006500000000000001,https://www.fenabrave.org.br/portal/files/2026_05_02.pdf
2026,5,2026-05,19,MITSUBISHI,1562,0.0059,https://www.fenabrave.org.br/portal/files/2026_05_02.pdf
2026,5,2026-05,20,BMW,1244,0.004699999999999999,https://www.fenabrave.org.br/portal/files/2026_05_02.pdf
2026,5,2026-05,21,CAOA CHANGAN,1164,0.0044,https://www.fenabrave.org.br/portal/files/2026_05_02.pdf
2026,6,2026-06,1,FIAT,49082,0.1884,https://www.fenabrave.org.br/portal/files/2026_06_02.pdf
2026,6,2026-06,2,VW,45986,0.1766,https://www.fenabrave.org.br/portal/files/2026_06_02.pdf
2026,6,2026-06,3,GM,26688,0.1025,https://www.fenabrave.org.br/portal/files/2026_06_02.pdf
2026,6,2026-06,4,BYD,21254,0.0816,https://www.fenabrave.org.br/portal/files/2026_06_02.pdf
2026,6,2026-06,5,HYUNDAI,16430,0.06309999999999999,https://www.fenabrave.org.br/portal/files/2026_06_02.pdf
2026,6,2026-06,6,TOYOTA,14505,0.0557,https://www.fenabrave.org.br/portal/files/2026_06_02.pdf
2026,6,2026-06,7,RENAULT,10869,0.0417,https://www.fenabrave.org.br/portal/files/2026_06_02.pdf
2026,6,2026-06,8,JEEP,10255,0.0394,https://www.fenabrave.org.br/portal/files/2026_06_02.pdf
2026,6,2026-06,9,HONDA,10033,0.0385,https://www.fenabrave.org.br/portal/files/2026_06_02.pdf
2026,6,2026-06,10,CAOA CHERY,7152,0.0275,https://www.fenabrave.org.br/portal/files/2026_06_02.pdf
2026,6,2026-06,11,GWM,6729,0.0258,https://www.fenabrave.org.br/portal/files/2026_06_02.pdf
2026,6,2026-06,12,NISSAN,6002,0.023,https://www.fenabrave.org.br/portal/files/2026_06_02.pdf
2026,6,2026-06,13,GEELY,5835,0.022400000000000003,https://www.fenabrave.org.br/portal/files/2026_06_02.pdf
2026,6,2026-06,14,OMODA JAECOO,4832,0.018600000000000002,https://www.fenabrave.org.br/portal/files/2026_06_02.pdf
2026,6,2026-06,15,FORD,4622,0.0177,https://www.fenabrave.org.br/portal/files/2026_06_02.pdf
2026,6,2026-06,16,RAM,2900,0.0111,https://www.fenabrave.org.br/portal/files/2026_06_02.pdf
2026,6,2026-06,17,CITROEN,2544,0.0098,https://www.fenabrave.org.br/portal/files/2026_06_02.pdf
2026,6,2026-06,18,MITSUBISHI,2370,0.0091,https://www.fenabrave.org.br/portal/files/2026_06_02.pdf
2026,6,2026-06,19,GAC,1490,0.005699999999999999,https://www.fenabrave.org.br/portal/files/2026_06_02.pdf
2026,6,2026-06,20,BMW,1326,0.0051,https://www.fenabrave.org.br/portal/files/2026_06_02.pdf
2026,6,2026-06,21,PEUGEOT,1058,0.0040999999999999995,https://www.fenabrave.org.br/portal/files/2026_06_02.pdf
2026,7,2026-07,1,FIAT,49026,0.1845,https://www.fenabrave.org.br/portal/files/2026_07_02.pdf
2026,7,2026-07,2,VW,41956,0.15789999999999998,https://www.fenabrave.org.br/portal/files/2026_07_02.pdf
2026,7,2026-07,3,GM,29224,0.11,https://www.fenabrave.org.br/portal/files/2026_07_02.pdf
2026,7,2026-07,4,BYD,23465,0.0883,https://www.fenabrave.org.br/portal/files/2026_07_02.pdf
2026,7,2026-07,5,TOYOTA,15286,0.0575,https://www.fenabrave.org.br/portal/files/2026_07_02.pdf
2026,7,2026-07,6,HYUNDAI,13265,0.0499,https://www.fenabrave.org.br/portal/files/2026_07_02.pdf
2026,7,2026-07,7,RENAULT,10636,0.04,https://www.fenabrave.org.br/portal/files/2026_07_02.pdf
2026,7,2026-07,8,HONDA,9811,0.0369,https://www.fenabrave.org.br/portal/files/2026_07_02.pdf
2026,7,2026-07,9,GWM,9299,0.035,https://www.fenabrave.org.br/portal/files/2026_07_02.pdf
2026,7,2026-07,10,JEEP,9123,0.034300000000000004,https://www.fenabrave.org.br/portal/files/2026_07_02.pdf
2026,7,2026-07,11,GEELY,7458,0.0281,https://www.fenabrave.org.br/portal/files/2026_07_02.pdf
2026,7,2026-07,12,CAOA CHERY,7354,0.0277,https://www.fenabrave.org.br/portal/files/2026_07_02.pdf
2026,7,2026-07,13,NISSAN,6622,0.024900000000000002,https://www.fenabrave.org.br/portal/files/2026_07_02.pdf
2026,7,2026-07,14,OMODA JAECOO,5759,0.0217,https://www.fenabrave.org.br/portal/files/2026_07_02.pdf
2026,7,2026-07,15,FORD,5200,0.0196,https://www.fenabrave.org.br/portal/files/2026_07_02.pdf
2026,7,2026-07,16,RAM,3353,0.0126,https://www.fenabrave.org.br/portal/files/2026_07_02.pdf
2026,7,2026-07,17,CITROEN,2567,0.0097,https://www.fenabrave.org.br/portal/files/2026_07_02.pdf
2026,7,2026-07,18,MITSUBISHI,2465,0.009300000000000001,https://www.fenabrave.org.br/portal/files/2026_07_02.pdf
2026,7,2026-07,19,GAC,1947,0.0073,https://www.fenabrave.org.br/portal/files/2026_07_02.pdf
2026,7,2026-07,20,CAOA CHANGAN,1745,0.0066,https://www.fenabrave.org.br/portal/files/2026_07_02.pdf
2026,7,2026-07,21,PEUGEOT,1228,0.0046,https://www.fenabrave.org.br/portal/files/2026_07_02.pdf
2026,8,2026-08,1,FIAT,48465,0.18420000000000003,https://www.fenabrave.org.br/portal/files/2026_08_02.pdf
2026,8,2026-08,2,VW,41404,0.1574,https://www.fenabrave.org.br/portal/files/2026_08_02.pdf
2026,8,2026-08,3,GM,27500,0.1045,https://www.fenabrave.org.br/portal/files/2026_08_02.pdf
2026,8,2026-08,4,BYD,24467,0.09300000000000001,https://www.fenabrave.org.br/portal/files/2026_08_02.pdf
2026,8,2026-08,5,HYUNDAI,17017,0.0647,https://www.fenabrave.org.br/portal/files/2026_08_02.pdf
2026,8,2026-08,6,TOYOTA,13559,0.051500000000000004,https://www.fenabrave.org.br/portal/files/2026_08_02.pdf
2026,8,2026-08,7,RENAULT,10016,0.0381,https://www.fenabrave.org.br/portal/files/2026_08_02.pdf
2026,8,2026-08,8,GWM,9825,0.0373,https://www.fenabrave.org.br/portal/files/2026_08_02.pdf
2026,8,2026-08,9,HONDA,9677,0.0368,https://www.fenabrave.org.br/portal/files/2026_08_02.pdf
2026,8,2026-08,10,JEEP,9026,0.034300000000000004,https://www.fenabrave.org.br/portal/files/2026_08_02.pdf
2026,8,2026-08,11,GEELY,7524,0.0286,https://www.fenabrave.org.br/portal/files/2026_08_02.pdf
2026,8,2026-08,12,NISSAN,6429,0.024399999999999998,https://www.fenabrave.org.br/portal/files/2026_08_02.pdf
2026,8,2026-08,13,CAOA CHERY,6014,0.0229,https://www.fenabrave.org.br/portal/files/2026_08_02.pdf
2026,8,2026-08,14,OMODA JAECOO,5902,0.022400000000000003,https://www.fenabrave.org.br/portal/files/2026_08_02.pdf
2026,8,2026-08,15,FORD,4732,0.018000000000000002,https://www.fenabrave.org.br/portal/files/2026_08_02.pdf
2026,8,2026-08,16,RAM,3368,0.0128,https://www.fenabrave.org.br/portal/files/2026_08_02.pdf
2026,8,2026-08,17,CITROEN,2178,0.0083,https://www.fenabrave.org.br/portal/files/2026_08_02.pdf
2026,8,2026-08,18,MITSUBISHI,1918,0.0073,https://www.fenabrave.org.br/portal/files/2026_08_02.pdf
2026,8,2026-08,19,GAC,1851,0.006999999999999999,https://www.fenabrave.org.br/portal/files/2026_08_02.pdf
2026,8,2026-08,20,CAOA CHANGAN,1576,0.006,https://www.fenabrave.org.br/portal/files/2026_08_02.pdf
2026,8,2026-08,21,JETOUR,1453,0.0055000000000000005,https://www.fenabrave.org.br/portal/files/2026_08_02.pdf
