ano,mes,competencia,segmento,ranking,marca,modelo,quantidade,fonte
2021,1,2021-01,Automóveis,1,GM,ONIX,10567,https://www.fenabrave.org.br/portal/files/2021_01_2.pdf
2021,1,2021-01,Automóveis,2,HYUNDAI,HB20,7936,https://www.fenabrave.org.br/portal/files/2021_01_2.pdf
2021,1,2021-01,Automóveis,3,GM,ONIX PLUS,7139,https://www.fenabrave.org.br/portal/files/2021_01_2.pdf
2021,1,2021-01,Automóveis,4,JEEP,RENEGADE,7091,https://www.fenabrave.org.br/portal/files/2021_01_2.pdf
2021,1,2021-01,Automóveis,5,VW,GOL,6277,https://www.fenabrave.org.br/portal/files/2021_01_2.pdf
2021,1,2021-01,Automóveis,6,VW,T CROSS,5241,https://www.fenabrave.org.br/portal/files/2021_01_2.pdf
2021,1,2021-01,Automóveis,7,JEEP,COMPASS,5029,https://www.fenabrave.org.br/portal/files/2021_01_2.pdf
2021,1,2021-01,Automóveis,8,FIAT,ARGO,5021,https://www.fenabrave.org.br/portal/files/2021_01_2.pdf
2021,1,2021-01,Automóveis,9,FIAT,MOBI,4784,https://www.fenabrave.org.br/portal/files/2021_01_2.pdf
2021,1,2021-01,Automóveis,10,GM,TRACKER,4593,https://www.fenabrave.org.br/portal/files/2021_01_2.pdf
2021,1,2021-01,Automóveis,11,HYUNDAI,CRETA,4067,https://www.fenabrave.org.br/portal/files/2021_01_2.pdf
2021,1,2021-01,Automóveis,12,RENAULT,KWID,3896,https://www.fenabrave.org.br/portal/files/2021_01_2.pdf
2021,1,2021-01,Automóveis,13,VW,NIVUS,3481,https://www.fenabrave.org.br/portal/files/2021_01_2.pdf
2021,1,2021-01,Automóveis,14,FORD,KA,3433,https://www.fenabrave.org.br/portal/files/2021_01_2.pdf
2021,1,2021-01,Automóveis,15,NISSAN,KICKS,3072,https://www.fenabrave.org.br/portal/files/2021_01_2.pdf
2021,1,2021-01,Automóveis,16,HONDA,HR-V,2658,https://www.fenabrave.org.br/portal/files/2021_01_2.pdf
2021,1,2021-01,Automóveis,17,VW,POLO,2460,https://www.fenabrave.org.br/portal/files/2021_01_2.pdf
2021,1,2021-01,Automóveis,18,TOYOTA,COROLLA,2224,https://www.fenabrave.org.br/portal/files/2021_01_2.pdf
2021,1,2021-01,Automóveis,19,VW,VOYAGE,2192,https://www.fenabrave.org.br/portal/files/2021_01_2.pdf
2021,1,2021-01,Automóveis,20,FIAT,UNO,2059,https://www.fenabrave.org.br/portal/files/2021_01_2.pdf
2021,1,2021-01,Automóveis,21,HYUNDAI,HB20S,1915,https://www.fenabrave.org.br/portal/files/2021_01_2.pdf
2021,1,2021-01,Automóveis,22,VW,VIRTUS,1903,https://www.fenabrave.org.br/portal/files/2021_01_2.pdf
2021,1,2021-01,Automóveis,23,TOYOTA,YARIS HB,1838,https://www.fenabrave.org.br/portal/files/2021_01_2.pdf
2021,1,2021-01,Automóveis,24,HONDA,CIVIC,1732,https://www.fenabrave.org.br/portal/files/2021_01_2.pdf
2021,1,2021-01,Automóveis,25,FORD,ECOSPORT,1576,https://www.fenabrave.org.br/portal/files/2021_01_2.pdf
2021,1,2021-01,Automóveis,26,RENAULT,DUSTER,1536,https://www.fenabrave.org.br/portal/files/2021_01_2.pdf
2021,1,2021-01,Automóveis,27,TOYOTA,YARIS SEDAN,1461,https://www.fenabrave.org.br/portal/files/2021_01_2.pdf
2021,1,2021-01,Automóveis,28,VW,FOX/CROSS FOX,1283,https://www.fenabrave.org.br/portal/files/2021_01_2.pdf
2021,1,2021-01,Automóveis,29,FIAT,SIENA,1257,https://www.fenabrave.org.br/portal/files/2021_01_2.pdf
2021,1,2021-01,Automóveis,30,RENAULT,SANDERO,1184,https://www.fenabrave.org.br/portal/files/2021_01_2.pdf
2021,1,2021-01,Automóveis,31,RENAULT,CAPTUR,1159,https://www.fenabrave.org.br/portal/files/2021_01_2.pdf
2021,1,2021-01,Automóveis,32,RENAULT,LOGAN,1153,https://www.fenabrave.org.br/portal/files/2021_01_2.pdf
2021,1,2021-01,Automóveis,33,NISSAN,VERSA,1094,https://www.fenabrave.org.br/portal/files/2021_01_2.pdf
2021,1,2021-01,Automóveis,34,FIAT,CRONOS,1031,https://www.fenabrave.org.br/portal/files/2021_01_2.pdf
2021,1,2021-01,Automóveis,35,CAOA CHERY,TIGGO 5X,961,https://www.fenabrave.org.br/portal/files/2021_01_2.pdf
2021,1,2021-01,Automóveis,36,FORD,KA SEDAN,934,https://www.fenabrave.org.br/portal/files/2021_01_2.pdf
2021,1,2021-01,Automóveis,37,HONDA,FIT,818,https://www.fenabrave.org.br/portal/files/2021_01_2.pdf
2021,1,2021-01,Automóveis,38,NISSAN,V-DRIVE,795,https://www.fenabrave.org.br/portal/files/2021_01_2.pdf
2021,1,2021-01,Automóveis,39,GM,SPIN,782,https://www.fenabrave.org.br/portal/files/2021_01_2.pdf
2021,1,2021-01,Automóveis,40,PEUGEOT,208,778,https://www.fenabrave.org.br/portal/files/2021_01_2.pdf
2021,1,2021-01,Automóveis,41,TOYOTA,HILUX SW4,701,https://www.fenabrave.org.br/portal/files/2021_01_2.pdf
2021,1,2021-01,Automóveis,42,HONDA,CITY,604,https://www.fenabrave.org.br/portal/files/2021_01_2.pdf
2021,1,2021-01,Automóveis,43,HONDA,WR-V,569,https://www.fenabrave.org.br/portal/files/2021_01_2.pdf
2021,1,2021-01,Automóveis,44,VW,UP,514,https://www.fenabrave.org.br/portal/files/2021_01_2.pdf
2021,1,2021-01,Automóveis,45,CITROEN,C4 CACTUS,487,https://www.fenabrave.org.br/portal/files/2021_01_2.pdf
2021,1,2021-01,Automóveis,46,PEUGEOT,2008,420,https://www.fenabrave.org.br/portal/files/2021_01_2.pdf
2021,1,2021-01,Automóveis,47,CAOA CHERY,TIGGO,420,https://www.fenabrave.org.br/portal/files/2021_01_2.pdf
2021,1,2021-01,Automóveis,48,CAOA CHERY,TIGGO 8,404,https://www.fenabrave.org.br/portal/files/2021_01_2.pdf
2021,1,2021-01,Automóveis,49,VW,JETTA,402,https://www.fenabrave.org.br/portal/files/2021_01_2.pdf
2021,1,2021-01,Automóveis,50,GM,TRAILBLAZER,398,https://www.fenabrave.org.br/portal/files/2021_01_2.pdf
2021,1,2021-01,Comerciais leves,1,FIAT,STRADA,9232,https://www.fenabrave.org.br/portal/files/2021_01_2.pdf
2021,1,2021-01,Comerciais leves,2,FIAT,TORO,5233,https://www.fenabrave.org.br/portal/files/2021_01_2.pdf
2021,1,2021-01,Comerciais leves,3,TOYOTA,HILUX,3301,https://www.fenabrave.org.br/portal/files/2021_01_2.pdf
2021,1,2021-01,Comerciais leves,4,GM,S10,2520,https://www.fenabrave.org.br/portal/files/2021_01_2.pdf
2021,1,2021-01,Comerciais leves,5,VW,SAVEIRO,2497,https://www.fenabrave.org.br/portal/files/2021_01_2.pdf
2021,1,2021-01,Comerciais leves,6,FORD,RANGER,1926,https://www.fenabrave.org.br/portal/files/2021_01_2.pdf
2021,1,2021-01,Comerciais leves,7,FIAT,FIORINO,1685,https://www.fenabrave.org.br/portal/files/2021_01_2.pdf
2021,1,2021-01,Comerciais leves,8,RENAULT,OROCH,1049,https://www.fenabrave.org.br/portal/files/2021_01_2.pdf
2021,1,2021-01,Comerciais leves,9,NISSAN,FRONTIER,815,https://www.fenabrave.org.br/portal/files/2021_01_2.pdf
2021,1,2021-01,Comerciais leves,10,MITSUBISHI,L200,596,https://www.fenabrave.org.br/portal/files/2021_01_2.pdf
2021,1,2021-01,Comerciais leves,11,RENAULT,MASTER,468,https://www.fenabrave.org.br/portal/files/2021_01_2.pdf
2021,1,2021-01,Comerciais leves,12,HYUNDAI,HR,322,https://www.fenabrave.org.br/portal/files/2021_01_2.pdf
2021,1,2021-01,Comerciais leves,13,RAM,2500,304,https://www.fenabrave.org.br/portal/files/2021_01_2.pdf
2021,1,2021-01,Comerciais leves,14,VW/MAN,EXPRESS,260,https://www.fenabrave.org.br/portal/files/2021_01_2.pdf
2021,1,2021-01,Comerciais leves,15,PEUGEOT,EXPERT,243,https://www.fenabrave.org.br/portal/files/2021_01_2.pdf
2021,1,2021-01,Comerciais leves,16,IVECO,DAILY 35-150,221,https://www.fenabrave.org.br/portal/files/2021_01_2.pdf
2021,1,2021-01,Comerciais leves,17,FIAT,DUCATO,191,https://www.fenabrave.org.br/portal/files/2021_01_2.pdf
2021,1,2021-01,Comerciais leves,18,VW,AMAROK,188,https://www.fenabrave.org.br/portal/files/2021_01_2.pdf
2021,1,2021-01,Comerciais leves,19,CITROEN,JUMPY,146,https://www.fenabrave.org.br/portal/files/2021_01_2.pdf
2021,1,2021-01,Comerciais leves,20,GM,MONTANA,120,https://www.fenabrave.org.br/portal/files/2021_01_2.pdf
2021,1,2021-01,Comerciais leves,21,KIA,K2500,95,https://www.fenabrave.org.br/portal/files/2021_01_2.pdf
2021,1,2021-01,Comerciais leves,22,M.BENZ,SPRINTER 416,66,https://www.fenabrave.org.br/portal/files/2021_01_2.pdf
2021,1,2021-01,Comerciais leves,23,M.BENZ,SPRINTER 314,64,https://www.fenabrave.org.br/portal/files/2021_01_2.pdf
2021,1,2021-01,Comerciais leves,24,FIAT,DOBLO,37,https://www.fenabrave.org.br/portal/files/2021_01_2.pdf
2021,1,2021-01,Comerciais leves,25,PEUGEOT,BOXER,37,https://www.fenabrave.org.br/portal/files/2021_01_2.pdf
2021,1,2021-01,Comerciais leves,26,M.BENZ,SPRINTER,22,https://www.fenabrave.org.br/portal/files/2021_01_2.pdf
2021,1,2021-01,Comerciais leves,27,PEUGEOT,PARTNER,21,https://www.fenabrave.org.br/portal/files/2021_01_2.pdf
2021,1,2021-01,Comerciais leves,28,EFFA,V21,20,https://www.fenabrave.org.br/portal/files/2021_01_2.pdf
2021,1,2021-01,Comerciais leves,29,IVECO,DAILY 30S13,15,https://www.fenabrave.org.br/portal/files/2021_01_2.pdf
2021,1,2021-01,Comerciais leves,30,RENAULT,KANGOO,13,https://www.fenabrave.org.br/portal/files/2021_01_2.pdf
2021,1,2021-01,Comerciais leves,31,JAC,V260,11,https://www.fenabrave.org.br/portal/files/2021_01_2.pdf
2021,1,2021-01,Comerciais leves,32,CITROEN,JUMPER,9,https://www.fenabrave.org.br/portal/files/2021_01_2.pdf
2021,1,2021-01,Comerciais leves,33,FOTON,AUMARK 1039,8,https://www.fenabrave.org.br/portal/files/2021_01_2.pdf
2021,1,2021-01,Comerciais leves,34,FOTON,AUMARK 3.5-14DT,8,https://www.fenabrave.org.br/portal/files/2021_01_2.pdf
2021,1,2021-01,Comerciais leves,35,EFFA,V22,7,https://www.fenabrave.org.br/portal/files/2021_01_2.pdf
2021,1,2021-01,Comerciais leves,36,EFFA,V25,4,https://www.fenabrave.org.br/portal/files/2021_01_2.pdf
2021,1,2021-01,Comerciais leves,37,IVECO,DAILY 30-130,3,https://www.fenabrave.org.br/portal/files/2021_01_2.pdf
2021,1,2021-01,Comerciais leves,38,IVECO,DAILY 35S14,3,https://www.fenabrave.org.br/portal/files/2021_01_2.pdf
2021,1,2021-01,Comerciais leves,39,TOYOTA,BANDEIRANTE,3,https://www.fenabrave.org.br/portal/files/2021_01_2.pdf
2021,1,2021-01,Comerciais leves,40,FORD,RANCHERO,1,https://www.fenabrave.org.br/portal/files/2021_01_2.pdf
2021,1,2021-01,Comerciais leves,41,GM,SILVERADO,1,https://www.fenabrave.org.br/portal/files/2021_01_2.pdf
2021,1,2021-01,Comerciais leves,42,IVECO,DAILY,1,https://www.fenabrave.org.br/portal/files/2021_01_2.pdf
2021,2,2021-02,Automóveis,1,GM,ONIX,10261,https://www.fenabrave.org.br/portal/files/2021_02_2.pdf
2021,2,2021-02,Automóveis,2,HYUNDAI,HB20,7717,https://www.fenabrave.org.br/portal/files/2021_02_2.pdf
2021,2,2021-02,Automóveis,3,GM,ONIX PLUS,6501,https://www.fenabrave.org.br/portal/files/2021_02_2.pdf
2021,2,2021-02,Automóveis,4,FIAT,ARGO,6221,https://www.fenabrave.org.br/portal/files/2021_02_2.pdf
2021,2,2021-02,Automóveis,5,FIAT,MOBI,6015,https://www.fenabrave.org.br/portal/files/2021_02_2.pdf
2021,2,2021-02,Automóveis,6,VW,GOL,5847,https://www.fenabrave.org.br/portal/files/2021_02_2.pdf
2021,2,2021-02,Automóveis,7,JEEP,RENEGADE,5834,https://www.fenabrave.org.br/portal/files/2021_02_2.pdf
2021,2,2021-02,Automóveis,8,VW,T CROSS,5524,https://www.fenabrave.org.br/portal/files/2021_02_2.pdf
2021,2,2021-02,Automóveis,9,GM,TRACKER,5042,https://www.fenabrave.org.br/portal/files/2021_02_2.pdf
2021,2,2021-02,Automóveis,10,RENAULT,KWID,4905,https://www.fenabrave.org.br/portal/files/2021_02_2.pdf
2021,2,2021-02,Automóveis,11,HYUNDAI,CRETA,4826,https://www.fenabrave.org.br/portal/files/2021_02_2.pdf
2021,2,2021-02,Automóveis,12,JEEP,COMPASS,4634,https://www.fenabrave.org.br/portal/files/2021_02_2.pdf
2021,2,2021-02,Automóveis,13,HONDA,HR-V,3703,https://www.fenabrave.org.br/portal/files/2021_02_2.pdf
2021,2,2021-02,Automóveis,14,VW,NIVUS,3467,https://www.fenabrave.org.br/portal/files/2021_02_2.pdf
2021,2,2021-02,Automóveis,15,NISSAN,KICKS,3230,https://www.fenabrave.org.br/portal/files/2021_02_2.pdf
2021,2,2021-02,Automóveis,16,TOYOTA,COROLLA,2817,https://www.fenabrave.org.br/portal/files/2021_02_2.pdf
2021,2,2021-02,Automóveis,17,VW,POLO,2555,https://www.fenabrave.org.br/portal/files/2021_02_2.pdf
2021,2,2021-02,Automóveis,18,VW,VIRTUS,2162,https://www.fenabrave.org.br/portal/files/2021_02_2.pdf
2021,2,2021-02,Automóveis,19,VW,VOYAGE,2107,https://www.fenabrave.org.br/portal/files/2021_02_2.pdf
2021,2,2021-02,Automóveis,20,FIAT,UNO,1963,https://www.fenabrave.org.br/portal/files/2021_02_2.pdf
2021,2,2021-02,Automóveis,21,TOYOTA,YARIS HB,1963,https://www.fenabrave.org.br/portal/files/2021_02_2.pdf
2021,2,2021-02,Automóveis,22,HYUNDAI,HB20S,1934,https://www.fenabrave.org.br/portal/files/2021_02_2.pdf
2021,2,2021-02,Automóveis,23,HONDA,CIVIC,1677,https://www.fenabrave.org.br/portal/files/2021_02_2.pdf
2021,2,2021-02,Automóveis,24,FORD,KA,1488,https://www.fenabrave.org.br/portal/files/2021_02_2.pdf
2021,2,2021-02,Automóveis,25,RENAULT,DUSTER,1436,https://www.fenabrave.org.br/portal/files/2021_02_2.pdf
2021,2,2021-02,Automóveis,26,TOYOTA,YARIS SEDAN,1391,https://www.fenabrave.org.br/portal/files/2021_02_2.pdf
2021,2,2021-02,Automóveis,27,VW,FOX/CROSS FOX,1309,https://www.fenabrave.org.br/portal/files/2021_02_2.pdf
2021,2,2021-02,Automóveis,28,RENAULT,SANDERO,1279,https://www.fenabrave.org.br/portal/files/2021_02_2.pdf
2021,2,2021-02,Automóveis,29,FIAT,SIENA,1198,https://www.fenabrave.org.br/portal/files/2021_02_2.pdf
2021,2,2021-02,Automóveis,30,RENAULT,LOGAN,1023,https://www.fenabrave.org.br/portal/files/2021_02_2.pdf
2021,2,2021-02,Automóveis,31,NISSAN,VERSA,1015,https://www.fenabrave.org.br/portal/files/2021_02_2.pdf
2021,2,2021-02,Automóveis,32,TOYOTA,HILUX SW4,846,https://www.fenabrave.org.br/portal/files/2021_02_2.pdf
2021,2,2021-02,Automóveis,33,HONDA,WR-V,830,https://www.fenabrave.org.br/portal/files/2021_02_2.pdf
2021,2,2021-02,Automóveis,34,VW,UP,762,https://www.fenabrave.org.br/portal/files/2021_02_2.pdf
2021,2,2021-02,Automóveis,35,GM,SPIN,717,https://www.fenabrave.org.br/portal/files/2021_02_2.pdf
2021,2,2021-02,Automóveis,36,CAOA CHERY,TIGGO 5X,642,https://www.fenabrave.org.br/portal/files/2021_02_2.pdf
2021,2,2021-02,Automóveis,37,PEUGEOT,208,628,https://www.fenabrave.org.br/portal/files/2021_02_2.pdf
2021,2,2021-02,Automóveis,38,NISSAN,V-DRIVE,623,https://www.fenabrave.org.br/portal/files/2021_02_2.pdf
2021,2,2021-02,Automóveis,39,CITROEN,C4 CACTUS,587,https://www.fenabrave.org.br/portal/files/2021_02_2.pdf
2021,2,2021-02,Automóveis,40,HONDA,FIT,556,https://www.fenabrave.org.br/portal/files/2021_02_2.pdf
2021,2,2021-02,Automóveis,41,HONDA,CITY,545,https://www.fenabrave.org.br/portal/files/2021_02_2.pdf
2021,2,2021-02,Automóveis,42,FORD,ECOSPORT,526,https://www.fenabrave.org.br/portal/files/2021_02_2.pdf
2021,2,2021-02,Automóveis,43,FIAT,CRONOS,450,https://www.fenabrave.org.br/portal/files/2021_02_2.pdf
2021,2,2021-02,Automóveis,44,FIAT,DOBLO,439,https://www.fenabrave.org.br/portal/files/2021_02_2.pdf
2021,2,2021-02,Automóveis,45,RENAULT,CAPTUR,422,https://www.fenabrave.org.br/portal/files/2021_02_2.pdf
2021,2,2021-02,Automóveis,46,VW,JETTA,318,https://www.fenabrave.org.br/portal/files/2021_02_2.pdf
2021,2,2021-02,Automóveis,47,BMW,325I,314,https://www.fenabrave.org.br/portal/files/2021_02_2.pdf
2021,2,2021-02,Automóveis,48,HYUNDAI,IX35,308,https://www.fenabrave.org.br/portal/files/2021_02_2.pdf
2021,2,2021-02,Automóveis,49,CAOA CHERY,TIGGO 8,300,https://www.fenabrave.org.br/portal/files/2021_02_2.pdf
2021,2,2021-02,Automóveis,50,CAOA CHERY,TIGGO,287,https://www.fenabrave.org.br/portal/files/2021_02_2.pdf
2021,2,2021-02,Comerciais leves,1,FIAT,STRADA,9371,https://www.fenabrave.org.br/portal/files/2021_02_2.pdf
2021,2,2021-02,Comerciais leves,2,FIAT,TORO,5626,https://www.fenabrave.org.br/portal/files/2021_02_2.pdf
2021,2,2021-02,Comerciais leves,3,TOYOTA,HILUX,2663,https://www.fenabrave.org.br/portal/files/2021_02_2.pdf
2021,2,2021-02,Comerciais leves,4,VW,SAVEIRO,2523,https://www.fenabrave.org.br/portal/files/2021_02_2.pdf
2021,2,2021-02,Comerciais leves,5,FIAT,FIORINO,2053,https://www.fenabrave.org.br/portal/files/2021_02_2.pdf
2021,2,2021-02,Comerciais leves,6,GM,S10,1602,https://www.fenabrave.org.br/portal/files/2021_02_2.pdf
2021,2,2021-02,Comerciais leves,7,FORD,RANGER,1307,https://www.fenabrave.org.br/portal/files/2021_02_2.pdf
2021,2,2021-02,Comerciais leves,8,RENAULT,OROCH,913,https://www.fenabrave.org.br/portal/files/2021_02_2.pdf
2021,2,2021-02,Comerciais leves,9,NISSAN,FRONTIER,844,https://www.fenabrave.org.br/portal/files/2021_02_2.pdf
2021,2,2021-02,Comerciais leves,10,MITSUBISHI,L200,648,https://www.fenabrave.org.br/portal/files/2021_02_2.pdf
2021,2,2021-02,Comerciais leves,11,RENAULT,MASTER,628,https://www.fenabrave.org.br/portal/files/2021_02_2.pdf
2021,2,2021-02,Comerciais leves,12,GM,MONTANA,292,https://www.fenabrave.org.br/portal/files/2021_02_2.pdf
2021,2,2021-02,Comerciais leves,13,HYUNDAI,HR,254,https://www.fenabrave.org.br/portal/files/2021_02_2.pdf
2021,2,2021-02,Comerciais leves,14,VW/MAN,EXPRESS,197,https://www.fenabrave.org.br/portal/files/2021_02_2.pdf
2021,2,2021-02,Comerciais leves,15,PEUGEOT,EXPERT,168,https://www.fenabrave.org.br/portal/files/2021_02_2.pdf
2021,2,2021-02,Comerciais leves,16,FIAT,DUCATO,155,https://www.fenabrave.org.br/portal/files/2021_02_2.pdf
2021,2,2021-02,Comerciais leves,17,IVECO,DAILY 35-150,155,https://www.fenabrave.org.br/portal/files/2021_02_2.pdf
2021,2,2021-02,Comerciais leves,18,CITROEN,JUMPY,139,https://www.fenabrave.org.br/portal/files/2021_02_2.pdf
2021,2,2021-02,Comerciais leves,19,RAM,2500,115,https://www.fenabrave.org.br/portal/files/2021_02_2.pdf
2021,2,2021-02,Comerciais leves,20,KIA,K2500,112,https://www.fenabrave.org.br/portal/files/2021_02_2.pdf
2021,2,2021-02,Comerciais leves,21,M.BENZ,SPRINTER 416,74,https://www.fenabrave.org.br/portal/files/2021_02_2.pdf
2021,2,2021-02,Comerciais leves,22,M.BENZ,SPRINTER 314,70,https://www.fenabrave.org.br/portal/files/2021_02_2.pdf
2021,2,2021-02,Comerciais leves,23,PEUGEOT,PARTNER,37,https://www.fenabrave.org.br/portal/files/2021_02_2.pdf
2021,2,2021-02,Comerciais leves,24,VW,AMAROK,26,https://www.fenabrave.org.br/portal/files/2021_02_2.pdf
2021,2,2021-02,Comerciais leves,25,EFFA,V21,22,https://www.fenabrave.org.br/portal/files/2021_02_2.pdf
2021,2,2021-02,Comerciais leves,26,IVECO,DAILY 30S13,17,https://www.fenabrave.org.br/portal/files/2021_02_2.pdf
2021,2,2021-02,Comerciais leves,27,M.BENZ,SPRINTER,16,https://www.fenabrave.org.br/portal/files/2021_02_2.pdf
2021,2,2021-02,Comerciais leves,28,CITROEN,JUMPER,15,https://www.fenabrave.org.br/portal/files/2021_02_2.pdf
2021,2,2021-02,Comerciais leves,29,FOTON,AUMARK 1039,15,https://www.fenabrave.org.br/portal/files/2021_02_2.pdf
2021,2,2021-02,Comerciais leves,30,IVECO,DAILY 30-130,14,https://www.fenabrave.org.br/portal/files/2021_02_2.pdf
2021,2,2021-02,Comerciais leves,31,PEUGEOT,BOXER,12,https://www.fenabrave.org.br/portal/files/2021_02_2.pdf
2021,2,2021-02,Comerciais leves,32,JAC,V260,9,https://www.fenabrave.org.br/portal/files/2021_02_2.pdf
2021,2,2021-02,Comerciais leves,33,FOTON,AUMARK 3.5-14DT,9,https://www.fenabrave.org.br/portal/files/2021_02_2.pdf
2021,2,2021-02,Comerciais leves,34,FIAT,DOBLO,8,https://www.fenabrave.org.br/portal/files/2021_02_2.pdf
2021,2,2021-02,Comerciais leves,35,EFFA,V22,8,https://www.fenabrave.org.br/portal/files/2021_02_2.pdf
2021,2,2021-02,Comerciais leves,36,EFFA,V25,5,https://www.fenabrave.org.br/portal/files/2021_02_2.pdf
2021,2,2021-02,Comerciais leves,37,IVECO,DAILY,4,https://www.fenabrave.org.br/portal/files/2021_02_2.pdf
2021,2,2021-02,Comerciais leves,38,IVECO,DAILY 35S14,3,https://www.fenabrave.org.br/portal/files/2021_02_2.pdf
2021,2,2021-02,Comerciais leves,39,CITROEN,BERLINGO,2,https://www.fenabrave.org.br/portal/files/2021_02_2.pdf
2021,2,2021-02,Comerciais leves,40,BYD,T3,2,https://www.fenabrave.org.br/portal/files/2021_02_2.pdf
2021,2,2021-02,Comerciais leves,41,IVECO,DAILY 5516,1,https://www.fenabrave.org.br/portal/files/2021_02_2.pdf
2021,2,2021-02,Comerciais leves,42,TOYOTA,BANDEIRANTE,1,https://www.fenabrave.org.br/portal/files/2021_02_2.pdf
2021,2,2021-02,Comerciais leves,43,SHINERAY,P VAN,1,https://www.fenabrave.org.br/portal/files/2021_02_2.pdf
2021,2,2021-02,Comerciais leves,44,RELY,RELY PICK-UP,1,https://www.fenabrave.org.br/portal/files/2021_02_2.pdf
2021,3,2021-03,Automóveis,1,HYUNDAI,HB20,8012,https://www.fenabrave.org.br/portal/files/2021_03_2.pdf
2021,3,2021-03,Automóveis,2,GM,ONIX,7933,https://www.fenabrave.org.br/portal/files/2021_03_2.pdf
2021,3,2021-03,Automóveis,3,VW,GOL,6891,https://www.fenabrave.org.br/portal/files/2021_03_2.pdf
2021,3,2021-03,Automóveis,4,FIAT,MOBI,6725,https://www.fenabrave.org.br/portal/files/2021_03_2.pdf
2021,3,2021-03,Automóveis,5,GM,TRACKER,6410,https://www.fenabrave.org.br/portal/files/2021_03_2.pdf
2021,3,2021-03,Automóveis,6,JEEP,RENEGADE,6186,https://www.fenabrave.org.br/portal/files/2021_03_2.pdf
2021,3,2021-03,Automóveis,7,HYUNDAI,CRETA,6173,https://www.fenabrave.org.br/portal/files/2021_03_2.pdf
2021,3,2021-03,Automóveis,8,GM,ONIX PLUS,5450,https://www.fenabrave.org.br/portal/files/2021_03_2.pdf
2021,3,2021-03,Automóveis,9,VW,T CROSS,5289,https://www.fenabrave.org.br/portal/files/2021_03_2.pdf
2021,3,2021-03,Automóveis,10,JEEP,COMPASS,5211,https://www.fenabrave.org.br/portal/files/2021_03_2.pdf
2021,3,2021-03,Automóveis,11,RENAULT,KWID,5094,https://www.fenabrave.org.br/portal/files/2021_03_2.pdf
2021,3,2021-03,Automóveis,12,FIAT,ARGO,4995,https://www.fenabrave.org.br/portal/files/2021_03_2.pdf
2021,3,2021-03,Automóveis,13,FIAT,UNO,4451,https://www.fenabrave.org.br/portal/files/2021_03_2.pdf
2021,3,2021-03,Automóveis,14,TOYOTA,COROLLA,4109,https://www.fenabrave.org.br/portal/files/2021_03_2.pdf
2021,3,2021-03,Automóveis,15,VW,NIVUS,3918,https://www.fenabrave.org.br/portal/files/2021_03_2.pdf
2021,3,2021-03,Automóveis,16,HONDA,HR-V,3728,https://www.fenabrave.org.br/portal/files/2021_03_2.pdf
2021,3,2021-03,Automóveis,17,VW,VOYAGE,3695,https://www.fenabrave.org.br/portal/files/2021_03_2.pdf
2021,3,2021-03,Automóveis,18,NISSAN,KICKS,3136,https://www.fenabrave.org.br/portal/files/2021_03_2.pdf
2021,3,2021-03,Automóveis,19,VW,POLO,3076,https://www.fenabrave.org.br/portal/files/2021_03_2.pdf
2021,3,2021-03,Automóveis,20,VW,FOX/CROSS FOX,2691,https://www.fenabrave.org.br/portal/files/2021_03_2.pdf
2021,3,2021-03,Automóveis,21,RENAULT,DUSTER,2624,https://www.fenabrave.org.br/portal/files/2021_03_2.pdf
2021,3,2021-03,Automóveis,22,VW,VIRTUS,2606,https://www.fenabrave.org.br/portal/files/2021_03_2.pdf
2021,3,2021-03,Automóveis,23,TOYOTA,YARIS HB,2281,https://www.fenabrave.org.br/portal/files/2021_03_2.pdf
2021,3,2021-03,Automóveis,24,HYUNDAI,HB20S,2010,https://www.fenabrave.org.br/portal/files/2021_03_2.pdf
2021,3,2021-03,Automóveis,25,FIAT,SIENA,1351,https://www.fenabrave.org.br/portal/files/2021_03_2.pdf
2021,3,2021-03,Automóveis,26,TOYOTA,YARIS SEDAN,1268,https://www.fenabrave.org.br/portal/files/2021_03_2.pdf
2021,3,2021-03,Automóveis,27,FORD,KA,1257,https://www.fenabrave.org.br/portal/files/2021_03_2.pdf
2021,3,2021-03,Automóveis,28,RENAULT,SANDERO,1251,https://www.fenabrave.org.br/portal/files/2021_03_2.pdf
2021,3,2021-03,Automóveis,29,HONDA,WR-V,1209,https://www.fenabrave.org.br/portal/files/2021_03_2.pdf
2021,3,2021-03,Automóveis,30,CITROEN,C4 CACTUS,1125,https://www.fenabrave.org.br/portal/files/2021_03_2.pdf
2021,3,2021-03,Automóveis,31,NISSAN,VERSA,1085,https://www.fenabrave.org.br/portal/files/2021_03_2.pdf
2021,3,2021-03,Automóveis,32,TOYOTA,HILUX SW4,1057,https://www.fenabrave.org.br/portal/files/2021_03_2.pdf
2021,3,2021-03,Automóveis,33,GM,SPIN,1032,https://www.fenabrave.org.br/portal/files/2021_03_2.pdf
2021,3,2021-03,Automóveis,34,HONDA,CIVIC,1017,https://www.fenabrave.org.br/portal/files/2021_03_2.pdf
2021,3,2021-03,Automóveis,35,RENAULT,LOGAN,1014,https://www.fenabrave.org.br/portal/files/2021_03_2.pdf
2021,3,2021-03,Automóveis,36,CAOA CHERY,TIGGO 5X,822,https://www.fenabrave.org.br/portal/files/2021_03_2.pdf
2021,3,2021-03,Automóveis,37,FIAT,CRONOS,807,https://www.fenabrave.org.br/portal/files/2021_03_2.pdf
2021,3,2021-03,Automóveis,38,PEUGEOT,208,778,https://www.fenabrave.org.br/portal/files/2021_03_2.pdf
2021,3,2021-03,Automóveis,39,PEUGEOT,2008,709,https://www.fenabrave.org.br/portal/files/2021_03_2.pdf
2021,3,2021-03,Automóveis,40,HONDA,CITY,635,https://www.fenabrave.org.br/portal/files/2021_03_2.pdf
2021,3,2021-03,Automóveis,41,CAOA CHERY,TIGGO 8,623,https://www.fenabrave.org.br/portal/files/2021_03_2.pdf
2021,3,2021-03,Automóveis,42,BMW,325I,571,https://www.fenabrave.org.br/portal/files/2021_03_2.pdf
2021,3,2021-03,Automóveis,43,FIAT,DOBLO,565,https://www.fenabrave.org.br/portal/files/2021_03_2.pdf
2021,3,2021-03,Automóveis,44,VW,UP,563,https://www.fenabrave.org.br/portal/files/2021_03_2.pdf
2021,3,2021-03,Automóveis,45,HONDA,FIT,520,https://www.fenabrave.org.br/portal/files/2021_03_2.pdf
2021,3,2021-03,Automóveis,46,RENAULT,CAPTUR,510,https://www.fenabrave.org.br/portal/files/2021_03_2.pdf
2021,3,2021-03,Automóveis,47,VW,TIGUAN,462,https://www.fenabrave.org.br/portal/files/2021_03_2.pdf
2021,3,2021-03,Automóveis,48,CAOA CHERY,TIGGO,428,https://www.fenabrave.org.br/portal/files/2021_03_2.pdf
2021,3,2021-03,Automóveis,49,TOYOTA,ETIOS SEDAN,393,https://www.fenabrave.org.br/portal/files/2021_03_2.pdf
2021,3,2021-03,Automóveis,50,NISSAN,V-DRIVE,378,https://www.fenabrave.org.br/portal/files/2021_03_2.pdf
2021,3,2021-03,Comerciais leves,1,FIAT,STRADA,10268,https://www.fenabrave.org.br/portal/files/2021_03_2.pdf
2021,3,2021-03,Comerciais leves,2,FIAT,TORO,6708,https://www.fenabrave.org.br/portal/files/2021_03_2.pdf
2021,3,2021-03,Comerciais leves,3,TOYOTA,HILUX,3233,https://www.fenabrave.org.br/portal/files/2021_03_2.pdf
2021,3,2021-03,Comerciais leves,4,VW,SAVEIRO,2910,https://www.fenabrave.org.br/portal/files/2021_03_2.pdf
2021,3,2021-03,Comerciais leves,5,FORD,RANGER,2386,https://www.fenabrave.org.br/portal/files/2021_03_2.pdf
2021,3,2021-03,Comerciais leves,6,FIAT,FIORINO,1949,https://www.fenabrave.org.br/portal/files/2021_03_2.pdf
2021,3,2021-03,Comerciais leves,7,GM,S10,1409,https://www.fenabrave.org.br/portal/files/2021_03_2.pdf
2021,3,2021-03,Comerciais leves,8,RENAULT,OROCH,1089,https://www.fenabrave.org.br/portal/files/2021_03_2.pdf
2021,3,2021-03,Comerciais leves,9,MITSUBISHI,L200,1063,https://www.fenabrave.org.br/portal/files/2021_03_2.pdf
2021,3,2021-03,Comerciais leves,10,NISSAN,FRONTIER,948,https://www.fenabrave.org.br/portal/files/2021_03_2.pdf
2021,3,2021-03,Comerciais leves,11,RENAULT,MASTER,652,https://www.fenabrave.org.br/portal/files/2021_03_2.pdf
2021,3,2021-03,Comerciais leves,12,GM,MONTANA,331,https://www.fenabrave.org.br/portal/files/2021_03_2.pdf
2021,3,2021-03,Comerciais leves,13,PEUGEOT,EXPERT,258,https://www.fenabrave.org.br/portal/files/2021_03_2.pdf
2021,3,2021-03,Comerciais leves,14,HYUNDAI,HR,252,https://www.fenabrave.org.br/portal/files/2021_03_2.pdf
2021,3,2021-03,Comerciais leves,15,VW/MAN,EXPRESS,235,https://www.fenabrave.org.br/portal/files/2021_03_2.pdf
2021,3,2021-03,Comerciais leves,16,CITROEN,JUMPY,232,https://www.fenabrave.org.br/portal/files/2021_03_2.pdf
2021,3,2021-03,Comerciais leves,17,IVECO,DAILY 35-150,227,https://www.fenabrave.org.br/portal/files/2021_03_2.pdf
2021,3,2021-03,Comerciais leves,18,FIAT,DUCATO,205,https://www.fenabrave.org.br/portal/files/2021_03_2.pdf
2021,3,2021-03,Comerciais leves,19,VW,AMAROK,171,https://www.fenabrave.org.br/portal/files/2021_03_2.pdf
2021,3,2021-03,Comerciais leves,20,KIA,K2500,92,https://www.fenabrave.org.br/portal/files/2021_03_2.pdf
2021,3,2021-03,Comerciais leves,21,M.BENZ,SPRINTER 416,73,https://www.fenabrave.org.br/portal/files/2021_03_2.pdf
2021,3,2021-03,Comerciais leves,22,PEUGEOT,PARTNER,70,https://www.fenabrave.org.br/portal/files/2021_03_2.pdf
2021,3,2021-03,Comerciais leves,23,M.BENZ,SPRINTER 314,69,https://www.fenabrave.org.br/portal/files/2021_03_2.pdf
2021,3,2021-03,Comerciais leves,24,IVECO,DAILY 30-130,56,https://www.fenabrave.org.br/portal/files/2021_03_2.pdf
2021,3,2021-03,Comerciais leves,25,RAM,2500,51,https://www.fenabrave.org.br/portal/files/2021_03_2.pdf
2021,3,2021-03,Comerciais leves,26,EFFA,V21,31,https://www.fenabrave.org.br/portal/files/2021_03_2.pdf
2021,3,2021-03,Comerciais leves,27,M.BENZ,SPRINTER,25,https://www.fenabrave.org.br/portal/files/2021_03_2.pdf
2021,3,2021-03,Comerciais leves,28,CITROEN,JUMPER,24,https://www.fenabrave.org.br/portal/files/2021_03_2.pdf
2021,3,2021-03,Comerciais leves,29,FOTON,AUMARK 1039,24,https://www.fenabrave.org.br/portal/files/2021_03_2.pdf
2021,3,2021-03,Comerciais leves,30,IVECO,DAILY,19,https://www.fenabrave.org.br/portal/files/2021_03_2.pdf
2021,3,2021-03,Comerciais leves,31,PEUGEOT,BOXER,17,https://www.fenabrave.org.br/portal/files/2021_03_2.pdf
2021,3,2021-03,Comerciais leves,32,FIAT,DOBLO,16,https://www.fenabrave.org.br/portal/files/2021_03_2.pdf
2021,3,2021-03,Comerciais leves,33,BYD,T3,14,https://www.fenabrave.org.br/portal/files/2021_03_2.pdf
2021,3,2021-03,Comerciais leves,34,JAC,V260,13,https://www.fenabrave.org.br/portal/files/2021_03_2.pdf
2021,3,2021-03,Comerciais leves,35,IVECO,DAILY 30S13,10,https://www.fenabrave.org.br/portal/files/2021_03_2.pdf
2021,3,2021-03,Comerciais leves,36,EFFA,V22,10,https://www.fenabrave.org.br/portal/files/2021_03_2.pdf
2021,3,2021-03,Comerciais leves,37,FOTON,AUMARK 3.5-14DT,7,https://www.fenabrave.org.br/portal/files/2021_03_2.pdf
2021,3,2021-03,Comerciais leves,38,IVECO,DAILY 35S14,5,https://www.fenabrave.org.br/portal/files/2021_03_2.pdf
2021,3,2021-03,Comerciais leves,39,M.BENZ,SPRINTER 313,4,https://www.fenabrave.org.br/portal/files/2021_03_2.pdf
2021,3,2021-03,Comerciais leves,40,IVECO,DAILY 5516,3,https://www.fenabrave.org.br/portal/files/2021_03_2.pdf
2021,3,2021-03,Comerciais leves,41,TOYOTA,BANDEIRANTE,3,https://www.fenabrave.org.br/portal/files/2021_03_2.pdf
2021,3,2021-03,Comerciais leves,42,M.BENZ,SPRINTER 311,2,https://www.fenabrave.org.br/portal/files/2021_03_2.pdf
2021,3,2021-03,Comerciais leves,43,VW,KOMBI,2,https://www.fenabrave.org.br/portal/files/2021_03_2.pdf
2021,3,2021-03,Comerciais leves,44,EFFA,V25,2,https://www.fenabrave.org.br/portal/files/2021_03_2.pdf
2021,3,2021-03,Comerciais leves,45,KIA,UK2500,1,https://www.fenabrave.org.br/portal/files/2021_03_2.pdf
2021,3,2021-03,Comerciais leves,46,RENAULT,KANGOO,1,https://www.fenabrave.org.br/portal/files/2021_03_2.pdf
2021,4,2021-04,Automóveis,1,FIAT,MOBI,6861,https://www.fenabrave.org.br/portal/files/2021_04_2.pdf
2021,4,2021-04,Automóveis,2,HYUNDAI,HB20,6849,https://www.fenabrave.org.br/portal/files/2021_04_2.pdf
2021,4,2021-04,Automóveis,3,JEEP,RENEGADE,6634,https://www.fenabrave.org.br/portal/files/2021_04_2.pdf
2021,4,2021-04,Automóveis,4,VW,GOL,6420,https://www.fenabrave.org.br/portal/files/2021_04_2.pdf
2021,4,2021-04,Automóveis,5,GM,ONIX,6402,https://www.fenabrave.org.br/portal/files/2021_04_2.pdf
2021,4,2021-04,Automóveis,6,HYUNDAI,CRETA,5544,https://www.fenabrave.org.br/portal/files/2021_04_2.pdf
2021,4,2021-04,Automóveis,7,JEEP,COMPASS,5504,https://www.fenabrave.org.br/portal/files/2021_04_2.pdf
2021,4,2021-04,Automóveis,8,FIAT,ARGO,5383,https://www.fenabrave.org.br/portal/files/2021_04_2.pdf
2021,4,2021-04,Automóveis,9,GM,TRACKER,5377,https://www.fenabrave.org.br/portal/files/2021_04_2.pdf
2021,4,2021-04,Automóveis,10,GM,ONIX PLUS,4896,https://www.fenabrave.org.br/portal/files/2021_04_2.pdf
2021,4,2021-04,Automóveis,11,RENAULT,KWID,4358,https://www.fenabrave.org.br/portal/files/2021_04_2.pdf
2021,4,2021-04,Automóveis,12,VW,T CROSS,4325,https://www.fenabrave.org.br/portal/files/2021_04_2.pdf
2021,4,2021-04,Automóveis,13,NISSAN,KICKS,3602,https://www.fenabrave.org.br/portal/files/2021_04_2.pdf
2021,4,2021-04,Automóveis,14,TOYOTA,COROLLA,3418,https://www.fenabrave.org.br/portal/files/2021_04_2.pdf
2021,4,2021-04,Automóveis,15,VW,NIVUS,3413,https://www.fenabrave.org.br/portal/files/2021_04_2.pdf
2021,4,2021-04,Automóveis,16,HONDA,HR-V,3095,https://www.fenabrave.org.br/portal/files/2021_04_2.pdf
2021,4,2021-04,Automóveis,17,VW,POLO,2516,https://www.fenabrave.org.br/portal/files/2021_04_2.pdf
2021,4,2021-04,Automóveis,18,VW,VOYAGE,2437,https://www.fenabrave.org.br/portal/files/2021_04_2.pdf
2021,4,2021-04,Automóveis,19,RENAULT,DUSTER,2414,https://www.fenabrave.org.br/portal/files/2021_04_2.pdf
2021,4,2021-04,Automóveis,20,VW,VIRTUS,2345,https://www.fenabrave.org.br/portal/files/2021_04_2.pdf
2021,4,2021-04,Automóveis,21,VW,FOX/CROSS FOX,2057,https://www.fenabrave.org.br/portal/files/2021_04_2.pdf
2021,4,2021-04,Automóveis,22,TOYOTA,YARIS HB,1949,https://www.fenabrave.org.br/portal/files/2021_04_2.pdf
2021,4,2021-04,Automóveis,23,TOYOTA,COROLLA CROSS,1889,https://www.fenabrave.org.br/portal/files/2021_04_2.pdf
2021,4,2021-04,Automóveis,24,HYUNDAI,HB20S,1721,https://www.fenabrave.org.br/portal/files/2021_04_2.pdf
2021,4,2021-04,Automóveis,25,FIAT,UNO,1569,https://www.fenabrave.org.br/portal/files/2021_04_2.pdf
2021,4,2021-04,Automóveis,26,CITROEN,C4 CACTUS,1452,https://www.fenabrave.org.br/portal/files/2021_04_2.pdf
2021,4,2021-04,Automóveis,27,RENAULT,SANDERO,1295,https://www.fenabrave.org.br/portal/files/2021_04_2.pdf
2021,4,2021-04,Automóveis,28,TOYOTA,HILUX SW4,1180,https://www.fenabrave.org.br/portal/files/2021_04_2.pdf
2021,4,2021-04,Automóveis,29,GM,SPIN,1134,https://www.fenabrave.org.br/portal/files/2021_04_2.pdf
2021,4,2021-04,Automóveis,30,RENAULT,LOGAN,1075,https://www.fenabrave.org.br/portal/files/2021_04_2.pdf
2021,4,2021-04,Automóveis,31,TOYOTA,YARIS SEDAN,1026,https://www.fenabrave.org.br/portal/files/2021_04_2.pdf
2021,4,2021-04,Automóveis,32,FIAT,SIENA,999,https://www.fenabrave.org.br/portal/files/2021_04_2.pdf
2021,4,2021-04,Automóveis,33,CAOA CHERY,TIGGO 5X,993,https://www.fenabrave.org.br/portal/files/2021_04_2.pdf
2021,4,2021-04,Automóveis,34,PEUGEOT,208,991,https://www.fenabrave.org.br/portal/files/2021_04_2.pdf
2021,4,2021-04,Automóveis,35,NISSAN,VERSA,948,https://www.fenabrave.org.br/portal/files/2021_04_2.pdf
2021,4,2021-04,Automóveis,36,FORD,KA,930,https://www.fenabrave.org.br/portal/files/2021_04_2.pdf
2021,4,2021-04,Automóveis,37,HONDA,CIVIC,859,https://www.fenabrave.org.br/portal/files/2021_04_2.pdf
2021,4,2021-04,Automóveis,38,HONDA,WR-V,848,https://www.fenabrave.org.br/portal/files/2021_04_2.pdf
2021,4,2021-04,Automóveis,39,CAOA CHERY,TIGGO 8,702,https://www.fenabrave.org.br/portal/files/2021_04_2.pdf
2021,4,2021-04,Automóveis,40,FIAT,CRONOS,591,https://www.fenabrave.org.br/portal/files/2021_04_2.pdf
2021,4,2021-04,Automóveis,41,VW,TIGUAN,569,https://www.fenabrave.org.br/portal/files/2021_04_2.pdf
2021,4,2021-04,Automóveis,42,HONDA,CITY,520,https://www.fenabrave.org.br/portal/files/2021_04_2.pdf
2021,4,2021-04,Automóveis,43,HONDA,FIT,506,https://www.fenabrave.org.br/portal/files/2021_04_2.pdf
2021,4,2021-04,Automóveis,44,BMW,320I,502,https://www.fenabrave.org.br/portal/files/2021_04_2.pdf
2021,4,2021-04,Automóveis,45,TOYOTA,ETIOS SEDAN,406,https://www.fenabrave.org.br/portal/files/2021_04_2.pdf
2021,4,2021-04,Automóveis,46,PEUGEOT,2008,400,https://www.fenabrave.org.br/portal/files/2021_04_2.pdf
2021,4,2021-04,Automóveis,47,VW,JETTA,360,https://www.fenabrave.org.br/portal/files/2021_04_2.pdf
2021,4,2021-04,Automóveis,48,RENAULT,CAPTUR,355,https://www.fenabrave.org.br/portal/files/2021_04_2.pdf
2021,4,2021-04,Automóveis,49,NISSAN,V-DRIVE,329,https://www.fenabrave.org.br/portal/files/2021_04_2.pdf
2021,4,2021-04,Automóveis,50,VOLVO,XC40,326,https://www.fenabrave.org.br/portal/files/2021_04_2.pdf
2021,4,2021-04,Comerciais leves,1,FIAT,STRADA,12581,https://www.fenabrave.org.br/portal/files/2021_04_2.pdf
2021,4,2021-04,Comerciais leves,2,FIAT,TORO,6682,https://www.fenabrave.org.br/portal/files/2021_04_2.pdf
2021,4,2021-04,Comerciais leves,3,TOYOTA,HILUX,3373,https://www.fenabrave.org.br/portal/files/2021_04_2.pdf
2021,4,2021-04,Comerciais leves,4,VW,SAVEIRO,2253,https://www.fenabrave.org.br/portal/files/2021_04_2.pdf
2021,4,2021-04,Comerciais leves,5,FORD,RANGER,2007,https://www.fenabrave.org.br/portal/files/2021_04_2.pdf
2021,4,2021-04,Comerciais leves,6,GM,S10,1987,https://www.fenabrave.org.br/portal/files/2021_04_2.pdf
2021,4,2021-04,Comerciais leves,7,FIAT,FIORINO,1227,https://www.fenabrave.org.br/portal/files/2021_04_2.pdf
2021,4,2021-04,Comerciais leves,8,MITSUBISHI,L200,1045,https://www.fenabrave.org.br/portal/files/2021_04_2.pdf
2021,4,2021-04,Comerciais leves,9,RENAULT,OROCH,967,https://www.fenabrave.org.br/portal/files/2021_04_2.pdf
2021,4,2021-04,Comerciais leves,10,VW,AMAROK,864,https://www.fenabrave.org.br/portal/files/2021_04_2.pdf
2021,4,2021-04,Comerciais leves,11,NISSAN,FRONTIER,618,https://www.fenabrave.org.br/portal/files/2021_04_2.pdf
2021,4,2021-04,Comerciais leves,12,RENAULT,MASTER,497,https://www.fenabrave.org.br/portal/files/2021_04_2.pdf
2021,4,2021-04,Comerciais leves,13,GM,MONTANA,480,https://www.fenabrave.org.br/portal/files/2021_04_2.pdf
2021,4,2021-04,Comerciais leves,14,VW/MAN,EXPRESS,249,https://www.fenabrave.org.br/portal/files/2021_04_2.pdf
2021,4,2021-04,Comerciais leves,15,PEUGEOT,EXPERT,238,https://www.fenabrave.org.br/portal/files/2021_04_2.pdf
2021,4,2021-04,Comerciais leves,16,HYUNDAI,HR,212,https://www.fenabrave.org.br/portal/files/2021_04_2.pdf
2021,4,2021-04,Comerciais leves,17,FIAT,DUCATO,176,https://www.fenabrave.org.br/portal/files/2021_04_2.pdf
2021,4,2021-04,Comerciais leves,18,IVECO,DAILY 35-150,175,https://www.fenabrave.org.br/portal/files/2021_04_2.pdf
2021,4,2021-04,Comerciais leves,19,CITROEN,JUMPY,150,https://www.fenabrave.org.br/portal/files/2021_04_2.pdf
2021,4,2021-04,Comerciais leves,20,KIA,K2500,142,https://www.fenabrave.org.br/portal/files/2021_04_2.pdf
2021,4,2021-04,Comerciais leves,21,FIAT,DOBLO,73,https://www.fenabrave.org.br/portal/files/2021_04_2.pdf
2021,4,2021-04,Comerciais leves,22,PEUGEOT,PARTNER,66,https://www.fenabrave.org.br/portal/files/2021_04_2.pdf
2021,4,2021-04,Comerciais leves,23,M.BENZ,SPRINTER 314,55,https://www.fenabrave.org.br/portal/files/2021_04_2.pdf
2021,4,2021-04,Comerciais leves,24,IVECO,DAILY 30-130,54,https://www.fenabrave.org.br/portal/files/2021_04_2.pdf
2021,4,2021-04,Comerciais leves,25,M.BENZ,SPRINTER 416,45,https://www.fenabrave.org.br/portal/files/2021_04_2.pdf
2021,4,2021-04,Comerciais leves,26,RAM,2500,40,https://www.fenabrave.org.br/portal/files/2021_04_2.pdf
2021,4,2021-04,Comerciais leves,27,RAM,1500,39,https://www.fenabrave.org.br/portal/files/2021_04_2.pdf
2021,4,2021-04,Comerciais leves,28,EFFA,V21,27,https://www.fenabrave.org.br/portal/files/2021_04_2.pdf
2021,4,2021-04,Comerciais leves,29,FOTON,AUMARK 1039,22,https://www.fenabrave.org.br/portal/files/2021_04_2.pdf
2021,4,2021-04,Comerciais leves,30,M.BENZ,SPRINTER,21,https://www.fenabrave.org.br/portal/files/2021_04_2.pdf
2021,4,2021-04,Comerciais leves,31,EFFA,V22,18,https://www.fenabrave.org.br/portal/files/2021_04_2.pdf
2021,4,2021-04,Comerciais leves,32,PEUGEOT,BOXER,14,https://www.fenabrave.org.br/portal/files/2021_04_2.pdf
2021,4,2021-04,Comerciais leves,33,CITROEN,JUMPER,12,https://www.fenabrave.org.br/portal/files/2021_04_2.pdf
2021,4,2021-04,Comerciais leves,34,IVECO,DAILY 35S14,6,https://www.fenabrave.org.br/portal/files/2021_04_2.pdf
2021,4,2021-04,Comerciais leves,35,FOTON,AUMARK 3.5-14DT,6,https://www.fenabrave.org.br/portal/files/2021_04_2.pdf
2021,4,2021-04,Comerciais leves,36,IVECO,DAILY 30S13,5,https://www.fenabrave.org.br/portal/files/2021_04_2.pdf
2021,4,2021-04,Comerciais leves,37,EFFA,V25,4,https://www.fenabrave.org.br/portal/files/2021_04_2.pdf
2021,4,2021-04,Comerciais leves,38,JAC,V260,4,https://www.fenabrave.org.br/portal/files/2021_04_2.pdf
2021,4,2021-04,Comerciais leves,39,IVECO,DAILY,3,https://www.fenabrave.org.br/portal/files/2021_04_2.pdf
2021,4,2021-04,Comerciais leves,40,VW,KOMBI,3,https://www.fenabrave.org.br/portal/files/2021_04_2.pdf
2021,4,2021-04,Comerciais leves,41,GM,C10,1,https://www.fenabrave.org.br/portal/files/2021_04_2.pdf
2021,4,2021-04,Comerciais leves,42,GM,C1404,1,https://www.fenabrave.org.br/portal/files/2021_04_2.pdf
2021,4,2021-04,Comerciais leves,43,GM,EL CAMINO,1,https://www.fenabrave.org.br/portal/files/2021_04_2.pdf
2021,4,2021-04,Comerciais leves,44,KIA,UK2500,1,https://www.fenabrave.org.br/portal/files/2021_04_2.pdf
2021,4,2021-04,Comerciais leves,45,M.BENZ,SPRINTER 311,1,https://www.fenabrave.org.br/portal/files/2021_04_2.pdf
2021,4,2021-04,Comerciais leves,46,TOYOTA,BANDEIRANTE,1,https://www.fenabrave.org.br/portal/files/2021_04_2.pdf
2021,5,2021-05,Automóveis,1,FIAT,ARGO,10929,https://www.fenabrave.org.br/portal/files/2021_05_2.pdf
2021,5,2021-05,Automóveis,2,FIAT,MOBI,7443,https://www.fenabrave.org.br/portal/files/2021_05_2.pdf
2021,5,2021-05,Automóveis,3,JEEP,RENEGADE,7361,https://www.fenabrave.org.br/portal/files/2021_05_2.pdf
2021,5,2021-05,Automóveis,4,HYUNDAI,HB20,7290,https://www.fenabrave.org.br/portal/files/2021_05_2.pdf
2021,5,2021-05,Automóveis,5,HYUNDAI,CRETA,6983,https://www.fenabrave.org.br/portal/files/2021_05_2.pdf
2021,5,2021-05,Automóveis,6,VW,GOL,6795,https://www.fenabrave.org.br/portal/files/2021_05_2.pdf
2021,5,2021-05,Automóveis,7,JEEP,COMPASS,6135,https://www.fenabrave.org.br/portal/files/2021_05_2.pdf
2021,5,2021-05,Automóveis,8,VW,T CROSS,5486,https://www.fenabrave.org.br/portal/files/2021_05_2.pdf
2021,5,2021-05,Automóveis,9,RENAULT,KWID,4852,https://www.fenabrave.org.br/portal/files/2021_05_2.pdf
2021,5,2021-05,Automóveis,10,GM,TRACKER,4718,https://www.fenabrave.org.br/portal/files/2021_05_2.pdf
2021,5,2021-05,Automóveis,11,GM,ONIX,3820,https://www.fenabrave.org.br/portal/files/2021_05_2.pdf
2021,5,2021-05,Automóveis,12,TOYOTA,COROLLA,3790,https://www.fenabrave.org.br/portal/files/2021_05_2.pdf
2021,5,2021-05,Automóveis,13,TOYOTA,COROLLA CROSS,3678,https://www.fenabrave.org.br/portal/files/2021_05_2.pdf
2021,5,2021-05,Automóveis,14,GM,ONIX PLUS,3367,https://www.fenabrave.org.br/portal/files/2021_05_2.pdf
2021,5,2021-05,Automóveis,15,HONDA,HR-V,3095,https://www.fenabrave.org.br/portal/files/2021_05_2.pdf
2021,5,2021-05,Automóveis,16,NISSAN,KICKS,2879,https://www.fenabrave.org.br/portal/files/2021_05_2.pdf
2021,5,2021-05,Automóveis,17,VW,VOYAGE,2850,https://www.fenabrave.org.br/portal/files/2021_05_2.pdf
2021,5,2021-05,Automóveis,18,VW,NIVUS,2836,https://www.fenabrave.org.br/portal/files/2021_05_2.pdf
2021,5,2021-05,Automóveis,19,FIAT,UNO,2666,https://www.fenabrave.org.br/portal/files/2021_05_2.pdf
2021,5,2021-05,Automóveis,20,RENAULT,DUSTER,2588,https://www.fenabrave.org.br/portal/files/2021_05_2.pdf
2021,5,2021-05,Automóveis,21,VW,FOX/CROSS FOX,2404,https://www.fenabrave.org.br/portal/files/2021_05_2.pdf
2021,5,2021-05,Automóveis,22,GM,SPIN,2362,https://www.fenabrave.org.br/portal/files/2021_05_2.pdf
2021,5,2021-05,Automóveis,23,TOYOTA,YARIS HB,2176,https://www.fenabrave.org.br/portal/files/2021_05_2.pdf
2021,5,2021-05,Automóveis,24,VW,POLO,2093,https://www.fenabrave.org.br/portal/files/2021_05_2.pdf
2021,5,2021-05,Automóveis,25,VW,VIRTUS,2058,https://www.fenabrave.org.br/portal/files/2021_05_2.pdf
2021,5,2021-05,Automóveis,26,FIAT,CRONOS,1968,https://www.fenabrave.org.br/portal/files/2021_05_2.pdf
2021,5,2021-05,Automóveis,27,HYUNDAI,HB20S,1934,https://www.fenabrave.org.br/portal/files/2021_05_2.pdf
2021,5,2021-05,Automóveis,28,HONDA,CIVIC,1529,https://www.fenabrave.org.br/portal/files/2021_05_2.pdf
2021,5,2021-05,Automóveis,29,CITROEN,C4 CACTUS,1500,https://www.fenabrave.org.br/portal/files/2021_05_2.pdf
2021,5,2021-05,Automóveis,30,RENAULT,SANDERO,1309,https://www.fenabrave.org.br/portal/files/2021_05_2.pdf
2021,5,2021-05,Automóveis,31,TOYOTA,YARIS SEDAN,1223,https://www.fenabrave.org.br/portal/files/2021_05_2.pdf
2021,5,2021-05,Automóveis,32,RENAULT,LOGAN,1198,https://www.fenabrave.org.br/portal/files/2021_05_2.pdf
2021,5,2021-05,Automóveis,33,FIAT,SIENA,1164,https://www.fenabrave.org.br/portal/files/2021_05_2.pdf
2021,5,2021-05,Automóveis,34,PEUGEOT,208,1141,https://www.fenabrave.org.br/portal/files/2021_05_2.pdf
2021,5,2021-05,Automóveis,35,CAOA CHERY,TIGGO 5X,1133,https://www.fenabrave.org.br/portal/files/2021_05_2.pdf
2021,5,2021-05,Automóveis,36,TOYOTA,HILUX SW4,1087,https://www.fenabrave.org.br/portal/files/2021_05_2.pdf
2021,5,2021-05,Automóveis,37,HONDA,WR-V,963,https://www.fenabrave.org.br/portal/files/2021_05_2.pdf
2021,5,2021-05,Automóveis,38,CAOA CHERY,TIGGO 8,846,https://www.fenabrave.org.br/portal/files/2021_05_2.pdf
2021,5,2021-05,Automóveis,39,NISSAN,VERSA,798,https://www.fenabrave.org.br/portal/files/2021_05_2.pdf
2021,5,2021-05,Automóveis,40,PEUGEOT,2008,781,https://www.fenabrave.org.br/portal/files/2021_05_2.pdf
2021,5,2021-05,Automóveis,41,HONDA,FIT,756,https://www.fenabrave.org.br/portal/files/2021_05_2.pdf
2021,5,2021-05,Automóveis,42,FORD,KA,753,https://www.fenabrave.org.br/portal/files/2021_05_2.pdf
2021,5,2021-05,Automóveis,43,NISSAN,V-DRIVE,667,https://www.fenabrave.org.br/portal/files/2021_05_2.pdf
2021,5,2021-05,Automóveis,44,HONDA,CITY,657,https://www.fenabrave.org.br/portal/files/2021_05_2.pdf
2021,5,2021-05,Automóveis,45,CAOA CHERY,TIGGO 2,563,https://www.fenabrave.org.br/portal/files/2021_05_2.pdf
2021,5,2021-05,Automóveis,46,BMW,320I,557,https://www.fenabrave.org.br/portal/files/2021_05_2.pdf
2021,5,2021-05,Automóveis,47,RENAULT,CAPTUR,549,https://www.fenabrave.org.br/portal/files/2021_05_2.pdf
2021,5,2021-05,Automóveis,48,FIAT,DOBLO,537,https://www.fenabrave.org.br/portal/files/2021_05_2.pdf
2021,5,2021-05,Automóveis,49,VW,TIGUAN,483,https://www.fenabrave.org.br/portal/files/2021_05_2.pdf
2021,5,2021-05,Automóveis,50,VOLVO,XC40,375,https://www.fenabrave.org.br/portal/files/2021_05_2.pdf
2021,5,2021-05,Comerciais leves,1,FIAT,STRADA,9918,https://www.fenabrave.org.br/portal/files/2021_05_2.pdf
2021,5,2021-05,Comerciais leves,2,FIAT,TORO,3942,https://www.fenabrave.org.br/portal/files/2021_05_2.pdf
2021,5,2021-05,Comerciais leves,3,TOYOTA,HILUX,3132,https://www.fenabrave.org.br/portal/files/2021_05_2.pdf
2021,5,2021-05,Comerciais leves,4,VW,SAVEIRO,2457,https://www.fenabrave.org.br/portal/files/2021_05_2.pdf
2021,5,2021-05,Comerciais leves,5,GM,S10,1946,https://www.fenabrave.org.br/portal/files/2021_05_2.pdf
2021,5,2021-05,Comerciais leves,6,FIAT,FIORINO,1591,https://www.fenabrave.org.br/portal/files/2021_05_2.pdf
2021,5,2021-05,Comerciais leves,7,FORD,RANGER,1430,https://www.fenabrave.org.br/portal/files/2021_05_2.pdf
2021,5,2021-05,Comerciais leves,8,MITSUBISHI,L200,1242,https://www.fenabrave.org.br/portal/files/2021_05_2.pdf
2021,5,2021-05,Comerciais leves,9,VW,AMAROK,1103,https://www.fenabrave.org.br/portal/files/2021_05_2.pdf
2021,5,2021-05,Comerciais leves,10,RENAULT,MASTER,909,https://www.fenabrave.org.br/portal/files/2021_05_2.pdf
2021,5,2021-05,Comerciais leves,11,RENAULT,OROCH,878,https://www.fenabrave.org.br/portal/files/2021_05_2.pdf
2021,5,2021-05,Comerciais leves,12,NISSAN,FRONTIER,760,https://www.fenabrave.org.br/portal/files/2021_05_2.pdf
2021,5,2021-05,Comerciais leves,13,GM,MONTANA,519,https://www.fenabrave.org.br/portal/files/2021_05_2.pdf
2021,5,2021-05,Comerciais leves,14,PEUGEOT,EXPERT,482,https://www.fenabrave.org.br/portal/files/2021_05_2.pdf
2021,5,2021-05,Comerciais leves,15,CITROEN,JUMPY,385,https://www.fenabrave.org.br/portal/files/2021_05_2.pdf
2021,5,2021-05,Comerciais leves,16,HYUNDAI,HR,306,https://www.fenabrave.org.br/portal/files/2021_05_2.pdf
2021,5,2021-05,Comerciais leves,17,VW/MAN,EXPRESS,257,https://www.fenabrave.org.br/portal/files/2021_05_2.pdf
2021,5,2021-05,Comerciais leves,18,FIAT,DUCATO,247,https://www.fenabrave.org.br/portal/files/2021_05_2.pdf
2021,5,2021-05,Comerciais leves,19,RAM,2500,207,https://www.fenabrave.org.br/portal/files/2021_05_2.pdf
2021,5,2021-05,Comerciais leves,20,IVECO,DAILY 35-150,204,https://www.fenabrave.org.br/portal/files/2021_05_2.pdf
2021,5,2021-05,Comerciais leves,21,RAM,1500,197,https://www.fenabrave.org.br/portal/files/2021_05_2.pdf
2021,5,2021-05,Comerciais leves,22,KIA,K2500,179,https://www.fenabrave.org.br/portal/files/2021_05_2.pdf
2021,5,2021-05,Comerciais leves,23,FIAT,DOBLO,81,https://www.fenabrave.org.br/portal/files/2021_05_2.pdf
2021,5,2021-05,Comerciais leves,24,IVECO,DAILY 30-130,65,https://www.fenabrave.org.br/portal/files/2021_05_2.pdf
2021,5,2021-05,Comerciais leves,25,M.BENZ,SPRINTER 416,62,https://www.fenabrave.org.br/portal/files/2021_05_2.pdf
2021,5,2021-05,Comerciais leves,26,M.BENZ,SPRINTER 314,48,https://www.fenabrave.org.br/portal/files/2021_05_2.pdf
2021,5,2021-05,Comerciais leves,27,EFFA,V21,43,https://www.fenabrave.org.br/portal/files/2021_05_2.pdf
2021,5,2021-05,Comerciais leves,28,PEUGEOT,PARTNER,28,https://www.fenabrave.org.br/portal/files/2021_05_2.pdf
2021,5,2021-05,Comerciais leves,29,FOTON,AUMARK 1039,16,https://www.fenabrave.org.br/portal/files/2021_05_2.pdf
2021,5,2021-05,Comerciais leves,30,JAC,V260,13,https://www.fenabrave.org.br/portal/files/2021_05_2.pdf
2021,5,2021-05,Comerciais leves,31,M.BENZ,SPRINTER,12,https://www.fenabrave.org.br/portal/files/2021_05_2.pdf
2021,5,2021-05,Comerciais leves,32,EFFA,V22,12,https://www.fenabrave.org.br/portal/files/2021_05_2.pdf
2021,5,2021-05,Comerciais leves,33,CITROEN,JUMPER,11,https://www.fenabrave.org.br/portal/files/2021_05_2.pdf
2021,5,2021-05,Comerciais leves,34,PEUGEOT,BOXER,10,https://www.fenabrave.org.br/portal/files/2021_05_2.pdf
2021,5,2021-05,Comerciais leves,35,IVECO,DAILY 35S14,6,https://www.fenabrave.org.br/portal/files/2021_05_2.pdf
2021,5,2021-05,Comerciais leves,36,FOTON,AUMARK 3.5-14DT,6,https://www.fenabrave.org.br/portal/files/2021_05_2.pdf
2021,5,2021-05,Comerciais leves,37,IVECO,DAILY 30S13,4,https://www.fenabrave.org.br/portal/files/2021_05_2.pdf
2021,5,2021-05,Comerciais leves,38,EFFA,V25,4,https://www.fenabrave.org.br/portal/files/2021_05_2.pdf
2021,5,2021-05,Comerciais leves,39,BYD,T3,4,https://www.fenabrave.org.br/portal/files/2021_05_2.pdf
2021,5,2021-05,Comerciais leves,40,GM,CHEVROLET,2,https://www.fenabrave.org.br/portal/files/2021_05_2.pdf
2021,5,2021-05,Comerciais leves,41,IVECO,DAILY,2,https://www.fenabrave.org.br/portal/files/2021_05_2.pdf
2021,5,2021-05,Comerciais leves,42,FIAT,UNO,1,https://www.fenabrave.org.br/portal/files/2021_05_2.pdf
2021,5,2021-05,Comerciais leves,43,FORD,F75,1,https://www.fenabrave.org.br/portal/files/2021_05_2.pdf
2021,5,2021-05,Comerciais leves,44,GM,C10,1,https://www.fenabrave.org.br/portal/files/2021_05_2.pdf
2021,5,2021-05,Comerciais leves,45,KIA,BESTA,1,https://www.fenabrave.org.br/portal/files/2021_05_2.pdf
2021,5,2021-05,Comerciais leves,46,M.BENZ,EQV 300,1,https://www.fenabrave.org.br/portal/files/2021_05_2.pdf
2021,5,2021-05,Comerciais leves,47,M.BENZ,SPRINTER 311,1,https://www.fenabrave.org.br/portal/files/2021_05_2.pdf
2021,5,2021-05,Comerciais leves,48,M.BENZ,SPRINTER 313,1,https://www.fenabrave.org.br/portal/files/2021_05_2.pdf
2021,5,2021-05,Comerciais leves,49,TOYOTA,BANDEIRANTE,1,https://www.fenabrave.org.br/portal/files/2021_05_2.pdf
2021,5,2021-05,Comerciais leves,50,VW,KOMBI,1,https://www.fenabrave.org.br/portal/files/2021_05_2.pdf
2021,6,2021-06,Automóveis,1,FIAT,ARGO,9382,https://www.fenabrave.org.br/portal/files/2021_06_2.pdf
2021,6,2021-06,Automóveis,2,HYUNDAI,HB20,7609,https://www.fenabrave.org.br/portal/files/2021_06_2.pdf
2021,6,2021-06,Automóveis,3,FIAT,MOBI,7529,https://www.fenabrave.org.br/portal/files/2021_06_2.pdf
2021,6,2021-06,Automóveis,4,JEEP,RENEGADE,7504,https://www.fenabrave.org.br/portal/files/2021_06_2.pdf
2021,6,2021-06,Automóveis,5,RENAULT,KWID,6083,https://www.fenabrave.org.br/portal/files/2021_06_2.pdf
2021,6,2021-06,Automóveis,6,JEEP,COMPASS,6046,https://www.fenabrave.org.br/portal/files/2021_06_2.pdf
2021,6,2021-06,Automóveis,7,HYUNDAI,CRETA,5902,https://www.fenabrave.org.br/portal/files/2021_06_2.pdf
2021,6,2021-06,Automóveis,8,FIAT,CRONOS,5404,https://www.fenabrave.org.br/portal/files/2021_06_2.pdf
2021,6,2021-06,Automóveis,9,VW,GOL,4742,https://www.fenabrave.org.br/portal/files/2021_06_2.pdf
2021,6,2021-06,Automóveis,10,TOYOTA,COROLLA CROSS,4710,https://www.fenabrave.org.br/portal/files/2021_06_2.pdf
2021,6,2021-06,Automóveis,11,TOYOTA,COROLLA,3544,https://www.fenabrave.org.br/portal/files/2021_06_2.pdf
2021,6,2021-06,Automóveis,12,VW,T CROSS,3318,https://www.fenabrave.org.br/portal/files/2021_06_2.pdf
2021,6,2021-06,Automóveis,13,NISSAN,KICKS,3250,https://www.fenabrave.org.br/portal/files/2021_06_2.pdf
2021,6,2021-06,Automóveis,14,VW,NIVUS,2823,https://www.fenabrave.org.br/portal/files/2021_06_2.pdf
2021,6,2021-06,Automóveis,15,FIAT,UNO,2632,https://www.fenabrave.org.br/portal/files/2021_06_2.pdf
2021,6,2021-06,Automóveis,16,HYUNDAI,HB20S,2579,https://www.fenabrave.org.br/portal/files/2021_06_2.pdf
2021,6,2021-06,Automóveis,17,GM,ONIX,2532,https://www.fenabrave.org.br/portal/files/2021_06_2.pdf
2021,6,2021-06,Automóveis,18,HONDA,HR-V,2469,https://www.fenabrave.org.br/portal/files/2021_06_2.pdf
2021,6,2021-06,Automóveis,19,RENAULT,DUSTER,2353,https://www.fenabrave.org.br/portal/files/2021_06_2.pdf
2021,6,2021-06,Automóveis,20,CITROEN,C4 CACTUS,2151,https://www.fenabrave.org.br/portal/files/2021_06_2.pdf
2021,6,2021-06,Automóveis,21,TOYOTA,YARIS HB,2046,https://www.fenabrave.org.br/portal/files/2021_06_2.pdf
2021,6,2021-06,Automóveis,22,GM,SPIN,2007,https://www.fenabrave.org.br/portal/files/2021_06_2.pdf
2021,6,2021-06,Automóveis,23,VW,VIRTUS,1952,https://www.fenabrave.org.br/portal/files/2021_06_2.pdf
2021,6,2021-06,Automóveis,24,HONDA,CIVIC,1939,https://www.fenabrave.org.br/portal/files/2021_06_2.pdf
2021,6,2021-06,Automóveis,25,PEUGEOT,208,1738,https://www.fenabrave.org.br/portal/files/2021_06_2.pdf
2021,6,2021-06,Automóveis,26,VW,FOX/CROSS FOX,1625,https://www.fenabrave.org.br/portal/files/2021_06_2.pdf
2021,6,2021-06,Automóveis,27,VW,POLO,1554,https://www.fenabrave.org.br/portal/files/2021_06_2.pdf
2021,6,2021-06,Automóveis,28,VW,VOYAGE,1552,https://www.fenabrave.org.br/portal/files/2021_06_2.pdf
2021,6,2021-06,Automóveis,29,RENAULT,SANDERO,1548,https://www.fenabrave.org.br/portal/files/2021_06_2.pdf
2021,6,2021-06,Automóveis,30,GM,ONIX PLUS,1525,https://www.fenabrave.org.br/portal/files/2021_06_2.pdf
2021,6,2021-06,Automóveis,31,TOYOTA,YARIS SEDAN,1220,https://www.fenabrave.org.br/portal/files/2021_06_2.pdf
2021,6,2021-06,Automóveis,32,TOYOTA,HILUX SW4,1165,https://www.fenabrave.org.br/portal/files/2021_06_2.pdf
2021,6,2021-06,Automóveis,33,GM,TRACKER,990,https://www.fenabrave.org.br/portal/files/2021_06_2.pdf
2021,6,2021-06,Automóveis,34,CAOA CHERY,TIGGO 5X,967,https://www.fenabrave.org.br/portal/files/2021_06_2.pdf
2021,6,2021-06,Automóveis,35,CAOA CHERY,TIGGO 8,888,https://www.fenabrave.org.br/portal/files/2021_06_2.pdf
2021,6,2021-06,Automóveis,36,PEUGEOT,2008,830,https://www.fenabrave.org.br/portal/files/2021_06_2.pdf
2021,6,2021-06,Automóveis,37,FIAT,SIENA,829,https://www.fenabrave.org.br/portal/files/2021_06_2.pdf
2021,6,2021-06,Automóveis,38,HONDA,FIT,795,https://www.fenabrave.org.br/portal/files/2021_06_2.pdf
2021,6,2021-06,Automóveis,39,FIAT,DOBLO,791,https://www.fenabrave.org.br/portal/files/2021_06_2.pdf
2021,6,2021-06,Automóveis,40,RENAULT,LOGAN,772,https://www.fenabrave.org.br/portal/files/2021_06_2.pdf
2021,6,2021-06,Automóveis,41,NISSAN,VERSA,667,https://www.fenabrave.org.br/portal/files/2021_06_2.pdf
2021,6,2021-06,Automóveis,42,HONDA,CITY,616,https://www.fenabrave.org.br/portal/files/2021_06_2.pdf
2021,6,2021-06,Automóveis,43,HONDA,WR-V,588,https://www.fenabrave.org.br/portal/files/2021_06_2.pdf
2021,6,2021-06,Automóveis,44,VW,TIGUAN,540,https://www.fenabrave.org.br/portal/files/2021_06_2.pdf
2021,6,2021-06,Automóveis,45,RENAULT,CAPTUR,495,https://www.fenabrave.org.br/portal/files/2021_06_2.pdf
2021,6,2021-06,Automóveis,46,CAOA CHERY,TIGGO 2,489,https://www.fenabrave.org.br/portal/files/2021_06_2.pdf
2021,6,2021-06,Automóveis,47,M.BENZ,CLASSE GLB,482,https://www.fenabrave.org.br/portal/files/2021_06_2.pdf
2021,6,2021-06,Automóveis,48,BMW,320I,475,https://www.fenabrave.org.br/portal/files/2021_06_2.pdf
2021,6,2021-06,Automóveis,49,VW,TAOS,463,https://www.fenabrave.org.br/portal/files/2021_06_2.pdf
2021,6,2021-06,Automóveis,50,FORD,TERRITORY,432,https://www.fenabrave.org.br/portal/files/2021_06_2.pdf
2021,6,2021-06,Comerciais leves,1,FIAT,STRADA,9697,https://www.fenabrave.org.br/portal/files/2021_06_2.pdf
2021,6,2021-06,Comerciais leves,2,FIAT,TORO,5909,https://www.fenabrave.org.br/portal/files/2021_06_2.pdf
2021,6,2021-06,Comerciais leves,3,TOYOTA,HILUX,3535,https://www.fenabrave.org.br/portal/files/2021_06_2.pdf
2021,6,2021-06,Comerciais leves,4,GM,S10,3321,https://www.fenabrave.org.br/portal/files/2021_06_2.pdf
2021,6,2021-06,Comerciais leves,5,VW,SAVEIRO,2932,https://www.fenabrave.org.br/portal/files/2021_06_2.pdf
2021,6,2021-06,Comerciais leves,6,FIAT,FIORINO,1923,https://www.fenabrave.org.br/portal/files/2021_06_2.pdf
2021,6,2021-06,Comerciais leves,7,MITSUBISHI,L200,1195,https://www.fenabrave.org.br/portal/files/2021_06_2.pdf
2021,6,2021-06,Comerciais leves,8,RENAULT,OROCH,1052,https://www.fenabrave.org.br/portal/files/2021_06_2.pdf
2021,6,2021-06,Comerciais leves,9,VW,AMAROK,944,https://www.fenabrave.org.br/portal/files/2021_06_2.pdf
2021,6,2021-06,Comerciais leves,10,RENAULT,MASTER,790,https://www.fenabrave.org.br/portal/files/2021_06_2.pdf
2021,6,2021-06,Comerciais leves,11,NISSAN,FRONTIER,771,https://www.fenabrave.org.br/portal/files/2021_06_2.pdf
2021,6,2021-06,Comerciais leves,12,FORD,RANGER,747,https://www.fenabrave.org.br/portal/files/2021_06_2.pdf
2021,6,2021-06,Comerciais leves,13,VW/MAN,EXPRESS,404,https://www.fenabrave.org.br/portal/files/2021_06_2.pdf
2021,6,2021-06,Comerciais leves,14,CITROEN,JUMPY,386,https://www.fenabrave.org.br/portal/files/2021_06_2.pdf
2021,6,2021-06,Comerciais leves,15,RAM,2500,369,https://www.fenabrave.org.br/portal/files/2021_06_2.pdf
2021,6,2021-06,Comerciais leves,16,PEUGEOT,EXPERT,366,https://www.fenabrave.org.br/portal/files/2021_06_2.pdf
2021,6,2021-06,Comerciais leves,17,HYUNDAI,HR,298,https://www.fenabrave.org.br/portal/files/2021_06_2.pdf
2021,6,2021-06,Comerciais leves,18,KIA,K2500,274,https://www.fenabrave.org.br/portal/files/2021_06_2.pdf
2021,6,2021-06,Comerciais leves,19,GM,MONTANA,237,https://www.fenabrave.org.br/portal/files/2021_06_2.pdf
2021,6,2021-06,Comerciais leves,20,FIAT,DUCATO,214,https://www.fenabrave.org.br/portal/files/2021_06_2.pdf
2021,6,2021-06,Comerciais leves,21,IVECO,DAILY 35-150,165,https://www.fenabrave.org.br/portal/files/2021_06_2.pdf
2021,6,2021-06,Comerciais leves,22,FIAT,DOBLO,135,https://www.fenabrave.org.br/portal/files/2021_06_2.pdf
2021,6,2021-06,Comerciais leves,23,IVECO,DAILY 30-130,85,https://www.fenabrave.org.br/portal/files/2021_06_2.pdf
2021,6,2021-06,Comerciais leves,24,BYD,T3,82,https://www.fenabrave.org.br/portal/files/2021_06_2.pdf
2021,6,2021-06,Comerciais leves,25,M.BENZ,SPRINTER 416,77,https://www.fenabrave.org.br/portal/files/2021_06_2.pdf
2021,6,2021-06,Comerciais leves,26,RAM,1500,77,https://www.fenabrave.org.br/portal/files/2021_06_2.pdf
2021,6,2021-06,Comerciais leves,27,EFFA,V21,67,https://www.fenabrave.org.br/portal/files/2021_06_2.pdf
2021,6,2021-06,Comerciais leves,28,M.BENZ,SPRINTER 314,49,https://www.fenabrave.org.br/portal/files/2021_06_2.pdf
2021,6,2021-06,Comerciais leves,29,PEUGEOT,PARTNER,43,https://www.fenabrave.org.br/portal/files/2021_06_2.pdf
2021,6,2021-06,Comerciais leves,30,PEUGEOT,BOXER,40,https://www.fenabrave.org.br/portal/files/2021_06_2.pdf
2021,6,2021-06,Comerciais leves,31,EFFA,V22,21,https://www.fenabrave.org.br/portal/files/2021_06_2.pdf
2021,6,2021-06,Comerciais leves,32,M.BENZ,SPRINTER,20,https://www.fenabrave.org.br/portal/files/2021_06_2.pdf
2021,6,2021-06,Comerciais leves,33,JAC,V260,16,https://www.fenabrave.org.br/portal/files/2021_06_2.pdf
2021,6,2021-06,Comerciais leves,34,FOTON,AUMARK 1039,8,https://www.fenabrave.org.br/portal/files/2021_06_2.pdf
2021,6,2021-06,Comerciais leves,35,CITROEN,JUMPER,5,https://www.fenabrave.org.br/portal/files/2021_06_2.pdf
2021,6,2021-06,Comerciais leves,36,IVECO,DAILY 30S13,3,https://www.fenabrave.org.br/portal/files/2021_06_2.pdf
2021,6,2021-06,Comerciais leves,37,IVECO,DAILY 5516,2,https://www.fenabrave.org.br/portal/files/2021_06_2.pdf
2021,6,2021-06,Comerciais leves,38,EFFA,V25,2,https://www.fenabrave.org.br/portal/files/2021_06_2.pdf
2021,6,2021-06,Comerciais leves,39,CADILLAC,CADILLAC,1,https://www.fenabrave.org.br/portal/files/2021_06_2.pdf
2021,6,2021-06,Comerciais leves,40,FORD,F100,1,https://www.fenabrave.org.br/portal/files/2021_06_2.pdf
2021,6,2021-06,Comerciais leves,41,FORD,F1000,1,https://www.fenabrave.org.br/portal/files/2021_06_2.pdf
2021,6,2021-06,Comerciais leves,42,FORD,F150,1,https://www.fenabrave.org.br/portal/files/2021_06_2.pdf
2021,6,2021-06,Comerciais leves,43,FORD,F75,1,https://www.fenabrave.org.br/portal/files/2021_06_2.pdf
2021,6,2021-06,Comerciais leves,44,RENAULT,KANGOO,1,https://www.fenabrave.org.br/portal/files/2021_06_2.pdf
2021,6,2021-06,Comerciais leves,45,TOYOTA,BANDEIRANTE,1,https://www.fenabrave.org.br/portal/files/2021_06_2.pdf
2021,6,2021-06,Comerciais leves,46,JAC,IEV 330P,1,https://www.fenabrave.org.br/portal/files/2021_06_2.pdf
2021,6,2021-06,Comerciais leves,47,FOTON,AUMARK 3.5-14DT,1,https://www.fenabrave.org.br/portal/files/2021_06_2.pdf
2021,7,2021-07,Automóveis,1,FIAT,ARGO,10873,https://www.fenabrave.org.br/portal/files/2021_07_2.pdf
2021,7,2021-07,Automóveis,2,FIAT,MOBI,8059,https://www.fenabrave.org.br/portal/files/2021_07_2.pdf
2021,7,2021-07,Automóveis,3,HYUNDAI,HB20,7799,https://www.fenabrave.org.br/portal/files/2021_07_2.pdf
2021,7,2021-07,Automóveis,4,JEEP,RENEGADE,6855,https://www.fenabrave.org.br/portal/files/2021_07_2.pdf
2021,7,2021-07,Automóveis,5,JEEP,COMPASS,6670,https://www.fenabrave.org.br/portal/files/2021_07_2.pdf
2021,7,2021-07,Automóveis,6,TOYOTA,COROLLA CROSS,5068,https://www.fenabrave.org.br/portal/files/2021_07_2.pdf
2021,7,2021-07,Automóveis,7,RENAULT,KWID,4865,https://www.fenabrave.org.br/portal/files/2021_07_2.pdf
2021,7,2021-07,Automóveis,8,HYUNDAI,CRETA,4268,https://www.fenabrave.org.br/portal/files/2021_07_2.pdf
2021,7,2021-07,Automóveis,9,TOYOTA,COROLLA,3925,https://www.fenabrave.org.br/portal/files/2021_07_2.pdf
2021,7,2021-07,Automóveis,10,VW,NIVUS,3505,https://www.fenabrave.org.br/portal/files/2021_07_2.pdf
2021,7,2021-07,Automóveis,11,VW,T CROSS,3392,https://www.fenabrave.org.br/portal/files/2021_07_2.pdf
2021,7,2021-07,Automóveis,12,NISSAN,KICKS,3029,https://www.fenabrave.org.br/portal/files/2021_07_2.pdf
2021,7,2021-07,Automóveis,13,FIAT,CRONOS,2586,https://www.fenabrave.org.br/portal/files/2021_07_2.pdf
2021,7,2021-07,Automóveis,14,RENAULT,DUSTER,2532,https://www.fenabrave.org.br/portal/files/2021_07_2.pdf
2021,7,2021-07,Automóveis,15,HYUNDAI,HB20S,2408,https://www.fenabrave.org.br/portal/files/2021_07_2.pdf
2021,7,2021-07,Automóveis,16,HONDA,HR-V,2338,https://www.fenabrave.org.br/portal/files/2021_07_2.pdf
2021,7,2021-07,Automóveis,17,CITROEN,C4 CACTUS,2285,https://www.fenabrave.org.br/portal/files/2021_07_2.pdf
2021,7,2021-07,Automóveis,18,TOYOTA,YARIS HB,2285,https://www.fenabrave.org.br/portal/files/2021_07_2.pdf
2021,7,2021-07,Automóveis,19,VW,VIRTUS,1929,https://www.fenabrave.org.br/portal/files/2021_07_2.pdf
2021,7,2021-07,Automóveis,20,VW,GOL,1805,https://www.fenabrave.org.br/portal/files/2021_07_2.pdf
2021,7,2021-07,Automóveis,21,HONDA,CIVIC,1785,https://www.fenabrave.org.br/portal/files/2021_07_2.pdf
2021,7,2021-07,Automóveis,22,PEUGEOT,208,1637,https://www.fenabrave.org.br/portal/files/2021_07_2.pdf
2021,7,2021-07,Automóveis,23,RENAULT,SANDERO,1406,https://www.fenabrave.org.br/portal/files/2021_07_2.pdf
2021,7,2021-07,Automóveis,24,FIAT,UNO,1403,https://www.fenabrave.org.br/portal/files/2021_07_2.pdf
2021,7,2021-07,Automóveis,25,FIAT,SIENA,1394,https://www.fenabrave.org.br/portal/files/2021_07_2.pdf
2021,7,2021-07,Automóveis,26,VW,POLO,1392,https://www.fenabrave.org.br/portal/files/2021_07_2.pdf
2021,7,2021-07,Automóveis,27,GM,ONIX,1387,https://www.fenabrave.org.br/portal/files/2021_07_2.pdf
2021,7,2021-07,Automóveis,28,VW,FOX/CROSS FOX,1321,https://www.fenabrave.org.br/portal/files/2021_07_2.pdf
2021,7,2021-07,Automóveis,29,TOYOTA,HILUX SW4,1308,https://www.fenabrave.org.br/portal/files/2021_07_2.pdf
2021,7,2021-07,Automóveis,30,TOYOTA,YARIS SEDAN,1254,https://www.fenabrave.org.br/portal/files/2021_07_2.pdf
2021,7,2021-07,Automóveis,31,GM,SPIN,1175,https://www.fenabrave.org.br/portal/files/2021_07_2.pdf
2021,7,2021-07,Automóveis,32,NISSAN,V-DRIVE,1170,https://www.fenabrave.org.br/portal/files/2021_07_2.pdf
2021,7,2021-07,Automóveis,33,CAOA CHERY,TIGGO 5X,1109,https://www.fenabrave.org.br/portal/files/2021_07_2.pdf
2021,7,2021-07,Automóveis,34,VW,TAOS,1026,https://www.fenabrave.org.br/portal/files/2021_07_2.pdf
2021,7,2021-07,Automóveis,35,PEUGEOT,2008,975,https://www.fenabrave.org.br/portal/files/2021_07_2.pdf
2021,7,2021-07,Automóveis,36,CAOA CHERY,TIGGO 8,906,https://www.fenabrave.org.br/portal/files/2021_07_2.pdf
2021,7,2021-07,Automóveis,37,HONDA,FIT,838,https://www.fenabrave.org.br/portal/files/2021_07_2.pdf
2021,7,2021-07,Automóveis,38,GM,CRUZE SEDAN,817,https://www.fenabrave.org.br/portal/files/2021_07_2.pdf
2021,7,2021-07,Automóveis,39,FIAT,DOBLO,800,https://www.fenabrave.org.br/portal/files/2021_07_2.pdf
2021,7,2021-07,Automóveis,40,GM,ONIX PLUS,707,https://www.fenabrave.org.br/portal/files/2021_07_2.pdf
2021,7,2021-07,Automóveis,41,HONDA,CITY,605,https://www.fenabrave.org.br/portal/files/2021_07_2.pdf
2021,7,2021-07,Automóveis,42,CAOA CHERY,TIGGO 2,539,https://www.fenabrave.org.br/portal/files/2021_07_2.pdf
2021,7,2021-07,Automóveis,43,CAOA CHERY,TIGGO 3X,515,https://www.fenabrave.org.br/portal/files/2021_07_2.pdf
2021,7,2021-07,Automóveis,44,BMW,320I,506,https://www.fenabrave.org.br/portal/files/2021_07_2.pdf
2021,7,2021-07,Automóveis,45,M.BENZ,CLASSE GLB,498,https://www.fenabrave.org.br/portal/files/2021_07_2.pdf
2021,7,2021-07,Automóveis,46,RENAULT,CAPTUR,473,https://www.fenabrave.org.br/portal/files/2021_07_2.pdf
2021,7,2021-07,Automóveis,47,RENAULT,LOGAN,457,https://www.fenabrave.org.br/portal/files/2021_07_2.pdf
2021,7,2021-07,Automóveis,48,NISSAN,VERSA,448,https://www.fenabrave.org.br/portal/files/2021_07_2.pdf
2021,7,2021-07,Automóveis,49,GM,TRAILBLAZER,435,https://www.fenabrave.org.br/portal/files/2021_07_2.pdf
2021,7,2021-07,Automóveis,50,VOLVO,XC60,420,https://www.fenabrave.org.br/portal/files/2021_07_2.pdf
2021,7,2021-07,Comerciais leves,1,FIAT,STRADA,9439,https://www.fenabrave.org.br/portal/files/2021_07_2.pdf
2021,7,2021-07,Comerciais leves,2,FIAT,TORO,7030,https://www.fenabrave.org.br/portal/files/2021_07_2.pdf
2021,7,2021-07,Comerciais leves,3,TOYOTA,HILUX,4576,https://www.fenabrave.org.br/portal/files/2021_07_2.pdf
2021,7,2021-07,Comerciais leves,4,GM,S10,4142,https://www.fenabrave.org.br/portal/files/2021_07_2.pdf
2021,7,2021-07,Comerciais leves,5,RENAULT,OROCH,1872,https://www.fenabrave.org.br/portal/files/2021_07_2.pdf
2021,7,2021-07,Comerciais leves,6,FORD,RANGER,1827,https://www.fenabrave.org.br/portal/files/2021_07_2.pdf
2021,7,2021-07,Comerciais leves,7,FIAT,FIORINO,1609,https://www.fenabrave.org.br/portal/files/2021_07_2.pdf
2021,7,2021-07,Comerciais leves,8,VW,SAVEIRO,1409,https://www.fenabrave.org.br/portal/files/2021_07_2.pdf
2021,7,2021-07,Comerciais leves,9,MITSUBISHI,L200,1077,https://www.fenabrave.org.br/portal/files/2021_07_2.pdf
2021,7,2021-07,Comerciais leves,10,NISSAN,FRONTIER,922,https://www.fenabrave.org.br/portal/files/2021_07_2.pdf
2021,7,2021-07,Comerciais leves,11,VW,AMAROK,857,https://www.fenabrave.org.br/portal/files/2021_07_2.pdf
2021,7,2021-07,Comerciais leves,12,RENAULT,MASTER,726,https://www.fenabrave.org.br/portal/files/2021_07_2.pdf
2021,7,2021-07,Comerciais leves,13,RAM,2500,560,https://www.fenabrave.org.br/portal/files/2021_07_2.pdf
2021,7,2021-07,Comerciais leves,14,PEUGEOT,EXPERT,337,https://www.fenabrave.org.br/portal/files/2021_07_2.pdf
2021,7,2021-07,Comerciais leves,15,VW/MAN,EXPRESS,326,https://www.fenabrave.org.br/portal/files/2021_07_2.pdf
2021,7,2021-07,Comerciais leves,16,HYUNDAI,HR,303,https://www.fenabrave.org.br/portal/files/2021_07_2.pdf
2021,7,2021-07,Comerciais leves,17,FIAT,DUCATO,297,https://www.fenabrave.org.br/portal/files/2021_07_2.pdf
2021,7,2021-07,Comerciais leves,18,KIA,K2500,293,https://www.fenabrave.org.br/portal/files/2021_07_2.pdf
2021,7,2021-07,Comerciais leves,19,CITROEN,JUMPY,229,https://www.fenabrave.org.br/portal/files/2021_07_2.pdf
2021,7,2021-07,Comerciais leves,20,IVECO,DAILY 35-150,199,https://www.fenabrave.org.br/portal/files/2021_07_2.pdf
2021,7,2021-07,Comerciais leves,21,FIAT,DOBLO,188,https://www.fenabrave.org.br/portal/files/2021_07_2.pdf
2021,7,2021-07,Comerciais leves,22,IVECO,DAILY 30-130,105,https://www.fenabrave.org.br/portal/files/2021_07_2.pdf
2021,7,2021-07,Comerciais leves,23,GM,MONTANA,97,https://www.fenabrave.org.br/portal/files/2021_07_2.pdf
2021,7,2021-07,Comerciais leves,24,M.BENZ,SPRINTER 416,90,https://www.fenabrave.org.br/portal/files/2021_07_2.pdf
2021,7,2021-07,Comerciais leves,25,RAM,1500,68,https://www.fenabrave.org.br/portal/files/2021_07_2.pdf
2021,7,2021-07,Comerciais leves,26,EFFA,V21,56,https://www.fenabrave.org.br/portal/files/2021_07_2.pdf
2021,7,2021-07,Comerciais leves,27,M.BENZ,SPRINTER 314,55,https://www.fenabrave.org.br/portal/files/2021_07_2.pdf
2021,7,2021-07,Comerciais leves,28,M.BENZ,SPRINTER,26,https://www.fenabrave.org.br/portal/files/2021_07_2.pdf
2021,7,2021-07,Comerciais leves,29,EFFA,V22,25,https://www.fenabrave.org.br/portal/files/2021_07_2.pdf
2021,7,2021-07,Comerciais leves,30,PEUGEOT,BOXER,16,https://www.fenabrave.org.br/portal/files/2021_07_2.pdf
2021,7,2021-07,Comerciais leves,31,JAC,V260,14,https://www.fenabrave.org.br/portal/files/2021_07_2.pdf
2021,7,2021-07,Comerciais leves,32,CITROEN,JUMPER,13,https://www.fenabrave.org.br/portal/files/2021_07_2.pdf
2021,7,2021-07,Comerciais leves,33,PEUGEOT,PARTNER,13,https://www.fenabrave.org.br/portal/files/2021_07_2.pdf
2021,7,2021-07,Comerciais leves,34,FOTON,AUMARK 1039,4,https://www.fenabrave.org.br/portal/files/2021_07_2.pdf
2021,7,2021-07,Comerciais leves,35,BYD,T3,3,https://www.fenabrave.org.br/portal/files/2021_07_2.pdf
2021,7,2021-07,Comerciais leves,36,GM,D20,2,https://www.fenabrave.org.br/portal/files/2021_07_2.pdf
2021,7,2021-07,Comerciais leves,37,IVECO,DAILY,2,https://www.fenabrave.org.br/portal/files/2021_07_2.pdf
2021,7,2021-07,Comerciais leves,38,IVECO,DAILY 30S13,2,https://www.fenabrave.org.br/portal/files/2021_07_2.pdf
2021,7,2021-07,Comerciais leves,39,IVECO,DAILY 35S14,2,https://www.fenabrave.org.br/portal/files/2021_07_2.pdf
2021,7,2021-07,Comerciais leves,40,RENAULT,KANGOO,2,https://www.fenabrave.org.br/portal/files/2021_07_2.pdf
2021,7,2021-07,Comerciais leves,41,TOYOTA,RIBEIRAUTO,2,https://www.fenabrave.org.br/portal/files/2021_07_2.pdf
2021,7,2021-07,Comerciais leves,42,WILLYS,OVERLAND,2,https://www.fenabrave.org.br/portal/files/2021_07_2.pdf
2021,7,2021-07,Comerciais leves,43,AGRALE,AGRALE MARRUA,1,https://www.fenabrave.org.br/portal/files/2021_07_2.pdf
2021,7,2021-07,Comerciais leves,44,FIAT,UNO,1,https://www.fenabrave.org.br/portal/files/2021_07_2.pdf
2021,7,2021-07,Comerciais leves,45,FORD,PAMPA,1,https://www.fenabrave.org.br/portal/files/2021_07_2.pdf
2021,7,2021-07,Comerciais leves,46,GM,SILVERADO,1,https://www.fenabrave.org.br/portal/files/2021_07_2.pdf
2021,7,2021-07,Comerciais leves,47,HAFEI,TOWNER,1,https://www.fenabrave.org.br/portal/files/2021_07_2.pdf
2021,7,2021-07,Comerciais leves,48,EFFA,K01,1,https://www.fenabrave.org.br/portal/files/2021_07_2.pdf
2021,7,2021-07,Comerciais leves,49,JAC,IEV 330P,1,https://www.fenabrave.org.br/portal/files/2021_07_2.pdf
2021,8,2021-08,Automóveis,1,FIAT,ARGO,7711,https://www.fenabrave.org.br/portal/files/2021_08_2.pdf
2021,8,2021-08,Automóveis,2,FIAT,MOBI,7538,https://www.fenabrave.org.br/portal/files/2021_08_2.pdf
2021,8,2021-08,Automóveis,3,JEEP,COMPASS,6819,https://www.fenabrave.org.br/portal/files/2021_08_2.pdf
2021,8,2021-08,Automóveis,4,HYUNDAI,HB20,6795,https://www.fenabrave.org.br/portal/files/2021_08_2.pdf
2021,8,2021-08,Automóveis,5,JEEP,RENEGADE,6710,https://www.fenabrave.org.br/portal/files/2021_08_2.pdf
2021,8,2021-08,Automóveis,6,VW,T CROSS,6698,https://www.fenabrave.org.br/portal/files/2021_08_2.pdf
2021,8,2021-08,Automóveis,7,HYUNDAI,CRETA,4822,https://www.fenabrave.org.br/portal/files/2021_08_2.pdf
2021,8,2021-08,Automóveis,8,TOYOTA,COROLLA CROSS,4789,https://www.fenabrave.org.br/portal/files/2021_08_2.pdf
2021,8,2021-08,Automóveis,9,TOYOTA,COROLLA,4354,https://www.fenabrave.org.br/portal/files/2021_08_2.pdf
2021,8,2021-08,Automóveis,10,VW,GOL,4082,https://www.fenabrave.org.br/portal/files/2021_08_2.pdf
2021,8,2021-08,Automóveis,11,HONDA,HR-V,3878,https://www.fenabrave.org.br/portal/files/2021_08_2.pdf
2021,8,2021-08,Automóveis,12,RENAULT,KWID,3764,https://www.fenabrave.org.br/portal/files/2021_08_2.pdf
2021,8,2021-08,Automóveis,13,VW,NIVUS,3626,https://www.fenabrave.org.br/portal/files/2021_08_2.pdf
2021,8,2021-08,Automóveis,14,NISSAN,KICKS,2955,https://www.fenabrave.org.br/portal/files/2021_08_2.pdf
2021,8,2021-08,Automóveis,15,HYUNDAI,HB20S,2197,https://www.fenabrave.org.br/portal/files/2021_08_2.pdf
2021,8,2021-08,Automóveis,16,FIAT,UNO,1894,https://www.fenabrave.org.br/portal/files/2021_08_2.pdf
2021,8,2021-08,Automóveis,17,FIAT,CRONOS,1855,https://www.fenabrave.org.br/portal/files/2021_08_2.pdf
2021,8,2021-08,Automóveis,18,CITROEN,C4 CACTUS,1690,https://www.fenabrave.org.br/portal/files/2021_08_2.pdf
2021,8,2021-08,Automóveis,19,TOYOTA,YARIS HB,1655,https://www.fenabrave.org.br/portal/files/2021_08_2.pdf
2021,8,2021-08,Automóveis,20,VW,VOYAGE,1594,https://www.fenabrave.org.br/portal/files/2021_08_2.pdf
2021,8,2021-08,Automóveis,21,HONDA,CIVIC,1578,https://www.fenabrave.org.br/portal/files/2021_08_2.pdf
2021,8,2021-08,Automóveis,22,CAOA CHERY,TIGGO 5X,1495,https://www.fenabrave.org.br/portal/files/2021_08_2.pdf
2021,8,2021-08,Automóveis,23,VW,VIRTUS,1458,https://www.fenabrave.org.br/portal/files/2021_08_2.pdf
2021,8,2021-08,Automóveis,24,FIAT,SIENA,1391,https://www.fenabrave.org.br/portal/files/2021_08_2.pdf
2021,8,2021-08,Automóveis,25,CAOA CHERY,TIGGO 8,1383,https://www.fenabrave.org.br/portal/files/2021_08_2.pdf
2021,8,2021-08,Automóveis,26,GM,TRACKER,1293,https://www.fenabrave.org.br/portal/files/2021_08_2.pdf
2021,8,2021-08,Automóveis,27,PEUGEOT,208,1220,https://www.fenabrave.org.br/portal/files/2021_08_2.pdf
2021,8,2021-08,Automóveis,28,TOYOTA,HILUX SW4,1212,https://www.fenabrave.org.br/portal/files/2021_08_2.pdf
2021,8,2021-08,Automóveis,29,HONDA,WR-V,1131,https://www.fenabrave.org.br/portal/files/2021_08_2.pdf
2021,8,2021-08,Automóveis,30,VW,TAOS,1070,https://www.fenabrave.org.br/portal/files/2021_08_2.pdf
2021,8,2021-08,Automóveis,31,TOYOTA,YARIS SEDAN,971,https://www.fenabrave.org.br/portal/files/2021_08_2.pdf
2021,8,2021-08,Automóveis,32,RENAULT,DUSTER,945,https://www.fenabrave.org.br/portal/files/2021_08_2.pdf
2021,8,2021-08,Automóveis,33,VW,POLO,937,https://www.fenabrave.org.br/portal/files/2021_08_2.pdf
2021,8,2021-08,Automóveis,34,GM,CRUZE SEDAN,933,https://www.fenabrave.org.br/portal/files/2021_08_2.pdf
2021,8,2021-08,Automóveis,35,VW,FOX/CROSS FOX,926,https://www.fenabrave.org.br/portal/files/2021_08_2.pdf
2021,8,2021-08,Automóveis,36,RENAULT,SANDERO,903,https://www.fenabrave.org.br/portal/files/2021_08_2.pdf
2021,8,2021-08,Automóveis,37,HONDA,CITY,848,https://www.fenabrave.org.br/portal/files/2021_08_2.pdf
2021,8,2021-08,Automóveis,38,FIAT,DOBLO,754,https://www.fenabrave.org.br/portal/files/2021_08_2.pdf
2021,8,2021-08,Automóveis,39,PEUGEOT,2008,655,https://www.fenabrave.org.br/portal/files/2021_08_2.pdf
2021,8,2021-08,Automóveis,40,CAOA CHERY,TIGGO 3X,635,https://www.fenabrave.org.br/portal/files/2021_08_2.pdf
2021,8,2021-08,Automóveis,41,RENAULT,CAPTUR,576,https://www.fenabrave.org.br/portal/files/2021_08_2.pdf
2021,8,2021-08,Automóveis,42,HONDA,FIT,569,https://www.fenabrave.org.br/portal/files/2021_08_2.pdf
2021,8,2021-08,Automóveis,43,RENAULT,LOGAN,518,https://www.fenabrave.org.br/portal/files/2021_08_2.pdf
2021,8,2021-08,Automóveis,44,BMW,320I,515,https://www.fenabrave.org.br/portal/files/2021_08_2.pdf
2021,8,2021-08,Automóveis,45,VOLVO,XC60,459,https://www.fenabrave.org.br/portal/files/2021_08_2.pdf
2021,8,2021-08,Automóveis,46,NISSAN,V-DRIVE,451,https://www.fenabrave.org.br/portal/files/2021_08_2.pdf
2021,8,2021-08,Automóveis,47,GM,SPIN,435,https://www.fenabrave.org.br/portal/files/2021_08_2.pdf
2021,8,2021-08,Automóveis,48,CAOA CHERY,TIGGO 7,412,https://www.fenabrave.org.br/portal/files/2021_08_2.pdf
2021,8,2021-08,Automóveis,49,GM,ONIX,410,https://www.fenabrave.org.br/portal/files/2021_08_2.pdf
2021,8,2021-08,Automóveis,50,GM,TRAILBLAZER,403,https://www.fenabrave.org.br/portal/files/2021_08_2.pdf
2021,8,2021-08,Comerciais leves,1,FIAT,STRADA,9111,https://www.fenabrave.org.br/portal/files/2021_08_2.pdf
2021,8,2021-08,Comerciais leves,2,FIAT,TORO,6685,https://www.fenabrave.org.br/portal/files/2021_08_2.pdf
2021,8,2021-08,Comerciais leves,3,GM,S10,4798,https://www.fenabrave.org.br/portal/files/2021_08_2.pdf
2021,8,2021-08,Comerciais leves,4,TOYOTA,HILUX,4363,https://www.fenabrave.org.br/portal/files/2021_08_2.pdf
2021,8,2021-08,Comerciais leves,5,FORD,RANGER,2180,https://www.fenabrave.org.br/portal/files/2021_08_2.pdf
2021,8,2021-08,Comerciais leves,6,FIAT,FIORINO,1790,https://www.fenabrave.org.br/portal/files/2021_08_2.pdf
2021,8,2021-08,Comerciais leves,7,VW,SAVEIRO,1561,https://www.fenabrave.org.br/portal/files/2021_08_2.pdf
2021,8,2021-08,Comerciais leves,8,NISSAN,FRONTIER,1161,https://www.fenabrave.org.br/portal/files/2021_08_2.pdf
2021,8,2021-08,Comerciais leves,9,MITSUBISHI,L200,1045,https://www.fenabrave.org.br/portal/files/2021_08_2.pdf
2021,8,2021-08,Comerciais leves,10,RENAULT,OROCH,986,https://www.fenabrave.org.br/portal/files/2021_08_2.pdf
2021,8,2021-08,Comerciais leves,11,VW,AMAROK,909,https://www.fenabrave.org.br/portal/files/2021_08_2.pdf
2021,8,2021-08,Comerciais leves,12,RENAULT,MASTER,789,https://www.fenabrave.org.br/portal/files/2021_08_2.pdf
2021,8,2021-08,Comerciais leves,13,PEUGEOT,EXPERT,445,https://www.fenabrave.org.br/portal/files/2021_08_2.pdf
2021,8,2021-08,Comerciais leves,14,VW/MAN,EXPRESS,424,https://www.fenabrave.org.br/portal/files/2021_08_2.pdf
2021,8,2021-08,Comerciais leves,15,CITROEN,JUMPY,374,https://www.fenabrave.org.br/portal/files/2021_08_2.pdf
2021,8,2021-08,Comerciais leves,16,RAM,2500,368,https://www.fenabrave.org.br/portal/files/2021_08_2.pdf
2021,8,2021-08,Comerciais leves,17,HYUNDAI,HR,327,https://www.fenabrave.org.br/portal/files/2021_08_2.pdf
2021,8,2021-08,Comerciais leves,18,KIA,K2500,293,https://www.fenabrave.org.br/portal/files/2021_08_2.pdf
2021,8,2021-08,Comerciais leves,19,FIAT,DUCATO,228,https://www.fenabrave.org.br/portal/files/2021_08_2.pdf
2021,8,2021-08,Comerciais leves,20,IVECO,DAILY 35-150,208,https://www.fenabrave.org.br/portal/files/2021_08_2.pdf
2021,8,2021-08,Comerciais leves,21,IVECO,DAILY 30-130,111,https://www.fenabrave.org.br/portal/files/2021_08_2.pdf
2021,8,2021-08,Comerciais leves,22,M.BENZ,SPRINTER 416,74,https://www.fenabrave.org.br/portal/files/2021_08_2.pdf
2021,8,2021-08,Comerciais leves,23,EFFA,V21,73,https://www.fenabrave.org.br/portal/files/2021_08_2.pdf
2021,8,2021-08,Comerciais leves,24,FIAT,DOBLO,66,https://www.fenabrave.org.br/portal/files/2021_08_2.pdf
2021,8,2021-08,Comerciais leves,25,M.BENZ,SPRINTER 314,62,https://www.fenabrave.org.br/portal/files/2021_08_2.pdf
2021,8,2021-08,Comerciais leves,26,PEUGEOT,PARTNER,54,https://www.fenabrave.org.br/portal/files/2021_08_2.pdf
2021,8,2021-08,Comerciais leves,27,RAM,1500,47,https://www.fenabrave.org.br/portal/files/2021_08_2.pdf
2021,8,2021-08,Comerciais leves,28,GM,MONTANA,33,https://www.fenabrave.org.br/portal/files/2021_08_2.pdf
2021,8,2021-08,Comerciais leves,29,EFFA,V22,33,https://www.fenabrave.org.br/portal/files/2021_08_2.pdf
2021,8,2021-08,Comerciais leves,30,M.BENZ,SPRINTER,24,https://www.fenabrave.org.br/portal/files/2021_08_2.pdf
2021,8,2021-08,Comerciais leves,31,PEUGEOT,BOXER,24,https://www.fenabrave.org.br/portal/files/2021_08_2.pdf
2021,8,2021-08,Comerciais leves,32,CITROEN,JUMPER,18,https://www.fenabrave.org.br/portal/files/2021_08_2.pdf
2021,8,2021-08,Comerciais leves,33,EFFA,V25,13,https://www.fenabrave.org.br/portal/files/2021_08_2.pdf
2021,8,2021-08,Comerciais leves,34,FOTON,AUMARK 1039,6,https://www.fenabrave.org.br/portal/files/2021_08_2.pdf
2021,8,2021-08,Comerciais leves,35,RENAULT,KANGOO,4,https://www.fenabrave.org.br/portal/files/2021_08_2.pdf
2021,8,2021-08,Comerciais leves,36,JAC,V260,3,https://www.fenabrave.org.br/portal/files/2021_08_2.pdf
2021,8,2021-08,Comerciais leves,37,VW,KOMBI,2,https://www.fenabrave.org.br/portal/files/2021_08_2.pdf
2021,8,2021-08,Comerciais leves,38,MAHINDRA,MAHINDRA,2,https://www.fenabrave.org.br/portal/files/2021_08_2.pdf
2021,8,2021-08,Comerciais leves,39,AGRALE,AGRALE MARRUA,1,https://www.fenabrave.org.br/portal/files/2021_08_2.pdf
2021,8,2021-08,Comerciais leves,40,FORD,F250,1,https://www.fenabrave.org.br/portal/files/2021_08_2.pdf
2021,8,2021-08,Comerciais leves,41,FORD,F75,1,https://www.fenabrave.org.br/portal/files/2021_08_2.pdf
2021,8,2021-08,Comerciais leves,42,GM,SILVERADO,1,https://www.fenabrave.org.br/portal/files/2021_08_2.pdf
2021,8,2021-08,Comerciais leves,43,IVECO,DAILY 30S13,1,https://www.fenabrave.org.br/portal/files/2021_08_2.pdf
2021,8,2021-08,Comerciais leves,44,TOYOTA,BANDEIRANTE,1,https://www.fenabrave.org.br/portal/files/2021_08_2.pdf
2021,9,2021-09,Automóveis,1,HYUNDAI,HB20,7147,https://www.fenabrave.org.br/portal/files/2021_09_2.pdf
2021,9,2021-09,Automóveis,2,JEEP,COMPASS,6823,https://www.fenabrave.org.br/portal/files/2021_09_2.pdf
2021,9,2021-09,Automóveis,3,VW,T CROSS,5733,https://www.fenabrave.org.br/portal/files/2021_09_2.pdf
2021,9,2021-09,Automóveis,4,FIAT,ARGO,4911,https://www.fenabrave.org.br/portal/files/2021_09_2.pdf
2021,9,2021-09,Automóveis,5,FIAT,MOBI,4574,https://www.fenabrave.org.br/portal/files/2021_09_2.pdf
2021,9,2021-09,Automóveis,6,HYUNDAI,CRETA,4550,https://www.fenabrave.org.br/portal/files/2021_09_2.pdf
2021,9,2021-09,Automóveis,7,JEEP,RENEGADE,4503,https://www.fenabrave.org.br/portal/files/2021_09_2.pdf
2021,9,2021-09,Automóveis,8,GM,ONIX,4311,https://www.fenabrave.org.br/portal/files/2021_09_2.pdf
2021,9,2021-09,Automóveis,9,GM,TRACKER,3936,https://www.fenabrave.org.br/portal/files/2021_09_2.pdf
2021,9,2021-09,Automóveis,10,GM,ONIX PLUS,3747,https://www.fenabrave.org.br/portal/files/2021_09_2.pdf
2021,9,2021-09,Automóveis,11,HONDA,HR-V,3502,https://www.fenabrave.org.br/portal/files/2021_09_2.pdf
2021,9,2021-09,Automóveis,12,VW,NIVUS,3356,https://www.fenabrave.org.br/portal/files/2021_09_2.pdf
2021,9,2021-09,Automóveis,13,VW,GOL,3141,https://www.fenabrave.org.br/portal/files/2021_09_2.pdf
2021,9,2021-09,Automóveis,14,TOYOTA,COROLLA CROSS,3050,https://www.fenabrave.org.br/portal/files/2021_09_2.pdf
2021,9,2021-09,Automóveis,15,NISSAN,KICKS,2903,https://www.fenabrave.org.br/portal/files/2021_09_2.pdf
2021,9,2021-09,Automóveis,16,VW,FOX/CROSS FOX,2341,https://www.fenabrave.org.br/portal/files/2021_09_2.pdf
2021,9,2021-09,Automóveis,17,FIAT,CRONOS,2302,https://www.fenabrave.org.br/portal/files/2021_09_2.pdf
2021,9,2021-09,Automóveis,18,TOYOTA,COROLLA,2280,https://www.fenabrave.org.br/portal/files/2021_09_2.pdf
2021,9,2021-09,Automóveis,19,HYUNDAI,HB20S,2269,https://www.fenabrave.org.br/portal/files/2021_09_2.pdf
2021,9,2021-09,Automóveis,20,RENAULT,KWID,1963,https://www.fenabrave.org.br/portal/files/2021_09_2.pdf
2021,9,2021-09,Automóveis,21,HONDA,CIVIC,1891,https://www.fenabrave.org.br/portal/files/2021_09_2.pdf
2021,9,2021-09,Automóveis,22,PEUGEOT,208,1697,https://www.fenabrave.org.br/portal/files/2021_09_2.pdf
2021,9,2021-09,Automóveis,23,CITROEN,C4 CACTUS,1542,https://www.fenabrave.org.br/portal/files/2021_09_2.pdf
2021,9,2021-09,Automóveis,24,VW,VIRTUS,1241,https://www.fenabrave.org.br/portal/files/2021_09_2.pdf
2021,9,2021-09,Automóveis,25,FIAT,SIENA,1192,https://www.fenabrave.org.br/portal/files/2021_09_2.pdf
2021,9,2021-09,Automóveis,26,TOYOTA,HILUX SW4,1155,https://www.fenabrave.org.br/portal/files/2021_09_2.pdf
2021,9,2021-09,Automóveis,27,HONDA,WR-V,1125,https://www.fenabrave.org.br/portal/files/2021_09_2.pdf
2021,9,2021-09,Automóveis,28,CAOA CHERY,TIGGO 5X,1122,https://www.fenabrave.org.br/portal/files/2021_09_2.pdf
2021,9,2021-09,Automóveis,29,VW,TAOS,1092,https://www.fenabrave.org.br/portal/files/2021_09_2.pdf
2021,9,2021-09,Automóveis,30,CAOA CHERY,TIGGO 8,1063,https://www.fenabrave.org.br/portal/files/2021_09_2.pdf
2021,9,2021-09,Automóveis,31,RENAULT,DUSTER,1056,https://www.fenabrave.org.br/portal/files/2021_09_2.pdf
2021,9,2021-09,Automóveis,32,TOYOTA,YARIS HB,1026,https://www.fenabrave.org.br/portal/files/2021_09_2.pdf
2021,9,2021-09,Automóveis,33,VW,VOYAGE,872,https://www.fenabrave.org.br/portal/files/2021_09_2.pdf
2021,9,2021-09,Automóveis,34,CAOA CHERY,TIGGO 3X,799,https://www.fenabrave.org.br/portal/files/2021_09_2.pdf
2021,9,2021-09,Automóveis,35,VW,POLO,759,https://www.fenabrave.org.br/portal/files/2021_09_2.pdf
2021,9,2021-09,Automóveis,36,NISSAN,VERSA,683,https://www.fenabrave.org.br/portal/files/2021_09_2.pdf
2021,9,2021-09,Automóveis,37,GM,CRUZE SEDAN,659,https://www.fenabrave.org.br/portal/files/2021_09_2.pdf
2021,9,2021-09,Automóveis,38,HONDA,CITY,652,https://www.fenabrave.org.br/portal/files/2021_09_2.pdf
2021,9,2021-09,Automóveis,39,TOYOTA,YARIS SEDAN,598,https://www.fenabrave.org.br/portal/files/2021_09_2.pdf
2021,9,2021-09,Automóveis,40,RENAULT,CAPTUR,594,https://www.fenabrave.org.br/portal/files/2021_09_2.pdf
2021,9,2021-09,Automóveis,41,FIAT,DOBLO,506,https://www.fenabrave.org.br/portal/files/2021_09_2.pdf
2021,9,2021-09,Automóveis,42,RENAULT,SANDERO,490,https://www.fenabrave.org.br/portal/files/2021_09_2.pdf
2021,9,2021-09,Automóveis,43,CAOA CHERY,TIGGO 7,468,https://www.fenabrave.org.br/portal/files/2021_09_2.pdf
2021,9,2021-09,Automóveis,44,GM,SPIN,460,https://www.fenabrave.org.br/portal/files/2021_09_2.pdf
2021,9,2021-09,Automóveis,45,BMW,X1,451,https://www.fenabrave.org.br/portal/files/2021_09_2.pdf
2021,9,2021-09,Automóveis,46,HONDA,FIT,450,https://www.fenabrave.org.br/portal/files/2021_09_2.pdf
2021,9,2021-09,Automóveis,47,VOLVO,XC60,444,https://www.fenabrave.org.br/portal/files/2021_09_2.pdf
2021,9,2021-09,Automóveis,48,BMW,320I,437,https://www.fenabrave.org.br/portal/files/2021_09_2.pdf
2021,9,2021-09,Automóveis,49,GM,TRAILBLAZER,391,https://www.fenabrave.org.br/portal/files/2021_09_2.pdf
2021,9,2021-09,Automóveis,50,RENAULT,LOGAN,375,https://www.fenabrave.org.br/portal/files/2021_09_2.pdf
2021,9,2021-09,Comerciais leves,1,FIAT,TORO,6852,https://www.fenabrave.org.br/portal/files/2021_09_2.pdf
2021,9,2021-09,Comerciais leves,2,FIAT,STRADA,5772,https://www.fenabrave.org.br/portal/files/2021_09_2.pdf
2021,9,2021-09,Comerciais leves,3,TOYOTA,HILUX,4396,https://www.fenabrave.org.br/portal/files/2021_09_2.pdf
2021,9,2021-09,Comerciais leves,4,GM,S10,4234,https://www.fenabrave.org.br/portal/files/2021_09_2.pdf
2021,9,2021-09,Comerciais leves,5,FIAT,FIORINO,2316,https://www.fenabrave.org.br/portal/files/2021_09_2.pdf
2021,9,2021-09,Comerciais leves,6,VW,SAVEIRO,1389,https://www.fenabrave.org.br/portal/files/2021_09_2.pdf
2021,9,2021-09,Comerciais leves,7,FORD,RANGER,1350,https://www.fenabrave.org.br/portal/files/2021_09_2.pdf
2021,9,2021-09,Comerciais leves,8,MITSUBISHI,L200,1276,https://www.fenabrave.org.br/portal/files/2021_09_2.pdf
2021,9,2021-09,Comerciais leves,9,NISSAN,FRONTIER,1184,https://www.fenabrave.org.br/portal/files/2021_09_2.pdf
2021,9,2021-09,Comerciais leves,10,RENAULT,MASTER,701,https://www.fenabrave.org.br/portal/files/2021_09_2.pdf
2021,9,2021-09,Comerciais leves,11,RENAULT,OROCH,517,https://www.fenabrave.org.br/portal/files/2021_09_2.pdf
2021,9,2021-09,Comerciais leves,12,VW,AMAROK,501,https://www.fenabrave.org.br/portal/files/2021_09_2.pdf
2021,9,2021-09,Comerciais leves,13,PEUGEOT,EXPERT,452,https://www.fenabrave.org.br/portal/files/2021_09_2.pdf
2021,9,2021-09,Comerciais leves,14,HYUNDAI,HR,326,https://www.fenabrave.org.br/portal/files/2021_09_2.pdf
2021,9,2021-09,Comerciais leves,15,VW/MAN,EXPRESS,311,https://www.fenabrave.org.br/portal/files/2021_09_2.pdf
2021,9,2021-09,Comerciais leves,16,CITROEN,JUMPY,301,https://www.fenabrave.org.br/portal/files/2021_09_2.pdf
2021,9,2021-09,Comerciais leves,17,KIA,K2500,265,https://www.fenabrave.org.br/portal/files/2021_09_2.pdf
2021,9,2021-09,Comerciais leves,18,FIAT,DUCATO,248,https://www.fenabrave.org.br/portal/files/2021_09_2.pdf
2021,9,2021-09,Comerciais leves,19,IVECO,DAILY 35-150,163,https://www.fenabrave.org.br/portal/files/2021_09_2.pdf
2021,9,2021-09,Comerciais leves,20,RAM,2500,131,https://www.fenabrave.org.br/portal/files/2021_09_2.pdf
2021,9,2021-09,Comerciais leves,21,IVECO,DAILY 30-130,96,https://www.fenabrave.org.br/portal/files/2021_09_2.pdf
2021,9,2021-09,Comerciais leves,22,M.BENZ,SPRINTER 416,77,https://www.fenabrave.org.br/portal/files/2021_09_2.pdf
2021,9,2021-09,Comerciais leves,23,EFFA,V21,73,https://www.fenabrave.org.br/portal/files/2021_09_2.pdf
2021,9,2021-09,Comerciais leves,24,PEUGEOT,PARTNER,68,https://www.fenabrave.org.br/portal/files/2021_09_2.pdf
2021,9,2021-09,Comerciais leves,25,M.BENZ,SPRINTER 314,54,https://www.fenabrave.org.br/portal/files/2021_09_2.pdf
2021,9,2021-09,Comerciais leves,26,RAM,1500,49,https://www.fenabrave.org.br/portal/files/2021_09_2.pdf
2021,9,2021-09,Comerciais leves,27,FIAT,DOBLO,30,https://www.fenabrave.org.br/portal/files/2021_09_2.pdf
2021,9,2021-09,Comerciais leves,28,GM,MONTANA,29,https://www.fenabrave.org.br/portal/files/2021_09_2.pdf
2021,9,2021-09,Comerciais leves,29,EFFA,V22,25,https://www.fenabrave.org.br/portal/files/2021_09_2.pdf
2021,9,2021-09,Comerciais leves,30,PEUGEOT,BOXER,21,https://www.fenabrave.org.br/portal/files/2021_09_2.pdf
2021,9,2021-09,Comerciais leves,31,M.BENZ,SPRINTER,16,https://www.fenabrave.org.br/portal/files/2021_09_2.pdf
2021,9,2021-09,Comerciais leves,32,CITROEN,JUMPER,15,https://www.fenabrave.org.br/portal/files/2021_09_2.pdf
2021,9,2021-09,Comerciais leves,33,FOTON,AUMARK 3.5-14DT,7,https://www.fenabrave.org.br/portal/files/2021_09_2.pdf
2021,9,2021-09,Comerciais leves,34,IVECO,DAILY,5,https://www.fenabrave.org.br/portal/files/2021_09_2.pdf
2021,9,2021-09,Comerciais leves,35,M.BENZ,VITO,3,https://www.fenabrave.org.br/portal/files/2021_09_2.pdf
2021,9,2021-09,Comerciais leves,36,EFFA,V25,3,https://www.fenabrave.org.br/portal/files/2021_09_2.pdf
2021,9,2021-09,Comerciais leves,37,FOTON,AUMARK 1039,3,https://www.fenabrave.org.br/portal/files/2021_09_2.pdf
2021,9,2021-09,Comerciais leves,38,TOYOTA,BANDEIRANTE,2,https://www.fenabrave.org.br/portal/files/2021_09_2.pdf
2021,9,2021-09,Comerciais leves,39,JAC,V260,2,https://www.fenabrave.org.br/portal/files/2021_09_2.pdf
2021,9,2021-09,Comerciais leves,40,LVTONG,LT S14 C,2,https://www.fenabrave.org.br/portal/files/2021_09_2.pdf
2021,9,2021-09,Comerciais leves,41,FORD,F150,1,https://www.fenabrave.org.br/portal/files/2021_09_2.pdf
2021,9,2021-09,Comerciais leves,42,GM,CHEVY,1,https://www.fenabrave.org.br/portal/files/2021_09_2.pdf
2021,9,2021-09,Comerciais leves,43,GM,D20,1,https://www.fenabrave.org.br/portal/files/2021_09_2.pdf
2021,9,2021-09,Comerciais leves,44,IVECO,DAILY 30S13,1,https://www.fenabrave.org.br/portal/files/2021_09_2.pdf
2021,9,2021-09,Comerciais leves,45,IVECO,DAILY 35S14,1,https://www.fenabrave.org.br/portal/files/2021_09_2.pdf
2021,9,2021-09,Comerciais leves,46,IVECO,DAILY 5516,1,https://www.fenabrave.org.br/portal/files/2021_09_2.pdf
2021,9,2021-09,Comerciais leves,47,M.BENZ,SPRINTER 313,1,https://www.fenabrave.org.br/portal/files/2021_09_2.pdf
2021,9,2021-09,Comerciais leves,48,M.BENZ,SPRINTER 415,1,https://www.fenabrave.org.br/portal/files/2021_09_2.pdf
2021,9,2021-09,Comerciais leves,49,RENAULT,KANGOO,1,https://www.fenabrave.org.br/portal/files/2021_09_2.pdf
2021,9,2021-09,Comerciais leves,50,JINBEI,M35,1,https://www.fenabrave.org.br/portal/files/2021_09_2.pdf
2021,10,2021-10,Automóveis,1,FIAT,ARGO,8381,https://www.fenabrave.org.br/portal/files/2021_10_2.pdf
2021,10,2021-10,Automóveis,2,JEEP,RENEGADE,6723,https://www.fenabrave.org.br/portal/files/2021_10_2.pdf
2021,10,2021-10,Automóveis,3,JEEP,COMPASS,6097,https://www.fenabrave.org.br/portal/files/2021_10_2.pdf
2021,10,2021-10,Automóveis,4,VW,T CROSS,6008,https://www.fenabrave.org.br/portal/files/2021_10_2.pdf
2021,10,2021-10,Automóveis,5,HYUNDAI,HB20,5844,https://www.fenabrave.org.br/portal/files/2021_10_2.pdf
2021,10,2021-10,Automóveis,6,HYUNDAI,CRETA,5492,https://www.fenabrave.org.br/portal/files/2021_10_2.pdf
2021,10,2021-10,Automóveis,7,GM,ONIX,5157,https://www.fenabrave.org.br/portal/files/2021_10_2.pdf
2021,10,2021-10,Automóveis,8,VW,GOL,5039,https://www.fenabrave.org.br/portal/files/2021_10_2.pdf
2021,10,2021-10,Automóveis,9,GM,ONIX PLUS,4494,https://www.fenabrave.org.br/portal/files/2021_10_2.pdf
2021,10,2021-10,Automóveis,10,GM,TRACKER,4151,https://www.fenabrave.org.br/portal/files/2021_10_2.pdf
2021,10,2021-10,Automóveis,11,VW,NIVUS,3485,https://www.fenabrave.org.br/portal/files/2021_10_2.pdf
2021,10,2021-10,Automóveis,12,HONDA,HR-V,3381,https://www.fenabrave.org.br/portal/files/2021_10_2.pdf
2021,10,2021-10,Automóveis,13,TOYOTA,COROLLA,3014,https://www.fenabrave.org.br/portal/files/2021_10_2.pdf
2021,10,2021-10,Automóveis,14,TOYOTA,COROLLA CROSS,2999,https://www.fenabrave.org.br/portal/files/2021_10_2.pdf
2021,10,2021-10,Automóveis,15,VW,VOYAGE,2968,https://www.fenabrave.org.br/portal/files/2021_10_2.pdf
2021,10,2021-10,Automóveis,16,FIAT,MOBI,2945,https://www.fenabrave.org.br/portal/files/2021_10_2.pdf
2021,10,2021-10,Automóveis,17,FIAT,CRONOS,2816,https://www.fenabrave.org.br/portal/files/2021_10_2.pdf
2021,10,2021-10,Automóveis,18,RENAULT,KWID,2655,https://www.fenabrave.org.br/portal/files/2021_10_2.pdf
2021,10,2021-10,Automóveis,19,NISSAN,KICKS,2337,https://www.fenabrave.org.br/portal/files/2021_10_2.pdf
2021,10,2021-10,Automóveis,20,PEUGEOT,208,2270,https://www.fenabrave.org.br/portal/files/2021_10_2.pdf
2021,10,2021-10,Automóveis,21,HYUNDAI,HB20S,1716,https://www.fenabrave.org.br/portal/files/2021_10_2.pdf
2021,10,2021-10,Automóveis,22,VW,TAOS,1682,https://www.fenabrave.org.br/portal/files/2021_10_2.pdf
2021,10,2021-10,Automóveis,23,HONDA,CIVIC,1657,https://www.fenabrave.org.br/portal/files/2021_10_2.pdf
2021,10,2021-10,Automóveis,24,VW,FOX/CROSS FOX,1596,https://www.fenabrave.org.br/portal/files/2021_10_2.pdf
2021,10,2021-10,Automóveis,25,CITROEN,C4 CACTUS,1556,https://www.fenabrave.org.br/portal/files/2021_10_2.pdf
2021,10,2021-10,Automóveis,26,VW,VIRTUS,1409,https://www.fenabrave.org.br/portal/files/2021_10_2.pdf
2021,10,2021-10,Automóveis,27,RENAULT,DUSTER,1408,https://www.fenabrave.org.br/portal/files/2021_10_2.pdf
2021,10,2021-10,Automóveis,28,CAOA CHERY,TIGGO 5X,1391,https://www.fenabrave.org.br/portal/files/2021_10_2.pdf
2021,10,2021-10,Automóveis,29,RENAULT,CAPTUR,1193,https://www.fenabrave.org.br/portal/files/2021_10_2.pdf
2021,10,2021-10,Automóveis,30,TOYOTA,HILUX SW4,1149,https://www.fenabrave.org.br/portal/files/2021_10_2.pdf
2021,10,2021-10,Automóveis,31,CAOA CHERY,TIGGO 8,1104,https://www.fenabrave.org.br/portal/files/2021_10_2.pdf
2021,10,2021-10,Automóveis,32,TOYOTA,YARIS HB,1087,https://www.fenabrave.org.br/portal/files/2021_10_2.pdf
2021,10,2021-10,Automóveis,33,VW,POLO,1040,https://www.fenabrave.org.br/portal/files/2021_10_2.pdf
2021,10,2021-10,Automóveis,34,CAOA CHERY,TIGGO 3X,970,https://www.fenabrave.org.br/portal/files/2021_10_2.pdf
2021,10,2021-10,Automóveis,35,FIAT,SIENA,946,https://www.fenabrave.org.br/portal/files/2021_10_2.pdf
2021,10,2021-10,Automóveis,36,NISSAN,VERSA,945,https://www.fenabrave.org.br/portal/files/2021_10_2.pdf
2021,10,2021-10,Automóveis,37,HONDA,WR-V,734,https://www.fenabrave.org.br/portal/files/2021_10_2.pdf
2021,10,2021-10,Automóveis,38,GM,SPIN,612,https://www.fenabrave.org.br/portal/files/2021_10_2.pdf
2021,10,2021-10,Automóveis,39,CAOA CHERY,TIGGO 7,596,https://www.fenabrave.org.br/portal/files/2021_10_2.pdf
2021,10,2021-10,Automóveis,40,TOYOTA,YARIS SEDAN,557,https://www.fenabrave.org.br/portal/files/2021_10_2.pdf
2021,10,2021-10,Automóveis,41,HONDA,FIT,512,https://www.fenabrave.org.br/portal/files/2021_10_2.pdf
2021,10,2021-10,Automóveis,42,GM,CRUZE SEDAN,480,https://www.fenabrave.org.br/portal/files/2021_10_2.pdf
2021,10,2021-10,Automóveis,43,RENAULT,SANDERO,424,https://www.fenabrave.org.br/portal/files/2021_10_2.pdf
2021,10,2021-10,Automóveis,44,BMW,320I,417,https://www.fenabrave.org.br/portal/files/2021_10_2.pdf
2021,10,2021-10,Automóveis,45,JEEP,COMMANDER,372,https://www.fenabrave.org.br/portal/files/2021_10_2.pdf
2021,10,2021-10,Automóveis,46,RENAULT,LOGAN,370,https://www.fenabrave.org.br/portal/files/2021_10_2.pdf
2021,10,2021-10,Automóveis,47,BMW,X1,365,https://www.fenabrave.org.br/portal/files/2021_10_2.pdf
2021,10,2021-10,Automóveis,48,FIAT,UNO,363,https://www.fenabrave.org.br/portal/files/2021_10_2.pdf
2021,10,2021-10,Automóveis,49,VOLVO,XC60,331,https://www.fenabrave.org.br/portal/files/2021_10_2.pdf
2021,10,2021-10,Automóveis,50,PEUGEOT,2008,310,https://www.fenabrave.org.br/portal/files/2021_10_2.pdf
2021,10,2021-10,Comerciais leves,1,FIAT,STRADA,6130,https://www.fenabrave.org.br/portal/files/2021_10_2.pdf
2021,10,2021-10,Comerciais leves,2,FIAT,TORO,5187,https://www.fenabrave.org.br/portal/files/2021_10_2.pdf
2021,10,2021-10,Comerciais leves,3,TOYOTA,HILUX,3814,https://www.fenabrave.org.br/portal/files/2021_10_2.pdf
2021,10,2021-10,Comerciais leves,4,GM,S10,3775,https://www.fenabrave.org.br/portal/files/2021_10_2.pdf
2021,10,2021-10,Comerciais leves,5,VW,SAVEIRO,2174,https://www.fenabrave.org.br/portal/files/2021_10_2.pdf
2021,10,2021-10,Comerciais leves,6,FIAT,FIORINO,1775,https://www.fenabrave.org.br/portal/files/2021_10_2.pdf
2021,10,2021-10,Comerciais leves,7,FORD,RANGER,1442,https://www.fenabrave.org.br/portal/files/2021_10_2.pdf
2021,10,2021-10,Comerciais leves,8,NISSAN,FRONTIER,1036,https://www.fenabrave.org.br/portal/files/2021_10_2.pdf
2021,10,2021-10,Comerciais leves,9,MITSUBISHI,L200,1008,https://www.fenabrave.org.br/portal/files/2021_10_2.pdf
2021,10,2021-10,Comerciais leves,10,RENAULT,MASTER,953,https://www.fenabrave.org.br/portal/files/2021_10_2.pdf
2021,10,2021-10,Comerciais leves,11,RENAULT,OROCH,533,https://www.fenabrave.org.br/portal/files/2021_10_2.pdf
2021,10,2021-10,Comerciais leves,12,VW,AMAROK,340,https://www.fenabrave.org.br/portal/files/2021_10_2.pdf
2021,10,2021-10,Comerciais leves,13,VW/MAN,EXPRESS,296,https://www.fenabrave.org.br/portal/files/2021_10_2.pdf
2021,10,2021-10,Comerciais leves,14,FIAT,DUCATO,293,https://www.fenabrave.org.br/portal/files/2021_10_2.pdf
2021,10,2021-10,Comerciais leves,15,CITROEN,JUMPY,272,https://www.fenabrave.org.br/portal/files/2021_10_2.pdf
2021,10,2021-10,Comerciais leves,16,HYUNDAI,HR,268,https://www.fenabrave.org.br/portal/files/2021_10_2.pdf
2021,10,2021-10,Comerciais leves,17,PEUGEOT,EXPERT,264,https://www.fenabrave.org.br/portal/files/2021_10_2.pdf
2021,10,2021-10,Comerciais leves,18,KIA,K2500,224,https://www.fenabrave.org.br/portal/files/2021_10_2.pdf
2021,10,2021-10,Comerciais leves,19,FIAT,DOBLO,205,https://www.fenabrave.org.br/portal/files/2021_10_2.pdf
2021,10,2021-10,Comerciais leves,20,IVECO,DAILY 35-150,171,https://www.fenabrave.org.br/portal/files/2021_10_2.pdf
2021,10,2021-10,Comerciais leves,21,PEUGEOT,BOXER,94,https://www.fenabrave.org.br/portal/files/2021_10_2.pdf
2021,10,2021-10,Comerciais leves,22,IVECO,DAILY 30-130,75,https://www.fenabrave.org.br/portal/files/2021_10_2.pdf
2021,10,2021-10,Comerciais leves,23,M.BENZ,SPRINTER 416,67,https://www.fenabrave.org.br/portal/files/2021_10_2.pdf
2021,10,2021-10,Comerciais leves,24,PEUGEOT,PARTNER,51,https://www.fenabrave.org.br/portal/files/2021_10_2.pdf
2021,10,2021-10,Comerciais leves,25,EFFA,V21,50,https://www.fenabrave.org.br/portal/files/2021_10_2.pdf
2021,10,2021-10,Comerciais leves,26,CITROEN,JUMPER,49,https://www.fenabrave.org.br/portal/files/2021_10_2.pdf
2021,10,2021-10,Comerciais leves,27,RAM,1500,33,https://www.fenabrave.org.br/portal/files/2021_10_2.pdf
2021,10,2021-10,Comerciais leves,28,M.BENZ,SPRINTER 314,32,https://www.fenabrave.org.br/portal/files/2021_10_2.pdf
2021,10,2021-10,Comerciais leves,29,RAM,2500,31,https://www.fenabrave.org.br/portal/files/2021_10_2.pdf
2021,10,2021-10,Comerciais leves,30,GM,MONTANA,23,https://www.fenabrave.org.br/portal/files/2021_10_2.pdf
2021,10,2021-10,Comerciais leves,31,EFFA,V22,23,https://www.fenabrave.org.br/portal/files/2021_10_2.pdf
2021,10,2021-10,Comerciais leves,32,M.BENZ,SPRINTER,21,https://www.fenabrave.org.br/portal/files/2021_10_2.pdf
2021,10,2021-10,Comerciais leves,33,FOTON,AUMARK 1039,14,https://www.fenabrave.org.br/portal/files/2021_10_2.pdf
2021,10,2021-10,Comerciais leves,34,BYD,T3,11,https://www.fenabrave.org.br/portal/files/2021_10_2.pdf
2021,10,2021-10,Comerciais leves,35,IVECO,DAILY,7,https://www.fenabrave.org.br/portal/files/2021_10_2.pdf
2021,10,2021-10,Comerciais leves,36,FOTON,AUMARK 3.5-14DT,7,https://www.fenabrave.org.br/portal/files/2021_10_2.pdf
2021,10,2021-10,Comerciais leves,37,JAC,V260,5,https://www.fenabrave.org.br/portal/files/2021_10_2.pdf
2021,10,2021-10,Comerciais leves,38,EFFA,V25,4,https://www.fenabrave.org.br/portal/files/2021_10_2.pdf
2021,10,2021-10,Comerciais leves,39,FORD,F250,3,https://www.fenabrave.org.br/portal/files/2021_10_2.pdf
2021,10,2021-10,Comerciais leves,40,GM,SILVERADO,2,https://www.fenabrave.org.br/portal/files/2021_10_2.pdf
2021,10,2021-10,Comerciais leves,41,AGRALE,AGRALE MARRUA,1,https://www.fenabrave.org.br/portal/files/2021_10_2.pdf
2021,11,2021-11,Automóveis,1,GM,ONIX,9327,https://www.fenabrave.org.br/portal/files/2021_11_2.pdf
2021,11,2021-11,Automóveis,2,GM,ONIX PLUS,7521,https://www.fenabrave.org.br/portal/files/2021_11_2.pdf
2021,11,2021-11,Automóveis,3,VW,GOL,6866,https://www.fenabrave.org.br/portal/files/2021_11_2.pdf
2021,11,2021-11,Automóveis,4,FIAT,ARGO,6340,https://www.fenabrave.org.br/portal/files/2021_11_2.pdf
2021,11,2021-11,Automóveis,5,HYUNDAI,CRETA,6099,https://www.fenabrave.org.br/portal/files/2021_11_2.pdf
2021,11,2021-11,Automóveis,6,GM,TRACKER,6073,https://www.fenabrave.org.br/portal/files/2021_11_2.pdf
2021,11,2021-11,Automóveis,7,HYUNDAI,HB20,5540,https://www.fenabrave.org.br/portal/files/2021_11_2.pdf
2021,11,2021-11,Automóveis,8,JEEP,COMPASS,5287,https://www.fenabrave.org.br/portal/files/2021_11_2.pdf
2021,11,2021-11,Automóveis,9,VW,T CROSS,4725,https://www.fenabrave.org.br/portal/files/2021_11_2.pdf
2021,11,2021-11,Automóveis,10,JEEP,RENEGADE,4233,https://www.fenabrave.org.br/portal/files/2021_11_2.pdf
2021,11,2021-11,Automóveis,11,RENAULT,KWID,3712,https://www.fenabrave.org.br/portal/files/2021_11_2.pdf
2021,11,2021-11,Automóveis,12,NISSAN,KICKS,3556,https://www.fenabrave.org.br/portal/files/2021_11_2.pdf
2021,11,2021-11,Automóveis,13,FIAT,CRONOS,3545,https://www.fenabrave.org.br/portal/files/2021_11_2.pdf
2021,11,2021-11,Automóveis,14,TOYOTA,COROLLA,3505,https://www.fenabrave.org.br/portal/files/2021_11_2.pdf
2021,11,2021-11,Automóveis,15,TOYOTA,COROLLA CROSS,3454,https://www.fenabrave.org.br/portal/files/2021_11_2.pdf
2021,11,2021-11,Automóveis,16,VW,VOYAGE,3357,https://www.fenabrave.org.br/portal/files/2021_11_2.pdf
2021,11,2021-11,Automóveis,17,HONDA,HR-V,2868,https://www.fenabrave.org.br/portal/files/2021_11_2.pdf
2021,11,2021-11,Automóveis,18,CITROEN,C4 CACTUS,2457,https://www.fenabrave.org.br/portal/files/2021_11_2.pdf
2021,11,2021-11,Automóveis,19,FIAT,PULSE,2228,https://www.fenabrave.org.br/portal/files/2021_11_2.pdf
2021,11,2021-11,Automóveis,20,HYUNDAI,HB20S,2011,https://www.fenabrave.org.br/portal/files/2021_11_2.pdf
2021,11,2021-11,Automóveis,21,NISSAN,VERSA,1913,https://www.fenabrave.org.br/portal/files/2021_11_2.pdf
2021,11,2021-11,Automóveis,22,RENAULT,DUSTER,1764,https://www.fenabrave.org.br/portal/files/2021_11_2.pdf
2021,11,2021-11,Automóveis,23,PEUGEOT,208,1653,https://www.fenabrave.org.br/portal/files/2021_11_2.pdf
2021,11,2021-11,Automóveis,24,HONDA,CIVIC,1588,https://www.fenabrave.org.br/portal/files/2021_11_2.pdf
2021,11,2021-11,Automóveis,25,FIAT,SIENA,1499,https://www.fenabrave.org.br/portal/files/2021_11_2.pdf
2021,11,2021-11,Automóveis,26,GM,CRUZE SEDAN,1334,https://www.fenabrave.org.br/portal/files/2021_11_2.pdf
2021,11,2021-11,Automóveis,27,TOYOTA,YARIS HB,1286,https://www.fenabrave.org.br/portal/files/2021_11_2.pdf
2021,11,2021-11,Automóveis,28,VW,NIVUS,1251,https://www.fenabrave.org.br/portal/files/2021_11_2.pdf
2021,11,2021-11,Automóveis,29,TOYOTA,HILUX SW4,1215,https://www.fenabrave.org.br/portal/files/2021_11_2.pdf
2021,11,2021-11,Automóveis,30,JEEP,COMMANDER,1085,https://www.fenabrave.org.br/portal/files/2021_11_2.pdf
2021,11,2021-11,Automóveis,31,CAOA CHERY,TIGGO 5X,1023,https://www.fenabrave.org.br/portal/files/2021_11_2.pdf
2021,11,2021-11,Automóveis,32,CAOA CHERY,TIGGO 8,972,https://www.fenabrave.org.br/portal/files/2021_11_2.pdf
2021,11,2021-11,Automóveis,33,VW,TAOS,936,https://www.fenabrave.org.br/portal/files/2021_11_2.pdf
2021,11,2021-11,Automóveis,34,PEUGEOT,2008,895,https://www.fenabrave.org.br/portal/files/2021_11_2.pdf
2021,11,2021-11,Automóveis,35,HONDA,WR-V,848,https://www.fenabrave.org.br/portal/files/2021_11_2.pdf
2021,11,2021-11,Automóveis,36,RENAULT,CAPTUR,834,https://www.fenabrave.org.br/portal/files/2021_11_2.pdf
2021,11,2021-11,Automóveis,37,GM,SPIN,758,https://www.fenabrave.org.br/portal/files/2021_11_2.pdf
2021,11,2021-11,Automóveis,38,CAOA CHERY,TIGGO 3X,743,https://www.fenabrave.org.br/portal/files/2021_11_2.pdf
2021,11,2021-11,Automóveis,39,VW,VIRTUS,738,https://www.fenabrave.org.br/portal/files/2021_11_2.pdf
2021,11,2021-11,Automóveis,40,TOYOTA,YARIS SEDAN,661,https://www.fenabrave.org.br/portal/files/2021_11_2.pdf
2021,11,2021-11,Automóveis,41,RENAULT,LOGAN,651,https://www.fenabrave.org.br/portal/files/2021_11_2.pdf
2021,11,2021-11,Automóveis,42,FIAT,MOBI,638,https://www.fenabrave.org.br/portal/files/2021_11_2.pdf
2021,11,2021-11,Automóveis,43,VW,POLO,579,https://www.fenabrave.org.br/portal/files/2021_11_2.pdf
2021,11,2021-11,Automóveis,44,RENAULT,SANDERO,578,https://www.fenabrave.org.br/portal/files/2021_11_2.pdf
2021,11,2021-11,Automóveis,45,CAOA CHERY,TIGGO 7,423,https://www.fenabrave.org.br/portal/files/2021_11_2.pdf
2021,11,2021-11,Automóveis,46,VOLVO,XC40,394,https://www.fenabrave.org.br/portal/files/2021_11_2.pdf
2021,11,2021-11,Automóveis,47,LAND ROVER,DISCOVERY,393,https://www.fenabrave.org.br/portal/files/2021_11_2.pdf
2021,11,2021-11,Automóveis,48,HONDA,FIT,390,https://www.fenabrave.org.br/portal/files/2021_11_2.pdf
2021,11,2021-11,Automóveis,49,CAOA CHERY,ARRIZO 6,369,https://www.fenabrave.org.br/portal/files/2021_11_2.pdf
2021,11,2021-11,Automóveis,50,BMW,320I,362,https://www.fenabrave.org.br/portal/files/2021_11_2.pdf
2021,11,2021-11,Comerciais leves,1,FIAT,STRADA,8535,https://www.fenabrave.org.br/portal/files/2021_11_2.pdf
2021,11,2021-11,Comerciais leves,2,FIAT,TORO,5921,https://www.fenabrave.org.br/portal/files/2021_11_2.pdf
2021,11,2021-11,Comerciais leves,3,TOYOTA,HILUX,4103,https://www.fenabrave.org.br/portal/files/2021_11_2.pdf
2021,11,2021-11,Comerciais leves,4,GM,S10,3103,https://www.fenabrave.org.br/portal/files/2021_11_2.pdf
2021,11,2021-11,Comerciais leves,5,VW,SAVEIRO,2096,https://www.fenabrave.org.br/portal/files/2021_11_2.pdf
2021,11,2021-11,Comerciais leves,6,FORD,RANGER,1610,https://www.fenabrave.org.br/portal/files/2021_11_2.pdf
2021,11,2021-11,Comerciais leves,7,FIAT,FIORINO,1522,https://www.fenabrave.org.br/portal/files/2021_11_2.pdf
2021,11,2021-11,Comerciais leves,8,MITSUBISHI,L200,1407,https://www.fenabrave.org.br/portal/files/2021_11_2.pdf
2021,11,2021-11,Comerciais leves,9,NISSAN,FRONTIER,1363,https://www.fenabrave.org.br/portal/files/2021_11_2.pdf
2021,11,2021-11,Comerciais leves,10,RENAULT,MASTER,1219,https://www.fenabrave.org.br/portal/files/2021_11_2.pdf
2021,11,2021-11,Comerciais leves,11,RENAULT,OROCH,887,https://www.fenabrave.org.br/portal/files/2021_11_2.pdf
2021,11,2021-11,Comerciais leves,12,VW,AMAROK,583,https://www.fenabrave.org.br/portal/files/2021_11_2.pdf
2021,11,2021-11,Comerciais leves,13,PEUGEOT,EXPERT,365,https://www.fenabrave.org.br/portal/files/2021_11_2.pdf
2021,11,2021-11,Comerciais leves,14,VW/MAN,EXPRESS,308,https://www.fenabrave.org.br/portal/files/2021_11_2.pdf
2021,11,2021-11,Comerciais leves,15,FIAT,DUCATO,303,https://www.fenabrave.org.br/portal/files/2021_11_2.pdf
2021,11,2021-11,Comerciais leves,16,CITROEN,JUMPY,296,https://www.fenabrave.org.br/portal/files/2021_11_2.pdf
2021,11,2021-11,Comerciais leves,17,HYUNDAI,HR,265,https://www.fenabrave.org.br/portal/files/2021_11_2.pdf
2021,11,2021-11,Comerciais leves,18,IVECO,DAILY 30-130,238,https://www.fenabrave.org.br/portal/files/2021_11_2.pdf
2021,11,2021-11,Comerciais leves,19,KIA,K2500,221,https://www.fenabrave.org.br/portal/files/2021_11_2.pdf
2021,11,2021-11,Comerciais leves,20,IVECO,DAILY 35-150,187,https://www.fenabrave.org.br/portal/files/2021_11_2.pdf
2021,11,2021-11,Comerciais leves,21,RENAULT,KANGOO,97,https://www.fenabrave.org.br/portal/files/2021_11_2.pdf
2021,11,2021-11,Comerciais leves,22,PEUGEOT,PARTNER,68,https://www.fenabrave.org.br/portal/files/2021_11_2.pdf
2021,11,2021-11,Comerciais leves,23,M.BENZ,SPRINTER 416,50,https://www.fenabrave.org.br/portal/files/2021_11_2.pdf
2021,11,2021-11,Comerciais leves,24,EFFA,V21,47,https://www.fenabrave.org.br/portal/files/2021_11_2.pdf
2021,11,2021-11,Comerciais leves,25,FORD,MAVERICK,39,https://www.fenabrave.org.br/portal/files/2021_11_2.pdf
2021,11,2021-11,Comerciais leves,26,M.BENZ,SPRINTER 314,33,https://www.fenabrave.org.br/portal/files/2021_11_2.pdf
2021,11,2021-11,Comerciais leves,27,PEUGEOT,BOXER,27,https://www.fenabrave.org.br/portal/files/2021_11_2.pdf
2021,11,2021-11,Comerciais leves,28,M.BENZ,SPRINTER,22,https://www.fenabrave.org.br/portal/files/2021_11_2.pdf
2021,11,2021-11,Comerciais leves,29,EFFA,V22,22,https://www.fenabrave.org.br/portal/files/2021_11_2.pdf
2021,11,2021-11,Comerciais leves,30,FIAT,DOBLO,20,https://www.fenabrave.org.br/portal/files/2021_11_2.pdf
2021,11,2021-11,Comerciais leves,31,RAM,1500,14,https://www.fenabrave.org.br/portal/files/2021_11_2.pdf
2021,11,2021-11,Comerciais leves,32,IVECO,DAILY 5516,13,https://www.fenabrave.org.br/portal/files/2021_11_2.pdf
2021,11,2021-11,Comerciais leves,33,RAM,2500,13,https://www.fenabrave.org.br/portal/files/2021_11_2.pdf
2021,11,2021-11,Comerciais leves,34,FOTON,AUMARK 1039,9,https://www.fenabrave.org.br/portal/files/2021_11_2.pdf
2021,11,2021-11,Comerciais leves,35,FOTON,AUMARK 3.5-14DT,9,https://www.fenabrave.org.br/portal/files/2021_11_2.pdf
2021,11,2021-11,Comerciais leves,36,GM,MONTANA,8,https://www.fenabrave.org.br/portal/files/2021_11_2.pdf
2021,11,2021-11,Comerciais leves,37,IVECO,DAILY,7,https://www.fenabrave.org.br/portal/files/2021_11_2.pdf
2021,11,2021-11,Comerciais leves,38,CITROEN,JUMPER,6,https://www.fenabrave.org.br/portal/files/2021_11_2.pdf
2021,11,2021-11,Comerciais leves,39,JAC,V260,5,https://www.fenabrave.org.br/portal/files/2021_11_2.pdf
2021,11,2021-11,Comerciais leves,40,FIAT,UNO,1,https://www.fenabrave.org.br/portal/files/2021_11_2.pdf
2021,11,2021-11,Comerciais leves,41,FORD,F250,1,https://www.fenabrave.org.br/portal/files/2021_11_2.pdf
2021,11,2021-11,Comerciais leves,42,GM,C10,1,https://www.fenabrave.org.br/portal/files/2021_11_2.pdf
2021,11,2021-11,Comerciais leves,43,GM,CHEVY,1,https://www.fenabrave.org.br/portal/files/2021_11_2.pdf
2021,11,2021-11,Comerciais leves,44,GM,D20,1,https://www.fenabrave.org.br/portal/files/2021_11_2.pdf
2021,11,2021-11,Comerciais leves,45,GM,EL CAMINO,1,https://www.fenabrave.org.br/portal/files/2021_11_2.pdf
2021,11,2021-11,Comerciais leves,46,GM,SILVERADO,1,https://www.fenabrave.org.br/portal/files/2021_11_2.pdf
2021,11,2021-11,Comerciais leves,47,GMC,SIERRA,1,https://www.fenabrave.org.br/portal/files/2021_11_2.pdf
2021,11,2021-11,Comerciais leves,48,TOYOTA,BANDEIRANTE,1,https://www.fenabrave.org.br/portal/files/2021_11_2.pdf
2021,11,2021-11,Comerciais leves,49,WILLYS,OVERLAND,1,https://www.fenabrave.org.br/portal/files/2021_11_2.pdf
2021,11,2021-11,Comerciais leves,50,EFFA,V25,1,https://www.fenabrave.org.br/portal/files/2021_11_2.pdf
2021,12,2021-12,Automóveis,1,GM,ONIX,11529,https://www.fenabrave.org.br/portal/files/2021_12_2.pdf
2021,12,2021-12,Automóveis,2,GM,ONIX PLUS,9105,https://www.fenabrave.org.br/portal/files/2021_12_2.pdf
2021,12,2021-12,Automóveis,3,VW,GOL,8329,https://www.fenabrave.org.br/portal/files/2021_12_2.pdf
2021,12,2021-12,Automóveis,4,GM,TRACKER,7936,https://www.fenabrave.org.br/portal/files/2021_12_2.pdf
2021,12,2021-12,Automóveis,5,HYUNDAI,HB20,7926,https://www.fenabrave.org.br/portal/files/2021_12_2.pdf
2021,12,2021-12,Automóveis,6,RENAULT,KWID,6775,https://www.fenabrave.org.br/portal/files/2021_12_2.pdf
2021,12,2021-12,Automóveis,7,JEEP,COMPASS,6668,https://www.fenabrave.org.br/portal/files/2021_12_2.pdf
2021,12,2021-12,Automóveis,8,VW,T CROSS,6574,https://www.fenabrave.org.br/portal/files/2021_12_2.pdf
2021,12,2021-12,Automóveis,9,HYUNDAI,CRETA,6038,https://www.fenabrave.org.br/portal/files/2021_12_2.pdf
2021,12,2021-12,Automóveis,10,TOYOTA,COROLLA,4922,https://www.fenabrave.org.br/portal/files/2021_12_2.pdf
2021,12,2021-12,Automóveis,11,VW,VOYAGE,4588,https://www.fenabrave.org.br/portal/files/2021_12_2.pdf
2021,12,2021-12,Automóveis,12,TOYOTA,COROLLA CROSS,4581,https://www.fenabrave.org.br/portal/files/2021_12_2.pdf
2021,12,2021-12,Automóveis,13,FIAT,CRONOS,4535,https://www.fenabrave.org.br/portal/files/2021_12_2.pdf
2021,12,2021-12,Automóveis,14,FIAT,ARGO,4509,https://www.fenabrave.org.br/portal/files/2021_12_2.pdf
2021,12,2021-12,Automóveis,15,FIAT,PULSE,4432,https://www.fenabrave.org.br/portal/files/2021_12_2.pdf
2021,12,2021-12,Automóveis,16,JEEP,RENEGADE,4293,https://www.fenabrave.org.br/portal/files/2021_12_2.pdf
2021,12,2021-12,Automóveis,17,HONDA,HR-V,3696,https://www.fenabrave.org.br/portal/files/2021_12_2.pdf
2021,12,2021-12,Automóveis,18,HYUNDAI,HB20S,2876,https://www.fenabrave.org.br/portal/files/2021_12_2.pdf
2021,12,2021-12,Automóveis,19,FIAT,MOBI,2744,https://www.fenabrave.org.br/portal/files/2021_12_2.pdf
2021,12,2021-12,Automóveis,20,CITROEN,C4 CACTUS,2721,https://www.fenabrave.org.br/portal/files/2021_12_2.pdf
2021,12,2021-12,Automóveis,21,NISSAN,KICKS,2578,https://www.fenabrave.org.br/portal/files/2021_12_2.pdf
2021,12,2021-12,Automóveis,22,JEEP,COMMANDER,2185,https://www.fenabrave.org.br/portal/files/2021_12_2.pdf
2021,12,2021-12,Automóveis,23,FIAT,SIENA,2138,https://www.fenabrave.org.br/portal/files/2021_12_2.pdf
2021,12,2021-12,Automóveis,24,PEUGEOT,208,1814,https://www.fenabrave.org.br/portal/files/2021_12_2.pdf
2021,12,2021-12,Automóveis,25,RENAULT,DUSTER,1803,https://www.fenabrave.org.br/portal/files/2021_12_2.pdf
2021,12,2021-12,Automóveis,26,HONDA,CIVIC,1697,https://www.fenabrave.org.br/portal/files/2021_12_2.pdf
2021,12,2021-12,Automóveis,27,TOYOTA,HILUX SW4,1568,https://www.fenabrave.org.br/portal/files/2021_12_2.pdf
2021,12,2021-12,Automóveis,28,GM,SPIN,1538,https://www.fenabrave.org.br/portal/files/2021_12_2.pdf
2021,12,2021-12,Automóveis,29,TOYOTA,YARIS HB,1538,https://www.fenabrave.org.br/portal/files/2021_12_2.pdf
2021,12,2021-12,Automóveis,30,VW,NIVUS,1508,https://www.fenabrave.org.br/portal/files/2021_12_2.pdf
2021,12,2021-12,Automóveis,31,VW,TAOS,1462,https://www.fenabrave.org.br/portal/files/2021_12_2.pdf
2021,12,2021-12,Automóveis,32,PEUGEOT,2008,1325,https://www.fenabrave.org.br/portal/files/2021_12_2.pdf
2021,12,2021-12,Automóveis,33,CAOA CHERY,TIGGO 8,1272,https://www.fenabrave.org.br/portal/files/2021_12_2.pdf
2021,12,2021-12,Automóveis,34,NISSAN,VERSA,1264,https://www.fenabrave.org.br/portal/files/2021_12_2.pdf
2021,12,2021-12,Automóveis,35,RENAULT,CAPTUR,1146,https://www.fenabrave.org.br/portal/files/2021_12_2.pdf
2021,12,2021-12,Automóveis,36,FIAT,UNO,1135,https://www.fenabrave.org.br/portal/files/2021_12_2.pdf
2021,12,2021-12,Automóveis,37,HONDA,WR-V,1096,https://www.fenabrave.org.br/portal/files/2021_12_2.pdf
2021,12,2021-12,Automóveis,38,GM,CRUZE SEDAN,961,https://www.fenabrave.org.br/portal/files/2021_12_2.pdf
2021,12,2021-12,Automóveis,39,CAOA CHERY,TIGGO 5X,899,https://www.fenabrave.org.br/portal/files/2021_12_2.pdf
2021,12,2021-12,Automóveis,40,RENAULT,LOGAN,874,https://www.fenabrave.org.br/portal/files/2021_12_2.pdf
2021,12,2021-12,Automóveis,41,CAOA CHERY,TIGGO 3X,825,https://www.fenabrave.org.br/portal/files/2021_12_2.pdf
2021,12,2021-12,Automóveis,42,TOYOTA,YARIS SEDAN,808,https://www.fenabrave.org.br/portal/files/2021_12_2.pdf
2021,12,2021-12,Automóveis,43,RENAULT,SANDERO,776,https://www.fenabrave.org.br/portal/files/2021_12_2.pdf
2021,12,2021-12,Automóveis,44,VW,VIRTUS,770,https://www.fenabrave.org.br/portal/files/2021_12_2.pdf
2021,12,2021-12,Automóveis,45,VOLVO,XC40,620,https://www.fenabrave.org.br/portal/files/2021_12_2.pdf
2021,12,2021-12,Automóveis,46,M.BENZ,CLASSE GLB,485,https://www.fenabrave.org.br/portal/files/2021_12_2.pdf
2021,12,2021-12,Automóveis,47,HONDA,FIT,430,https://www.fenabrave.org.br/portal/files/2021_12_2.pdf
2021,12,2021-12,Automóveis,48,BMW,320I,362,https://www.fenabrave.org.br/portal/files/2021_12_2.pdf
2021,12,2021-12,Automóveis,49,BMW,X1,348,https://www.fenabrave.org.br/portal/files/2021_12_2.pdf
2021,12,2021-12,Automóveis,50,CAOA CHERY,ARRIZO 6,330,https://www.fenabrave.org.br/portal/files/2021_12_2.pdf
2021,12,2021-12,Comerciais leves,1,FIAT,STRADA,9060,https://www.fenabrave.org.br/portal/files/2021_12_2.pdf
2021,12,2021-12,Comerciais leves,2,TOYOTA,HILUX,5408,https://www.fenabrave.org.br/portal/files/2021_12_2.pdf
2021,12,2021-12,Comerciais leves,3,FIAT,TORO,5139,https://www.fenabrave.org.br/portal/files/2021_12_2.pdf
2021,12,2021-12,Comerciais leves,4,VW,SAVEIRO,2554,https://www.fenabrave.org.br/portal/files/2021_12_2.pdf
2021,12,2021-12,Comerciais leves,5,FORD,RANGER,2289,https://www.fenabrave.org.br/portal/files/2021_12_2.pdf
2021,12,2021-12,Comerciais leves,6,GM,S10,2221,https://www.fenabrave.org.br/portal/files/2021_12_2.pdf
2021,12,2021-12,Comerciais leves,7,MITSUBISHI,L200,1561,https://www.fenabrave.org.br/portal/files/2021_12_2.pdf
2021,12,2021-12,Comerciais leves,8,VW,AMAROK,1408,https://www.fenabrave.org.br/portal/files/2021_12_2.pdf
2021,12,2021-12,Comerciais leves,9,NISSAN,FRONTIER,1402,https://www.fenabrave.org.br/portal/files/2021_12_2.pdf
2021,12,2021-12,Comerciais leves,10,RENAULT,OROCH,1390,https://www.fenabrave.org.br/portal/files/2021_12_2.pdf
2021,12,2021-12,Comerciais leves,11,RENAULT,MASTER,1346,https://www.fenabrave.org.br/portal/files/2021_12_2.pdf
2021,12,2021-12,Comerciais leves,12,FIAT,FIORINO,1162,https://www.fenabrave.org.br/portal/files/2021_12_2.pdf
2021,12,2021-12,Comerciais leves,13,FIAT,DUCATO,376,https://www.fenabrave.org.br/portal/files/2021_12_2.pdf
2021,12,2021-12,Comerciais leves,14,PEUGEOT,EXPERT,308,https://www.fenabrave.org.br/portal/files/2021_12_2.pdf
2021,12,2021-12,Comerciais leves,15,CITROEN,JUMPY,303,https://www.fenabrave.org.br/portal/files/2021_12_2.pdf
2021,12,2021-12,Comerciais leves,16,VW/MAN,EXPRESS,278,https://www.fenabrave.org.br/portal/files/2021_12_2.pdf
2021,12,2021-12,Comerciais leves,17,KIA,K2500,223,https://www.fenabrave.org.br/portal/files/2021_12_2.pdf
2021,12,2021-12,Comerciais leves,18,IVECO,DAILY 35-150,189,https://www.fenabrave.org.br/portal/files/2021_12_2.pdf
2021,12,2021-12,Comerciais leves,19,HYUNDAI,HR,168,https://www.fenabrave.org.br/portal/files/2021_12_2.pdf
2021,12,2021-12,Comerciais leves,20,FIAT,DOBLO,97,https://www.fenabrave.org.br/portal/files/2021_12_2.pdf
2021,12,2021-12,Comerciais leves,21,M.BENZ,SPRINTER 416,88,https://www.fenabrave.org.br/portal/files/2021_12_2.pdf
2021,12,2021-12,Comerciais leves,22,IVECO,DAILY 30-130,79,https://www.fenabrave.org.br/portal/files/2021_12_2.pdf
2021,12,2021-12,Comerciais leves,23,CITROEN,JUMPER,60,https://www.fenabrave.org.br/portal/files/2021_12_2.pdf
2021,12,2021-12,Comerciais leves,24,M.BENZ,SPRINTER 314,56,https://www.fenabrave.org.br/portal/files/2021_12_2.pdf
2021,12,2021-12,Comerciais leves,25,RAM,2500,38,https://www.fenabrave.org.br/portal/files/2021_12_2.pdf
2021,12,2021-12,Comerciais leves,26,EFFA,V21,36,https://www.fenabrave.org.br/portal/files/2021_12_2.pdf
2021,12,2021-12,Comerciais leves,27,IVECO,DAILY,33,https://www.fenabrave.org.br/portal/files/2021_12_2.pdf
2021,12,2021-12,Comerciais leves,28,PEUGEOT,PARTNER,21,https://www.fenabrave.org.br/portal/files/2021_12_2.pdf
2021,12,2021-12,Comerciais leves,29,PEUGEOT,BOXER,14,https://www.fenabrave.org.br/portal/files/2021_12_2.pdf
2021,12,2021-12,Comerciais leves,30,GM,MONTANA,13,https://www.fenabrave.org.br/portal/files/2021_12_2.pdf
2021,12,2021-12,Comerciais leves,31,M.BENZ,SPRINTER,12,https://www.fenabrave.org.br/portal/files/2021_12_2.pdf
2021,12,2021-12,Comerciais leves,32,IVECO,DAILY 5516,9,https://www.fenabrave.org.br/portal/files/2021_12_2.pdf
2021,12,2021-12,Comerciais leves,33,RAM,1500,9,https://www.fenabrave.org.br/portal/files/2021_12_2.pdf
2021,12,2021-12,Comerciais leves,34,EFFA,V22,8,https://www.fenabrave.org.br/portal/files/2021_12_2.pdf
2021,12,2021-12,Comerciais leves,35,FOTON,AUMARK 1039,8,https://www.fenabrave.org.br/portal/files/2021_12_2.pdf
2021,12,2021-12,Comerciais leves,36,BYD,T3,8,https://www.fenabrave.org.br/portal/files/2021_12_2.pdf
2021,12,2021-12,Comerciais leves,37,FOTON,AUMARK 3.5-14DT,6,https://www.fenabrave.org.br/portal/files/2021_12_2.pdf
2021,12,2021-12,Comerciais leves,38,RENAULT,KANGOO,4,https://www.fenabrave.org.br/portal/files/2021_12_2.pdf
2021,12,2021-12,Comerciais leves,39,EFFA,V25,4,https://www.fenabrave.org.br/portal/files/2021_12_2.pdf
2021,12,2021-12,Comerciais leves,40,VW,KOMBI,3,https://www.fenabrave.org.br/portal/files/2021_12_2.pdf
2021,12,2021-12,Comerciais leves,41,JAC,V260,3,https://www.fenabrave.org.br/portal/files/2021_12_2.pdf
2021,12,2021-12,Comerciais leves,42,CITROEN,BERLINGO,2,https://www.fenabrave.org.br/portal/files/2021_12_2.pdf
2021,12,2021-12,Comerciais leves,43,GM,SILVERADO,2,https://www.fenabrave.org.br/portal/files/2021_12_2.pdf
2021,12,2021-12,Comerciais leves,44,TOYOTA,BANDEIRANTE,2,https://www.fenabrave.org.br/portal/files/2021_12_2.pdf
2021,12,2021-12,Comerciais leves,45,EFFA,K01,2,https://www.fenabrave.org.br/portal/files/2021_12_2.pdf
2021,12,2021-12,Comerciais leves,46,FORD,F150,1,https://www.fenabrave.org.br/portal/files/2021_12_2.pdf
2021,12,2021-12,Comerciais leves,47,FORD,F250,1,https://www.fenabrave.org.br/portal/files/2021_12_2.pdf
2021,12,2021-12,Comerciais leves,48,FORD,FAIRLANE,1,https://www.fenabrave.org.br/portal/files/2021_12_2.pdf
2021,12,2021-12,Comerciais leves,49,GM,C10,1,https://www.fenabrave.org.br/portal/files/2021_12_2.pdf
2021,12,2021-12,Comerciais leves,50,WILLYS,OVERLAND,1,https://www.fenabrave.org.br/portal/files/2021_12_2.pdf
2022,1,2022-01,Automóveis,1,HYUNDAI,HB20,5634,https://www.fenabrave.org.br/portal/files/2022_01_2.pdf
2022,1,2022-01,Automóveis,2,GM,ONIX,5205,https://www.fenabrave.org.br/portal/files/2022_01_2.pdf
2022,1,2022-01,Automóveis,3,JEEP,RENEGADE,4999,https://www.fenabrave.org.br/portal/files/2022_01_2.pdf
2022,1,2022-01,Automóveis,4,JEEP,COMPASS,4905,https://www.fenabrave.org.br/portal/files/2022_01_2.pdf
2022,1,2022-01,Automóveis,5,HYUNDAI,CRETA,4175,https://www.fenabrave.org.br/portal/files/2022_01_2.pdf
2022,1,2022-01,Automóveis,6,VW,T CROSS,3761,https://www.fenabrave.org.br/portal/files/2022_01_2.pdf
2022,1,2022-01,Automóveis,7,VW,GOL,3435,https://www.fenabrave.org.br/portal/files/2022_01_2.pdf
2022,1,2022-01,Automóveis,8,GM,ONIX PLUS,3431,https://www.fenabrave.org.br/portal/files/2022_01_2.pdf
2022,1,2022-01,Automóveis,9,FIAT,PULSE,3192,https://www.fenabrave.org.br/portal/files/2022_01_2.pdf
2022,1,2022-01,Automóveis,10,RENAULT,KWID,3180,https://www.fenabrave.org.br/portal/files/2022_01_2.pdf
2022,1,2022-01,Automóveis,11,FIAT,ARGO,2676,https://www.fenabrave.org.br/portal/files/2022_01_2.pdf
2022,1,2022-01,Automóveis,12,FIAT,MOBI,2528,https://www.fenabrave.org.br/portal/files/2022_01_2.pdf
2022,1,2022-01,Automóveis,13,TOYOTA,COROLLA CROSS,2478,https://www.fenabrave.org.br/portal/files/2022_01_2.pdf
2022,1,2022-01,Automóveis,14,HYUNDAI,HB20S,2391,https://www.fenabrave.org.br/portal/files/2022_01_2.pdf
2022,1,2022-01,Automóveis,15,GM,TRACKER,2376,https://www.fenabrave.org.br/portal/files/2022_01_2.pdf
2022,1,2022-01,Automóveis,16,CITROEN,C4 CACTUS,2283,https://www.fenabrave.org.br/portal/files/2022_01_2.pdf
2022,1,2022-01,Automóveis,17,TOYOTA,COROLLA,2142,https://www.fenabrave.org.br/portal/files/2022_01_2.pdf
2022,1,2022-01,Automóveis,18,PEUGEOT,208,1989,https://www.fenabrave.org.br/portal/files/2022_01_2.pdf
2022,1,2022-01,Automóveis,19,HONDA,HR-V,1792,https://www.fenabrave.org.br/portal/files/2022_01_2.pdf
2022,1,2022-01,Automóveis,20,FIAT,CRONOS,1732,https://www.fenabrave.org.br/portal/files/2022_01_2.pdf
2022,1,2022-01,Automóveis,21,NISSAN,KICKS,1682,https://www.fenabrave.org.br/portal/files/2022_01_2.pdf
2022,1,2022-01,Automóveis,22,PEUGEOT,2008,1631,https://www.fenabrave.org.br/portal/files/2022_01_2.pdf
2022,1,2022-01,Automóveis,23,RENAULT,DUSTER,1445,https://www.fenabrave.org.br/portal/files/2022_01_2.pdf
2022,1,2022-01,Automóveis,24,JEEP,COMMANDER,1437,https://www.fenabrave.org.br/portal/files/2022_01_2.pdf
2022,1,2022-01,Automóveis,25,VW,NIVUS,1384,https://www.fenabrave.org.br/portal/files/2022_01_2.pdf
2022,1,2022-01,Automóveis,26,HONDA,CIVIC,1133,https://www.fenabrave.org.br/portal/files/2022_01_2.pdf
2022,1,2022-01,Automóveis,27,CAOA CHERY,TIGGO 3X,1023,https://www.fenabrave.org.br/portal/files/2022_01_2.pdf
2022,1,2022-01,Automóveis,28,HONDA,CITY,1011,https://www.fenabrave.org.br/portal/files/2022_01_2.pdf
2022,1,2022-01,Automóveis,29,TOYOTA,YARIS HB,955,https://www.fenabrave.org.br/portal/files/2022_01_2.pdf
2022,1,2022-01,Automóveis,30,VW,TAOS,946,https://www.fenabrave.org.br/portal/files/2022_01_2.pdf
2022,1,2022-01,Automóveis,31,TOYOTA,HILUX SW4,889,https://www.fenabrave.org.br/portal/files/2022_01_2.pdf
2022,1,2022-01,Automóveis,32,NISSAN,VERSA,796,https://www.fenabrave.org.br/portal/files/2022_01_2.pdf
2022,1,2022-01,Automóveis,33,CAOA CHERY,TIGGO 8,670,https://www.fenabrave.org.br/portal/files/2022_01_2.pdf
2022,1,2022-01,Automóveis,34,FIAT,SIENA,666,https://www.fenabrave.org.br/portal/files/2022_01_2.pdf
2022,1,2022-01,Automóveis,35,FIAT,UNO,622,https://www.fenabrave.org.br/portal/files/2022_01_2.pdf
2022,1,2022-01,Automóveis,36,VW,VIRTUS,612,https://www.fenabrave.org.br/portal/files/2022_01_2.pdf
2022,1,2022-01,Automóveis,37,RENAULT,LOGAN,607,https://www.fenabrave.org.br/portal/files/2022_01_2.pdf
2022,1,2022-01,Automóveis,38,RENAULT,SANDERO,607,https://www.fenabrave.org.br/portal/files/2022_01_2.pdf
2022,1,2022-01,Automóveis,39,HONDA,WR-V,600,https://www.fenabrave.org.br/portal/files/2022_01_2.pdf
2022,1,2022-01,Automóveis,40,CAOA CHERY,TIGGO 5X,598,https://www.fenabrave.org.br/portal/files/2022_01_2.pdf
2022,1,2022-01,Automóveis,41,TOYOTA,YARIS SEDAN,593,https://www.fenabrave.org.br/portal/files/2022_01_2.pdf
2022,1,2022-01,Automóveis,42,RENAULT,CAPTUR,567,https://www.fenabrave.org.br/portal/files/2022_01_2.pdf
2022,1,2022-01,Automóveis,43,GM,SPIN,513,https://www.fenabrave.org.br/portal/files/2022_01_2.pdf
2022,1,2022-01,Automóveis,44,CAOA CHERY,TIGGO 7,512,https://www.fenabrave.org.br/portal/files/2022_01_2.pdf
2022,1,2022-01,Automóveis,45,VW,VOYAGE,479,https://www.fenabrave.org.br/portal/files/2022_01_2.pdf
2022,1,2022-01,Automóveis,46,GM,CRUZE SEDAN,458,https://www.fenabrave.org.br/portal/files/2022_01_2.pdf
2022,1,2022-01,Automóveis,47,GM,TRAILBLAZER,347,https://www.fenabrave.org.br/portal/files/2022_01_2.pdf
2022,1,2022-01,Automóveis,48,CAOA CHERY,ARRIZO 6,270,https://www.fenabrave.org.br/portal/files/2022_01_2.pdf
2022,1,2022-01,Automóveis,49,BMW,320I,259,https://www.fenabrave.org.br/portal/files/2022_01_2.pdf
2022,1,2022-01,Automóveis,50,VW,POLO,253,https://www.fenabrave.org.br/portal/files/2022_01_2.pdf
2022,1,2022-01,Comerciais leves,1,FIAT,STRADA,6716,https://www.fenabrave.org.br/portal/files/2022_01_2.pdf
2022,1,2022-01,Comerciais leves,2,FIAT,TORO,3293,https://www.fenabrave.org.br/portal/files/2022_01_2.pdf
2022,1,2022-01,Comerciais leves,3,TOYOTA,HILUX,2912,https://www.fenabrave.org.br/portal/files/2022_01_2.pdf
2022,1,2022-01,Comerciais leves,4,RENAULT,OROCH,1447,https://www.fenabrave.org.br/portal/files/2022_01_2.pdf
2022,1,2022-01,Comerciais leves,5,FIAT,FIORINO,1343,https://www.fenabrave.org.br/portal/files/2022_01_2.pdf
2022,1,2022-01,Comerciais leves,6,FORD,RANGER,1221,https://www.fenabrave.org.br/portal/files/2022_01_2.pdf
2022,1,2022-01,Comerciais leves,7,VW,SAVEIRO,1180,https://www.fenabrave.org.br/portal/files/2022_01_2.pdf
2022,1,2022-01,Comerciais leves,8,VW,AMAROK,954,https://www.fenabrave.org.br/portal/files/2022_01_2.pdf
2022,1,2022-01,Comerciais leves,9,NISSAN,FRONTIER,950,https://www.fenabrave.org.br/portal/files/2022_01_2.pdf
2022,1,2022-01,Comerciais leves,10,MITSUBISHI,L200,826,https://www.fenabrave.org.br/portal/files/2022_01_2.pdf
2022,1,2022-01,Comerciais leves,11,GM,S10,739,https://www.fenabrave.org.br/portal/files/2022_01_2.pdf
2022,1,2022-01,Comerciais leves,12,RENAULT,MASTER,623,https://www.fenabrave.org.br/portal/files/2022_01_2.pdf
2022,1,2022-01,Comerciais leves,13,FIAT,DUCATO,452,https://www.fenabrave.org.br/portal/files/2022_01_2.pdf
2022,1,2022-01,Comerciais leves,14,PEUGEOT,EXPERT,398,https://www.fenabrave.org.br/portal/files/2022_01_2.pdf
2022,1,2022-01,Comerciais leves,15,RAM,2500,252,https://www.fenabrave.org.br/portal/files/2022_01_2.pdf
2022,1,2022-01,Comerciais leves,16,CITROEN,JUMPY,198,https://www.fenabrave.org.br/portal/files/2022_01_2.pdf
2022,1,2022-01,Comerciais leves,17,VW/MAN,EXPRESS,172,https://www.fenabrave.org.br/portal/files/2022_01_2.pdf
2022,1,2022-01,Comerciais leves,18,KIA,K2500,151,https://www.fenabrave.org.br/portal/files/2022_01_2.pdf
2022,1,2022-01,Comerciais leves,19,IVECO,DAILY 35-150,149,https://www.fenabrave.org.br/portal/files/2022_01_2.pdf
2022,1,2022-01,Comerciais leves,20,HYUNDAI,HR,112,https://www.fenabrave.org.br/portal/files/2022_01_2.pdf
2022,1,2022-01,Comerciais leves,21,IVECO,DAILY 30-130,63,https://www.fenabrave.org.br/portal/files/2022_01_2.pdf
2022,1,2022-01,Comerciais leves,22,M.BENZ,SPRINTER 416,44,https://www.fenabrave.org.br/portal/files/2022_01_2.pdf
2022,1,2022-01,Comerciais leves,23,PEUGEOT,PARTNER,39,https://www.fenabrave.org.br/portal/files/2022_01_2.pdf
2022,1,2022-01,Comerciais leves,24,M.BENZ,SPRINTER 314,32,https://www.fenabrave.org.br/portal/files/2022_01_2.pdf
2022,1,2022-01,Comerciais leves,25,EFFA,V21,29,https://www.fenabrave.org.br/portal/files/2022_01_2.pdf
2022,1,2022-01,Comerciais leves,26,IVECO,DAILY,13,https://www.fenabrave.org.br/portal/files/2022_01_2.pdf
2022,1,2022-01,Comerciais leves,27,M.BENZ,SPRINTER,13,https://www.fenabrave.org.br/portal/files/2022_01_2.pdf
2022,1,2022-01,Comerciais leves,28,PEUGEOT,BOXER,13,https://www.fenabrave.org.br/portal/files/2022_01_2.pdf
2022,1,2022-01,Comerciais leves,29,EFFA,V22,12,https://www.fenabrave.org.br/portal/files/2022_01_2.pdf
2022,1,2022-01,Comerciais leves,30,FIAT,DOBLO,11,https://www.fenabrave.org.br/portal/files/2022_01_2.pdf
2022,1,2022-01,Comerciais leves,31,CITROEN,JUMPER,6,https://www.fenabrave.org.br/portal/files/2022_01_2.pdf
2022,1,2022-01,Comerciais leves,32,EFFA,V25,5,https://www.fenabrave.org.br/portal/files/2022_01_2.pdf
2022,1,2022-01,Comerciais leves,33,RAM,1500,3,https://www.fenabrave.org.br/portal/files/2022_01_2.pdf
2022,1,2022-01,Comerciais leves,34,GM,MONTANA,2,https://www.fenabrave.org.br/portal/files/2022_01_2.pdf
2022,1,2022-01,Comerciais leves,35,TOYOTA,BANDEIRANTE,2,https://www.fenabrave.org.br/portal/files/2022_01_2.pdf
2022,1,2022-01,Comerciais leves,36,EFFA,K01,2,https://www.fenabrave.org.br/portal/files/2022_01_2.pdf
2022,1,2022-01,Comerciais leves,37,JAC,V260,2,https://www.fenabrave.org.br/portal/files/2022_01_2.pdf
2022,1,2022-01,Comerciais leves,38,FORD,F150,1,https://www.fenabrave.org.br/portal/files/2022_01_2.pdf
2022,1,2022-01,Comerciais leves,39,FORD,F250,1,https://www.fenabrave.org.br/portal/files/2022_01_2.pdf
2022,1,2022-01,Comerciais leves,40,FORD,RANCHERO,1,https://www.fenabrave.org.br/portal/files/2022_01_2.pdf
2022,1,2022-01,Comerciais leves,41,GM,SILVERADO,1,https://www.fenabrave.org.br/portal/files/2022_01_2.pdf
2022,1,2022-01,Comerciais leves,42,OPEL,OPEL,1,https://www.fenabrave.org.br/portal/files/2022_01_2.pdf
2022,1,2022-01,Comerciais leves,43,MAHINDRA,MAHINDRA,1,https://www.fenabrave.org.br/portal/files/2022_01_2.pdf
2022,1,2022-01,Comerciais leves,44,FOTON,AUMARK 1039,1,https://www.fenabrave.org.br/portal/files/2022_01_2.pdf
2022,1,2022-01,Comerciais leves,45,FOTON,AUMARK 3.5-14DT,1,https://www.fenabrave.org.br/portal/files/2022_01_2.pdf
2022,2,2022-02,Automóveis,1,GM,ONIX,6541,https://www.fenabrave.org.br/portal/files/2022_02_2.pdf
2022,2,2022-02,Automóveis,2,HYUNDAI,HB20,6161,https://www.fenabrave.org.br/portal/files/2022_02_2.pdf
2022,2,2022-02,Automóveis,3,VW,T CROSS,5118,https://www.fenabrave.org.br/portal/files/2022_02_2.pdf
2022,2,2022-02,Automóveis,4,JEEP,COMPASS,4503,https://www.fenabrave.org.br/portal/files/2022_02_2.pdf
2022,2,2022-02,Automóveis,5,GM,ONIX PLUS,4489,https://www.fenabrave.org.br/portal/files/2022_02_2.pdf
2022,2,2022-02,Automóveis,6,FIAT,ARGO,4321,https://www.fenabrave.org.br/portal/files/2022_02_2.pdf
2022,2,2022-02,Automóveis,7,RENAULT,KWID,4262,https://www.fenabrave.org.br/portal/files/2022_02_2.pdf
2022,2,2022-02,Automóveis,8,HYUNDAI,CRETA,4163,https://www.fenabrave.org.br/portal/files/2022_02_2.pdf
2022,2,2022-02,Automóveis,9,FIAT,MOBI,4162,https://www.fenabrave.org.br/portal/files/2022_02_2.pdf
2022,2,2022-02,Automóveis,10,TOYOTA,COROLLA CROSS,3732,https://www.fenabrave.org.br/portal/files/2022_02_2.pdf
2022,2,2022-02,Automóveis,11,GM,TRACKER,3419,https://www.fenabrave.org.br/portal/files/2022_02_2.pdf
2022,2,2022-02,Automóveis,12,TOYOTA,COROLLA,2729,https://www.fenabrave.org.br/portal/files/2022_02_2.pdf
2022,2,2022-02,Automóveis,13,FIAT,SIENA,2637,https://www.fenabrave.org.br/portal/files/2022_02_2.pdf
2022,2,2022-02,Automóveis,14,VW,NIVUS,2417,https://www.fenabrave.org.br/portal/files/2022_02_2.pdf
2022,2,2022-02,Automóveis,15,HONDA,CITY,2326,https://www.fenabrave.org.br/portal/files/2022_02_2.pdf
2022,2,2022-02,Automóveis,16,JEEP,RENEGADE,2229,https://www.fenabrave.org.br/portal/files/2022_02_2.pdf
2022,2,2022-02,Automóveis,17,TOYOTA,YARIS HB,2067,https://www.fenabrave.org.br/portal/files/2022_02_2.pdf
2022,2,2022-02,Automóveis,18,HYUNDAI,HB20S,2055,https://www.fenabrave.org.br/portal/files/2022_02_2.pdf
2022,2,2022-02,Automóveis,19,PEUGEOT,208,1847,https://www.fenabrave.org.br/portal/files/2022_02_2.pdf
2022,2,2022-02,Automóveis,20,FIAT,PULSE,1843,https://www.fenabrave.org.br/portal/files/2022_02_2.pdf
2022,2,2022-02,Automóveis,21,VW,GOL,1710,https://www.fenabrave.org.br/portal/files/2022_02_2.pdf
2022,2,2022-02,Automóveis,22,JEEP,COMMANDER,1614,https://www.fenabrave.org.br/portal/files/2022_02_2.pdf
2022,2,2022-02,Automóveis,23,CITROEN,C4 CACTUS,1587,https://www.fenabrave.org.br/portal/files/2022_02_2.pdf
2022,2,2022-02,Automóveis,24,RENAULT,DUSTER,1550,https://www.fenabrave.org.br/portal/files/2022_02_2.pdf
2022,2,2022-02,Automóveis,25,RENAULT,LOGAN,1363,https://www.fenabrave.org.br/portal/files/2022_02_2.pdf
2022,2,2022-02,Automóveis,26,TOYOTA,YARIS SEDAN,1202,https://www.fenabrave.org.br/portal/files/2022_02_2.pdf
2022,2,2022-02,Automóveis,27,NISSAN,KICKS,1112,https://www.fenabrave.org.br/portal/files/2022_02_2.pdf
2022,2,2022-02,Automóveis,28,NISSAN,VERSA,1058,https://www.fenabrave.org.br/portal/files/2022_02_2.pdf
2022,2,2022-02,Automóveis,29,TOYOTA,HILUX SW4,997,https://www.fenabrave.org.br/portal/files/2022_02_2.pdf
2022,2,2022-02,Automóveis,30,CAOA CHERY,TIGGO 8,878,https://www.fenabrave.org.br/portal/files/2022_02_2.pdf
2022,2,2022-02,Automóveis,31,FIAT,CRONOS,839,https://www.fenabrave.org.br/portal/files/2022_02_2.pdf
2022,2,2022-02,Automóveis,32,HONDA,HR-V,826,https://www.fenabrave.org.br/portal/files/2022_02_2.pdf
2022,2,2022-02,Automóveis,33,HYUNDAI,TUCSON,820,https://www.fenabrave.org.br/portal/files/2022_02_2.pdf
2022,2,2022-02,Automóveis,34,CAOA CHERY,TIGGO 3X,786,https://www.fenabrave.org.br/portal/files/2022_02_2.pdf
2022,2,2022-02,Automóveis,35,CAOA CHERY,TIGGO 7,730,https://www.fenabrave.org.br/portal/files/2022_02_2.pdf
2022,2,2022-02,Automóveis,36,VW,TAOS,667,https://www.fenabrave.org.br/portal/files/2022_02_2.pdf
2022,2,2022-02,Automóveis,37,CAOA CHERY,TIGGO 5X,649,https://www.fenabrave.org.br/portal/files/2022_02_2.pdf
2022,2,2022-02,Automóveis,38,RENAULT,CAPTUR,480,https://www.fenabrave.org.br/portal/files/2022_02_2.pdf
2022,2,2022-02,Automóveis,39,GM,CRUZE SEDAN,477,https://www.fenabrave.org.br/portal/files/2022_02_2.pdf
2022,2,2022-02,Automóveis,40,HONDA,CIVIC,471,https://www.fenabrave.org.br/portal/files/2022_02_2.pdf
2022,2,2022-02,Automóveis,41,RENAULT,SANDERO,469,https://www.fenabrave.org.br/portal/files/2022_02_2.pdf
2022,2,2022-02,Automóveis,42,BMW,320I,447,https://www.fenabrave.org.br/portal/files/2022_02_2.pdf
2022,2,2022-02,Automóveis,43,PEUGEOT,2008,445,https://www.fenabrave.org.br/portal/files/2022_02_2.pdf
2022,2,2022-02,Automóveis,44,VW,VIRTUS,301,https://www.fenabrave.org.br/portal/files/2022_02_2.pdf
2022,2,2022-02,Automóveis,45,VW,POLO,295,https://www.fenabrave.org.br/portal/files/2022_02_2.pdf
2022,2,2022-02,Automóveis,46,MITSUBISHI,PAJERO,273,https://www.fenabrave.org.br/portal/files/2022_02_2.pdf
2022,2,2022-02,Automóveis,47,HONDA,CITY HATCH,245,https://www.fenabrave.org.br/portal/files/2022_02_2.pdf
2022,2,2022-02,Automóveis,48,MITSUBISHI,OUTLANDER,224,https://www.fenabrave.org.br/portal/files/2022_02_2.pdf
2022,2,2022-02,Automóveis,49,VOLVO,XC60,198,https://www.fenabrave.org.br/portal/files/2022_02_2.pdf
2022,2,2022-02,Automóveis,50,VW,VOYAGE,187,https://www.fenabrave.org.br/portal/files/2022_02_2.pdf
2022,2,2022-02,Comerciais leves,1,FIAT,STRADA,7314,https://www.fenabrave.org.br/portal/files/2022_02_2.pdf
2022,2,2022-02,Comerciais leves,2,FIAT,TORO,3178,https://www.fenabrave.org.br/portal/files/2022_02_2.pdf
2022,2,2022-02,Comerciais leves,3,TOYOTA,HILUX,2558,https://www.fenabrave.org.br/portal/files/2022_02_2.pdf
2022,2,2022-02,Comerciais leves,4,GM,S10,2225,https://www.fenabrave.org.br/portal/files/2022_02_2.pdf
2022,2,2022-02,Comerciais leves,5,FIAT,FIORINO,1576,https://www.fenabrave.org.br/portal/files/2022_02_2.pdf
2022,2,2022-02,Comerciais leves,6,MITSUBISHI,L200,783,https://www.fenabrave.org.br/portal/files/2022_02_2.pdf
2022,2,2022-02,Comerciais leves,7,FORD,RANGER,769,https://www.fenabrave.org.br/portal/files/2022_02_2.pdf
2022,2,2022-02,Comerciais leves,8,NISSAN,FRONTIER,565,https://www.fenabrave.org.br/portal/files/2022_02_2.pdf
2022,2,2022-02,Comerciais leves,9,RENAULT,OROCH,542,https://www.fenabrave.org.br/portal/files/2022_02_2.pdf
2022,2,2022-02,Comerciais leves,10,VW,AMAROK,506,https://www.fenabrave.org.br/portal/files/2022_02_2.pdf
2022,2,2022-02,Comerciais leves,11,RENAULT,MASTER,480,https://www.fenabrave.org.br/portal/files/2022_02_2.pdf
2022,2,2022-02,Comerciais leves,12,FIAT,DUCATO,319,https://www.fenabrave.org.br/portal/files/2022_02_2.pdf
2022,2,2022-02,Comerciais leves,13,VW/MAN,EXPRESS,268,https://www.fenabrave.org.br/portal/files/2022_02_2.pdf
2022,2,2022-02,Comerciais leves,14,PEUGEOT,EXPERT,261,https://www.fenabrave.org.br/portal/files/2022_02_2.pdf
2022,2,2022-02,Comerciais leves,15,VW,SAVEIRO,247,https://www.fenabrave.org.br/portal/files/2022_02_2.pdf
2022,2,2022-02,Comerciais leves,16,IVECO,DAILY 35-150,191,https://www.fenabrave.org.br/portal/files/2022_02_2.pdf
2022,2,2022-02,Comerciais leves,17,CITROEN,JUMPY,185,https://www.fenabrave.org.br/portal/files/2022_02_2.pdf
2022,2,2022-02,Comerciais leves,18,KIA,K2500,155,https://www.fenabrave.org.br/portal/files/2022_02_2.pdf
2022,2,2022-02,Comerciais leves,19,HYUNDAI,HR,143,https://www.fenabrave.org.br/portal/files/2022_02_2.pdf
2022,2,2022-02,Comerciais leves,20,IVECO,DAILY 30-130,46,https://www.fenabrave.org.br/portal/files/2022_02_2.pdf
2022,2,2022-02,Comerciais leves,21,M.BENZ,SPRINTER 314,43,https://www.fenabrave.org.br/portal/files/2022_02_2.pdf
2022,2,2022-02,Comerciais leves,22,RAM,2500,42,https://www.fenabrave.org.br/portal/files/2022_02_2.pdf
2022,2,2022-02,Comerciais leves,23,M.BENZ,SPRINTER 416,40,https://www.fenabrave.org.br/portal/files/2022_02_2.pdf
2022,2,2022-02,Comerciais leves,24,FORD,MAVERICK,34,https://www.fenabrave.org.br/portal/files/2022_02_2.pdf
2022,2,2022-02,Comerciais leves,25,EFFA,V21,28,https://www.fenabrave.org.br/portal/files/2022_02_2.pdf
2022,2,2022-02,Comerciais leves,26,PEUGEOT,PARTNER,26,https://www.fenabrave.org.br/portal/files/2022_02_2.pdf
2022,2,2022-02,Comerciais leves,27,EFFA,V22,12,https://www.fenabrave.org.br/portal/files/2022_02_2.pdf
2022,2,2022-02,Comerciais leves,28,M.BENZ,SPRINTER,9,https://www.fenabrave.org.br/portal/files/2022_02_2.pdf
2022,2,2022-02,Comerciais leves,29,FIAT,DOBLO,6,https://www.fenabrave.org.br/portal/files/2022_02_2.pdf
2022,2,2022-02,Comerciais leves,30,IVECO,DAILY,5,https://www.fenabrave.org.br/portal/files/2022_02_2.pdf
2022,2,2022-02,Comerciais leves,31,PEUGEOT,BOXER,5,https://www.fenabrave.org.br/portal/files/2022_02_2.pdf
2022,2,2022-02,Comerciais leves,32,FOTON,AUMARK 3.5-14DT,5,https://www.fenabrave.org.br/portal/files/2022_02_2.pdf
2022,2,2022-02,Comerciais leves,33,CITROEN,JUMPER,4,https://www.fenabrave.org.br/portal/files/2022_02_2.pdf
2022,2,2022-02,Comerciais leves,34,EFFA,V25,4,https://www.fenabrave.org.br/portal/files/2022_02_2.pdf
2022,2,2022-02,Comerciais leves,35,FORD,TRANSIT,3,https://www.fenabrave.org.br/portal/files/2022_02_2.pdf
2022,2,2022-02,Comerciais leves,36,VW,KOMBI,3,https://www.fenabrave.org.br/portal/files/2022_02_2.pdf
2022,2,2022-02,Comerciais leves,37,JAC,V260,3,https://www.fenabrave.org.br/portal/files/2022_02_2.pdf
2022,2,2022-02,Comerciais leves,38,RAM,1500,3,https://www.fenabrave.org.br/portal/files/2022_02_2.pdf
2022,2,2022-02,Comerciais leves,39,GM,MONTANA,2,https://www.fenabrave.org.br/portal/files/2022_02_2.pdf
2022,2,2022-02,Comerciais leves,40,TOYOTA,BANDEIRANTE,2,https://www.fenabrave.org.br/portal/files/2022_02_2.pdf
2022,2,2022-02,Comerciais leves,41,WILLYS,OVERLAND,2,https://www.fenabrave.org.br/portal/files/2022_02_2.pdf
2022,2,2022-02,Comerciais leves,42,EFFA,K01,2,https://www.fenabrave.org.br/portal/files/2022_02_2.pdf
2022,2,2022-02,Comerciais leves,43,FOTON,AUMARK 1039,2,https://www.fenabrave.org.br/portal/files/2022_02_2.pdf
2022,2,2022-02,Comerciais leves,44,FORD,PAMPA,1,https://www.fenabrave.org.br/portal/files/2022_02_2.pdf
2022,2,2022-02,Comerciais leves,45,GM,C10,1,https://www.fenabrave.org.br/portal/files/2022_02_2.pdf
2022,2,2022-02,Comerciais leves,46,GM,D20,1,https://www.fenabrave.org.br/portal/files/2022_02_2.pdf
2022,2,2022-02,Comerciais leves,47,HAFEI,ZHONGYI VAN,1,https://www.fenabrave.org.br/portal/files/2022_02_2.pdf
2022,3,2022-03,Automóveis,1,HYUNDAI,HB20,6908,https://www.fenabrave.org.br/portal/files/2022_03_2.pdf
2022,3,2022-03,Automóveis,2,FIAT,MOBI,6581,https://www.fenabrave.org.br/portal/files/2022_03_2.pdf
2022,3,2022-03,Automóveis,3,VW,T CROSS,6549,https://www.fenabrave.org.br/portal/files/2022_03_2.pdf
2022,3,2022-03,Automóveis,4,GM,ONIX,5421,https://www.fenabrave.org.br/portal/files/2022_03_2.pdf
2022,3,2022-03,Automóveis,5,GM,TRACKER,4748,https://www.fenabrave.org.br/portal/files/2022_03_2.pdf
2022,3,2022-03,Automóveis,6,JEEP,COMPASS,4724,https://www.fenabrave.org.br/portal/files/2022_03_2.pdf
2022,3,2022-03,Automóveis,7,TOYOTA,COROLLA CROSS,4318,https://www.fenabrave.org.br/portal/files/2022_03_2.pdf
2022,3,2022-03,Automóveis,8,HYUNDAI,CRETA,4238,https://www.fenabrave.org.br/portal/files/2022_03_2.pdf
2022,3,2022-03,Automóveis,9,TOYOTA,COROLLA,4196,https://www.fenabrave.org.br/portal/files/2022_03_2.pdf
2022,3,2022-03,Automóveis,10,GM,ONIX PLUS,4179,https://www.fenabrave.org.br/portal/files/2022_03_2.pdf
2022,3,2022-03,Automóveis,11,JEEP,RENEGADE,3789,https://www.fenabrave.org.br/portal/files/2022_03_2.pdf
2022,3,2022-03,Automóveis,12,FIAT,PULSE,3650,https://www.fenabrave.org.br/portal/files/2022_03_2.pdf
2022,3,2022-03,Automóveis,13,RENAULT,KWID,3585,https://www.fenabrave.org.br/portal/files/2022_03_2.pdf
2022,3,2022-03,Automóveis,14,VW,NIVUS,3154,https://www.fenabrave.org.br/portal/files/2022_03_2.pdf
2022,3,2022-03,Automóveis,15,FIAT,ARGO,3078,https://www.fenabrave.org.br/portal/files/2022_03_2.pdf
2022,3,2022-03,Automóveis,16,NISSAN,KICKS,2569,https://www.fenabrave.org.br/portal/files/2022_03_2.pdf
2022,3,2022-03,Automóveis,17,PEUGEOT,208,2307,https://www.fenabrave.org.br/portal/files/2022_03_2.pdf
2022,3,2022-03,Automóveis,18,HYUNDAI,HB20S,2304,https://www.fenabrave.org.br/portal/files/2022_03_2.pdf
2022,3,2022-03,Automóveis,19,TOYOTA,YARIS HB,2085,https://www.fenabrave.org.br/portal/files/2022_03_2.pdf
2022,3,2022-03,Automóveis,20,HONDA,CITY,1992,https://www.fenabrave.org.br/portal/files/2022_03_2.pdf
2022,3,2022-03,Automóveis,21,HONDA,CITY HATCH,1933,https://www.fenabrave.org.br/portal/files/2022_03_2.pdf
2022,3,2022-03,Automóveis,22,RENAULT,DUSTER,1908,https://www.fenabrave.org.br/portal/files/2022_03_2.pdf
2022,3,2022-03,Automóveis,23,JEEP,COMMANDER,1835,https://www.fenabrave.org.br/portal/files/2022_03_2.pdf
2022,3,2022-03,Automóveis,24,GM,SPIN,1224,https://www.fenabrave.org.br/portal/files/2022_03_2.pdf
2022,3,2022-03,Automóveis,25,TOYOTA,YARIS SEDAN,1221,https://www.fenabrave.org.br/portal/files/2022_03_2.pdf
2022,3,2022-03,Automóveis,26,TOYOTA,HILUX SW4,1201,https://www.fenabrave.org.br/portal/files/2022_03_2.pdf
2022,3,2022-03,Automóveis,27,VW,GOL,1193,https://www.fenabrave.org.br/portal/files/2022_03_2.pdf
2022,3,2022-03,Automóveis,28,CAOA CHERY,TIGGO 5X,1082,https://www.fenabrave.org.br/portal/files/2022_03_2.pdf
2022,3,2022-03,Automóveis,29,CITROEN,C4 CACTUS,883,https://www.fenabrave.org.br/portal/files/2022_03_2.pdf
2022,3,2022-03,Automóveis,30,NISSAN,VERSA,836,https://www.fenabrave.org.br/portal/files/2022_03_2.pdf
2022,3,2022-03,Automóveis,31,RENAULT,LOGAN,798,https://www.fenabrave.org.br/portal/files/2022_03_2.pdf
2022,3,2022-03,Automóveis,32,FIAT,CRONOS,785,https://www.fenabrave.org.br/portal/files/2022_03_2.pdf
2022,3,2022-03,Automóveis,33,GM,CRUZE SEDAN,746,https://www.fenabrave.org.br/portal/files/2022_03_2.pdf
2022,3,2022-03,Automóveis,34,CAOA CHERY,TIGGO 3X,708,https://www.fenabrave.org.br/portal/files/2022_03_2.pdf
2022,3,2022-03,Automóveis,35,CAOA CHERY,TIGGO 7,646,https://www.fenabrave.org.br/portal/files/2022_03_2.pdf
2022,3,2022-03,Automóveis,36,RENAULT,SANDERO,607,https://www.fenabrave.org.br/portal/files/2022_03_2.pdf
2022,3,2022-03,Automóveis,37,RENAULT,CAPTUR,595,https://www.fenabrave.org.br/portal/files/2022_03_2.pdf
2022,3,2022-03,Automóveis,38,HYUNDAI,TUCSON,592,https://www.fenabrave.org.br/portal/files/2022_03_2.pdf
2022,3,2022-03,Automóveis,39,BMW,320I,545,https://www.fenabrave.org.br/portal/files/2022_03_2.pdf
2022,3,2022-03,Automóveis,40,CAOA CHERY,TIGGO 8,543,https://www.fenabrave.org.br/portal/files/2022_03_2.pdf
2022,3,2022-03,Automóveis,41,VW,POLO,491,https://www.fenabrave.org.br/portal/files/2022_03_2.pdf
2022,3,2022-03,Automóveis,42,HONDA,HR-V,466,https://www.fenabrave.org.br/portal/files/2022_03_2.pdf
2022,3,2022-03,Automóveis,43,VW,TAOS,445,https://www.fenabrave.org.br/portal/files/2022_03_2.pdf
2022,3,2022-03,Automóveis,44,VW,VIRTUS,429,https://www.fenabrave.org.br/portal/files/2022_03_2.pdf
2022,3,2022-03,Automóveis,45,BMW,X1,395,https://www.fenabrave.org.br/portal/files/2022_03_2.pdf
2022,3,2022-03,Automóveis,46,PEUGEOT,2008,393,https://www.fenabrave.org.br/portal/files/2022_03_2.pdf
2022,3,2022-03,Automóveis,47,FIAT,SIENA,296,https://www.fenabrave.org.br/portal/files/2022_03_2.pdf
2022,3,2022-03,Automóveis,48,MITSUBISHI,PAJERO,290,https://www.fenabrave.org.br/portal/files/2022_03_2.pdf
2022,3,2022-03,Automóveis,49,M.BENZ,CLASSE GLB,264,https://www.fenabrave.org.br/portal/files/2022_03_2.pdf
2022,3,2022-03,Automóveis,50,HONDA,CIVIC,250,https://www.fenabrave.org.br/portal/files/2022_03_2.pdf
2022,3,2022-03,Comerciais leves,1,FIAT,STRADA,7567,https://www.fenabrave.org.br/portal/files/2022_03_2.pdf
2022,3,2022-03,Comerciais leves,2,FIAT,TORO,4442,https://www.fenabrave.org.br/portal/files/2022_03_2.pdf
2022,3,2022-03,Comerciais leves,3,TOYOTA,HILUX,3971,https://www.fenabrave.org.br/portal/files/2022_03_2.pdf
2022,3,2022-03,Comerciais leves,4,GM,S10,2563,https://www.fenabrave.org.br/portal/files/2022_03_2.pdf
2022,3,2022-03,Comerciais leves,5,FIAT,FIORINO,2017,https://www.fenabrave.org.br/portal/files/2022_03_2.pdf
2022,3,2022-03,Comerciais leves,6,MITSUBISHI,L200,1095,https://www.fenabrave.org.br/portal/files/2022_03_2.pdf
2022,3,2022-03,Comerciais leves,7,FORD,RANGER,1001,https://www.fenabrave.org.br/portal/files/2022_03_2.pdf
2022,3,2022-03,Comerciais leves,8,RENAULT,MASTER,661,https://www.fenabrave.org.br/portal/files/2022_03_2.pdf
2022,3,2022-03,Comerciais leves,9,NISSAN,FRONTIER,618,https://www.fenabrave.org.br/portal/files/2022_03_2.pdf
2022,3,2022-03,Comerciais leves,10,FIAT,DUCATO,348,https://www.fenabrave.org.br/portal/files/2022_03_2.pdf
2022,3,2022-03,Comerciais leves,11,PEUGEOT,EXPERT,309,https://www.fenabrave.org.br/portal/files/2022_03_2.pdf
2022,3,2022-03,Comerciais leves,12,CITROEN,JUMPY,284,https://www.fenabrave.org.br/portal/files/2022_03_2.pdf
2022,3,2022-03,Comerciais leves,13,VW,AMAROK,243,https://www.fenabrave.org.br/portal/files/2022_03_2.pdf
2022,3,2022-03,Comerciais leves,14,RENAULT,OROCH,219,https://www.fenabrave.org.br/portal/files/2022_03_2.pdf
2022,3,2022-03,Comerciais leves,15,VW/MAN,EXPRESS,216,https://www.fenabrave.org.br/portal/files/2022_03_2.pdf
2022,3,2022-03,Comerciais leves,16,IVECO,DAILY 35-150,205,https://www.fenabrave.org.br/portal/files/2022_03_2.pdf
2022,3,2022-03,Comerciais leves,17,KIA,K2500,181,https://www.fenabrave.org.br/portal/files/2022_03_2.pdf
2022,3,2022-03,Comerciais leves,18,HYUNDAI,HR,146,https://www.fenabrave.org.br/portal/files/2022_03_2.pdf
2022,3,2022-03,Comerciais leves,19,VW,SAVEIRO,98,https://www.fenabrave.org.br/portal/files/2022_03_2.pdf
2022,3,2022-03,Comerciais leves,20,IVECO,DAILY 30-130,59,https://www.fenabrave.org.br/portal/files/2022_03_2.pdf
2022,3,2022-03,Comerciais leves,21,EFFA,V21,59,https://www.fenabrave.org.br/portal/files/2022_03_2.pdf
2022,3,2022-03,Comerciais leves,22,RAM,2500,59,https://www.fenabrave.org.br/portal/files/2022_03_2.pdf
2022,3,2022-03,Comerciais leves,23,M.BENZ,SPRINTER 314,50,https://www.fenabrave.org.br/portal/files/2022_03_2.pdf
2022,3,2022-03,Comerciais leves,24,M.BENZ,SPRINTER 416,47,https://www.fenabrave.org.br/portal/files/2022_03_2.pdf
2022,3,2022-03,Comerciais leves,25,FORD,MAVERICK,33,https://www.fenabrave.org.br/portal/files/2022_03_2.pdf
2022,3,2022-03,Comerciais leves,26,RAM,1500,28,https://www.fenabrave.org.br/portal/files/2022_03_2.pdf
2022,3,2022-03,Comerciais leves,27,M.BENZ,SPRINTER,20,https://www.fenabrave.org.br/portal/files/2022_03_2.pdf
2022,3,2022-03,Comerciais leves,28,PEUGEOT,PARTNER,19,https://www.fenabrave.org.br/portal/files/2022_03_2.pdf
2022,3,2022-03,Comerciais leves,29,IVECO,DAILY,17,https://www.fenabrave.org.br/portal/files/2022_03_2.pdf
2022,3,2022-03,Comerciais leves,30,EFFA,V22,17,https://www.fenabrave.org.br/portal/files/2022_03_2.pdf
2022,3,2022-03,Comerciais leves,31,PEUGEOT,BOXER,12,https://www.fenabrave.org.br/portal/files/2022_03_2.pdf
2022,3,2022-03,Comerciais leves,32,CITROEN,JUMPER,10,https://www.fenabrave.org.br/portal/files/2022_03_2.pdf
2022,3,2022-03,Comerciais leves,33,FORD,TRANSIT,8,https://www.fenabrave.org.br/portal/files/2022_03_2.pdf
2022,3,2022-03,Comerciais leves,34,GM,SILVERADO,6,https://www.fenabrave.org.br/portal/files/2022_03_2.pdf
2022,3,2022-03,Comerciais leves,35,JAC,V260,6,https://www.fenabrave.org.br/portal/files/2022_03_2.pdf
2022,3,2022-03,Comerciais leves,36,FOTON,AUMARK 1039,5,https://www.fenabrave.org.br/portal/files/2022_03_2.pdf
2022,3,2022-03,Comerciais leves,37,EFFA,V25,3,https://www.fenabrave.org.br/portal/files/2022_03_2.pdf
2022,3,2022-03,Comerciais leves,38,BYD,T3,3,https://www.fenabrave.org.br/portal/files/2022_03_2.pdf
2022,3,2022-03,Comerciais leves,39,GM,MONTANA,2,https://www.fenabrave.org.br/portal/files/2022_03_2.pdf
2022,3,2022-03,Comerciais leves,40,FIAT,CITY,1,https://www.fenabrave.org.br/portal/files/2022_03_2.pdf
2022,3,2022-03,Comerciais leves,41,FIAT,DOBLO,1,https://www.fenabrave.org.br/portal/files/2022_03_2.pdf
2022,3,2022-03,Comerciais leves,42,FORD,F100,1,https://www.fenabrave.org.br/portal/files/2022_03_2.pdf
2022,3,2022-03,Comerciais leves,43,FORD,F1000,1,https://www.fenabrave.org.br/portal/files/2022_03_2.pdf
2022,3,2022-03,Comerciais leves,44,FORD,F150,1,https://www.fenabrave.org.br/portal/files/2022_03_2.pdf
2022,3,2022-03,Comerciais leves,45,FORD,F250,1,https://www.fenabrave.org.br/portal/files/2022_03_2.pdf
2022,3,2022-03,Comerciais leves,46,FORD,F75,1,https://www.fenabrave.org.br/portal/files/2022_03_2.pdf
2022,3,2022-03,Comerciais leves,47,KIA,UK2500,1,https://www.fenabrave.org.br/portal/files/2022_03_2.pdf
2022,3,2022-03,Comerciais leves,48,M.BENZ,SPRINTER 313,1,https://www.fenabrave.org.br/portal/files/2022_03_2.pdf
2022,3,2022-03,Comerciais leves,49,TOYOTA,BANDEIRANTE,1,https://www.fenabrave.org.br/portal/files/2022_03_2.pdf
2022,3,2022-03,Comerciais leves,50,WILLYS,OVERLAND,1,https://www.fenabrave.org.br/portal/files/2022_03_2.pdf
2022,4,2022-04,Automóveis,1,HYUNDAI,HB20,6502,https://www.fenabrave.org.br/portal/files/2022_04_2.pdf
2022,4,2022-04,Automóveis,2,FIAT,MOBI,5911,https://www.fenabrave.org.br/portal/files/2022_04_2.pdf
2022,4,2022-04,Automóveis,3,GM,ONIX,5574,https://www.fenabrave.org.br/portal/files/2022_04_2.pdf
2022,4,2022-04,Automóveis,4,FIAT,PULSE,5520,https://www.fenabrave.org.br/portal/files/2022_04_2.pdf
2022,4,2022-04,Automóveis,5,FIAT,ARGO,5488,https://www.fenabrave.org.br/portal/files/2022_04_2.pdf
2022,4,2022-04,Automóveis,6,GM,ONIX PLUS,5240,https://www.fenabrave.org.br/portal/files/2022_04_2.pdf
2022,4,2022-04,Automóveis,7,JEEP,COMPASS,4766,https://www.fenabrave.org.br/portal/files/2022_04_2.pdf
2022,4,2022-04,Automóveis,8,VW,T CROSS,4570,https://www.fenabrave.org.br/portal/files/2022_04_2.pdf
2022,4,2022-04,Automóveis,9,GM,TRACKER,4410,https://www.fenabrave.org.br/portal/files/2022_04_2.pdf
2022,4,2022-04,Automóveis,10,HYUNDAI,CRETA,4255,https://www.fenabrave.org.br/portal/files/2022_04_2.pdf
2022,4,2022-04,Automóveis,11,JEEP,RENEGADE,4165,https://www.fenabrave.org.br/portal/files/2022_04_2.pdf
2022,4,2022-04,Automóveis,12,TOYOTA,COROLLA CROSS,3861,https://www.fenabrave.org.br/portal/files/2022_04_2.pdf
2022,4,2022-04,Automóveis,13,RENAULT,KWID,3849,https://www.fenabrave.org.br/portal/files/2022_04_2.pdf
2022,4,2022-04,Automóveis,14,TOYOTA,COROLLA,3729,https://www.fenabrave.org.br/portal/files/2022_04_2.pdf
2022,4,2022-04,Automóveis,15,HYUNDAI,HB20S,3192,https://www.fenabrave.org.br/portal/files/2022_04_2.pdf
2022,4,2022-04,Automóveis,16,FIAT,CRONOS,3043,https://www.fenabrave.org.br/portal/files/2022_04_2.pdf
2022,4,2022-04,Automóveis,17,VW,NIVUS,2644,https://www.fenabrave.org.br/portal/files/2022_04_2.pdf
2022,4,2022-04,Automóveis,18,NISSAN,KICKS,2473,https://www.fenabrave.org.br/portal/files/2022_04_2.pdf
2022,4,2022-04,Automóveis,19,TOYOTA,YARIS HB,2324,https://www.fenabrave.org.br/portal/files/2022_04_2.pdf
2022,4,2022-04,Automóveis,20,HONDA,CITY,2182,https://www.fenabrave.org.br/portal/files/2022_04_2.pdf
2022,4,2022-04,Automóveis,21,JEEP,COMMANDER,1894,https://www.fenabrave.org.br/portal/files/2022_04_2.pdf
2022,4,2022-04,Automóveis,22,HONDA,CITY HATCH,1782,https://www.fenabrave.org.br/portal/files/2022_04_2.pdf
2022,4,2022-04,Automóveis,23,PEUGEOT,208,1736,https://www.fenabrave.org.br/portal/files/2022_04_2.pdf
2022,4,2022-04,Automóveis,24,GM,SPIN,1611,https://www.fenabrave.org.br/portal/files/2022_04_2.pdf
2022,4,2022-04,Automóveis,25,RENAULT,DUSTER,1405,https://www.fenabrave.org.br/portal/files/2022_04_2.pdf
2022,4,2022-04,Automóveis,26,TOYOTA,YARIS SEDAN,1160,https://www.fenabrave.org.br/portal/files/2022_04_2.pdf
2022,4,2022-04,Automóveis,27,TOYOTA,HILUX SW4,1149,https://www.fenabrave.org.br/portal/files/2022_04_2.pdf
2022,4,2022-04,Automóveis,28,GM,CRUZE SEDAN,1115,https://www.fenabrave.org.br/portal/files/2022_04_2.pdf
2022,4,2022-04,Automóveis,29,CAOA CHERY,TIGGO 8,883,https://www.fenabrave.org.br/portal/files/2022_04_2.pdf
2022,4,2022-04,Automóveis,30,CAOA CHERY,TIGGO 5X,859,https://www.fenabrave.org.br/portal/files/2022_04_2.pdf
2022,4,2022-04,Automóveis,31,VW,GOL,837,https://www.fenabrave.org.br/portal/files/2022_04_2.pdf
2022,4,2022-04,Automóveis,32,RENAULT,SANDERO,824,https://www.fenabrave.org.br/portal/files/2022_04_2.pdf
2022,4,2022-04,Automóveis,33,CAOA CHERY,TIGGO 7,717,https://www.fenabrave.org.br/portal/files/2022_04_2.pdf
2022,4,2022-04,Automóveis,34,RENAULT,LOGAN,649,https://www.fenabrave.org.br/portal/files/2022_04_2.pdf
2022,4,2022-04,Automóveis,35,CITROEN,C4 CACTUS,570,https://www.fenabrave.org.br/portal/files/2022_04_2.pdf
2022,4,2022-04,Automóveis,36,NISSAN,VERSA,560,https://www.fenabrave.org.br/portal/files/2022_04_2.pdf
2022,4,2022-04,Automóveis,37,CAOA CHERY,TIGGO 3X,544,https://www.fenabrave.org.br/portal/files/2022_04_2.pdf
2022,4,2022-04,Automóveis,38,VW,VIRTUS,433,https://www.fenabrave.org.br/portal/files/2022_04_2.pdf
2022,4,2022-04,Automóveis,39,BMW,X1,361,https://www.fenabrave.org.br/portal/files/2022_04_2.pdf
2022,4,2022-04,Automóveis,40,VW,POLO,329,https://www.fenabrave.org.br/portal/files/2022_04_2.pdf
2022,4,2022-04,Automóveis,41,RENAULT,CAPTUR,315,https://www.fenabrave.org.br/portal/files/2022_04_2.pdf
2022,4,2022-04,Automóveis,42,BMW,320I,313,https://www.fenabrave.org.br/portal/files/2022_04_2.pdf
2022,4,2022-04,Automóveis,43,GM,TRAILBLAZER,305,https://www.fenabrave.org.br/portal/files/2022_04_2.pdf
2022,4,2022-04,Automóveis,44,VW,VOYAGE,302,https://www.fenabrave.org.br/portal/files/2022_04_2.pdf
2022,4,2022-04,Automóveis,45,PEUGEOT,2008,289,https://www.fenabrave.org.br/portal/files/2022_04_2.pdf
2022,4,2022-04,Automóveis,46,CAOA CHERY,ARRIZO 6,243,https://www.fenabrave.org.br/portal/files/2022_04_2.pdf
2022,4,2022-04,Automóveis,47,VW,TAOS,225,https://www.fenabrave.org.br/portal/files/2022_04_2.pdf
2022,4,2022-04,Automóveis,48,MITSUBISHI,PAJERO,223,https://www.fenabrave.org.br/portal/files/2022_04_2.pdf
2022,4,2022-04,Automóveis,49,MITSUBISHI,ECLIPSE CROSS,217,https://www.fenabrave.org.br/portal/files/2022_04_2.pdf
2022,4,2022-04,Automóveis,50,FIAT,SIENA,205,https://www.fenabrave.org.br/portal/files/2022_04_2.pdf
2022,4,2022-04,Comerciais leves,1,FIAT,STRADA,7983,https://www.fenabrave.org.br/portal/files/2022_04_2.pdf
2022,4,2022-04,Comerciais leves,2,FIAT,TORO,5107,https://www.fenabrave.org.br/portal/files/2022_04_2.pdf
2022,4,2022-04,Comerciais leves,3,TOYOTA,HILUX,4069,https://www.fenabrave.org.br/portal/files/2022_04_2.pdf
2022,4,2022-04,Comerciais leves,4,GM,S10,2736,https://www.fenabrave.org.br/portal/files/2022_04_2.pdf
2022,4,2022-04,Comerciais leves,5,FORD,RANGER,1111,https://www.fenabrave.org.br/portal/files/2022_04_2.pdf
2022,4,2022-04,Comerciais leves,6,MITSUBISHI,L200,1055,https://www.fenabrave.org.br/portal/files/2022_04_2.pdf
2022,4,2022-04,Comerciais leves,7,FIAT,FIORINO,888,https://www.fenabrave.org.br/portal/files/2022_04_2.pdf
2022,4,2022-04,Comerciais leves,8,RENAULT,MASTER,829,https://www.fenabrave.org.br/portal/files/2022_04_2.pdf
2022,4,2022-04,Comerciais leves,9,NISSAN,FRONTIER,338,https://www.fenabrave.org.br/portal/files/2022_04_2.pdf
2022,4,2022-04,Comerciais leves,10,RENAULT,OROCH,297,https://www.fenabrave.org.br/portal/files/2022_04_2.pdf
2022,4,2022-04,Comerciais leves,11,IVECO,DAILY 35-150,292,https://www.fenabrave.org.br/portal/files/2022_04_2.pdf
2022,4,2022-04,Comerciais leves,12,FORD,MAVERICK,265,https://www.fenabrave.org.br/portal/files/2022_04_2.pdf
2022,4,2022-04,Comerciais leves,13,PEUGEOT,EXPERT,247,https://www.fenabrave.org.br/portal/files/2022_04_2.pdf
2022,4,2022-04,Comerciais leves,14,CITROEN,JUMPY,242,https://www.fenabrave.org.br/portal/files/2022_04_2.pdf
2022,4,2022-04,Comerciais leves,15,KIA,K2500,203,https://www.fenabrave.org.br/portal/files/2022_04_2.pdf
2022,4,2022-04,Comerciais leves,16,FIAT,DUCATO,188,https://www.fenabrave.org.br/portal/files/2022_04_2.pdf
2022,4,2022-04,Comerciais leves,17,VW/MAN,EXPRESS,176,https://www.fenabrave.org.br/portal/files/2022_04_2.pdf
2022,4,2022-04,Comerciais leves,18,VW,AMAROK,101,https://www.fenabrave.org.br/portal/files/2022_04_2.pdf
2022,4,2022-04,Comerciais leves,19,RAM,2500,84,https://www.fenabrave.org.br/portal/files/2022_04_2.pdf
2022,4,2022-04,Comerciais leves,20,HYUNDAI,HR,81,https://www.fenabrave.org.br/portal/files/2022_04_2.pdf
2022,4,2022-04,Comerciais leves,21,M.BENZ,SPRINTER 314,58,https://www.fenabrave.org.br/portal/files/2022_04_2.pdf
2022,4,2022-04,Comerciais leves,22,IVECO,DAILY 30-130,43,https://www.fenabrave.org.br/portal/files/2022_04_2.pdf
2022,4,2022-04,Comerciais leves,23,M.BENZ,SPRINTER 416,42,https://www.fenabrave.org.br/portal/files/2022_04_2.pdf
2022,4,2022-04,Comerciais leves,24,VW,SAVEIRO,42,https://www.fenabrave.org.br/portal/files/2022_04_2.pdf
2022,4,2022-04,Comerciais leves,25,EFFA,V21,35,https://www.fenabrave.org.br/portal/files/2022_04_2.pdf
2022,4,2022-04,Comerciais leves,26,IVECO,DAILY,22,https://www.fenabrave.org.br/portal/files/2022_04_2.pdf
2022,4,2022-04,Comerciais leves,27,EFFA,V22,21,https://www.fenabrave.org.br/portal/files/2022_04_2.pdf
2022,4,2022-04,Comerciais leves,28,PEUGEOT,PARTNER,13,https://www.fenabrave.org.br/portal/files/2022_04_2.pdf
2022,4,2022-04,Comerciais leves,29,M.BENZ,SPRINTER,12,https://www.fenabrave.org.br/portal/files/2022_04_2.pdf
2022,4,2022-04,Comerciais leves,30,BYD,T3,12,https://www.fenabrave.org.br/portal/files/2022_04_2.pdf
2022,4,2022-04,Comerciais leves,31,PEUGEOT,BOXER,11,https://www.fenabrave.org.br/portal/files/2022_04_2.pdf
2022,4,2022-04,Comerciais leves,32,FOTON,AUMARK 1039,8,https://www.fenabrave.org.br/portal/files/2022_04_2.pdf
2022,4,2022-04,Comerciais leves,33,JAC,V260,6,https://www.fenabrave.org.br/portal/files/2022_04_2.pdf
2022,4,2022-04,Comerciais leves,34,FOTON,AUMARK 3.5-14DT,5,https://www.fenabrave.org.br/portal/files/2022_04_2.pdf
2022,4,2022-04,Comerciais leves,35,FORD,TRANSIT,4,https://www.fenabrave.org.br/portal/files/2022_04_2.pdf
2022,4,2022-04,Comerciais leves,36,EFFA,V25,4,https://www.fenabrave.org.br/portal/files/2022_04_2.pdf
2022,4,2022-04,Comerciais leves,37,RAM,1500,4,https://www.fenabrave.org.br/portal/files/2022_04_2.pdf
2022,4,2022-04,Comerciais leves,38,KIA,UK2500,3,https://www.fenabrave.org.br/portal/files/2022_04_2.pdf
2022,4,2022-04,Comerciais leves,39,CITROEN,JUMPER,2,https://www.fenabrave.org.br/portal/files/2022_04_2.pdf
2022,4,2022-04,Comerciais leves,40,FORD,F150,2,https://www.fenabrave.org.br/portal/files/2022_04_2.pdf
2022,4,2022-04,Comerciais leves,41,GM,MONTANA,2,https://www.fenabrave.org.br/portal/files/2022_04_2.pdf
2022,4,2022-04,Comerciais leves,42,WILLYS,OVERLAND,2,https://www.fenabrave.org.br/portal/files/2022_04_2.pdf
2022,4,2022-04,Comerciais leves,43,JAC,IEV 330P,2,https://www.fenabrave.org.br/portal/files/2022_04_2.pdf
2022,4,2022-04,Comerciais leves,44,RAM,3500,2,https://www.fenabrave.org.br/portal/files/2022_04_2.pdf
2022,4,2022-04,Comerciais leves,45,GM,C10,1,https://www.fenabrave.org.br/portal/files/2022_04_2.pdf
2022,4,2022-04,Comerciais leves,46,M.BENZ,SPRINTER 311,1,https://www.fenabrave.org.br/portal/files/2022_04_2.pdf
2022,4,2022-04,Comerciais leves,47,TOYOTA,BANDEIRANTE,1,https://www.fenabrave.org.br/portal/files/2022_04_2.pdf
2022,4,2022-04,Comerciais leves,48,TOYOTA,TACOMA,1,https://www.fenabrave.org.br/portal/files/2022_04_2.pdf
2022,4,2022-04,Comerciais leves,49,VW,KOMBI,1,https://www.fenabrave.org.br/portal/files/2022_04_2.pdf
2022,5,2022-05,Automóveis,1,HYUNDAI,HB20,9634,https://www.fenabrave.org.br/portal/files/2022_05_2.pdf
2022,5,2022-05,Automóveis,2,FIAT,MOBI,7493,https://www.fenabrave.org.br/portal/files/2022_05_2.pdf
2022,5,2022-05,Automóveis,3,GM,ONIX,6982,https://www.fenabrave.org.br/portal/files/2022_05_2.pdf
2022,5,2022-05,Automóveis,4,VW,GOL,6980,https://www.fenabrave.org.br/portal/files/2022_05_2.pdf
2022,5,2022-05,Automóveis,5,GM,TRACKER,6564,https://www.fenabrave.org.br/portal/files/2022_05_2.pdf
2022,5,2022-05,Automóveis,6,HYUNDAI,CRETA,6411,https://www.fenabrave.org.br/portal/files/2022_05_2.pdf
2022,5,2022-05,Automóveis,7,VW,T CROSS,6406,https://www.fenabrave.org.br/portal/files/2022_05_2.pdf
2022,5,2022-05,Automóveis,8,JEEP,COMPASS,5924,https://www.fenabrave.org.br/portal/files/2022_05_2.pdf
2022,5,2022-05,Automóveis,9,GM,ONIX PLUS,5647,https://www.fenabrave.org.br/portal/files/2022_05_2.pdf
2022,5,2022-05,Automóveis,10,JEEP,RENEGADE,5489,https://www.fenabrave.org.br/portal/files/2022_05_2.pdf
2022,5,2022-05,Automóveis,11,FIAT,PULSE,4950,https://www.fenabrave.org.br/portal/files/2022_05_2.pdf
2022,5,2022-05,Automóveis,12,NISSAN,KICKS,4892,https://www.fenabrave.org.br/portal/files/2022_05_2.pdf
2022,5,2022-05,Automóveis,13,TOYOTA,COROLLA,4169,https://www.fenabrave.org.br/portal/files/2022_05_2.pdf
2022,5,2022-05,Automóveis,14,VW,NIVUS,4087,https://www.fenabrave.org.br/portal/files/2022_05_2.pdf
2022,5,2022-05,Automóveis,15,TOYOTA,COROLLA CROSS,3905,https://www.fenabrave.org.br/portal/files/2022_05_2.pdf
2022,5,2022-05,Automóveis,16,FIAT,CRONOS,3682,https://www.fenabrave.org.br/portal/files/2022_05_2.pdf
2022,5,2022-05,Automóveis,17,VW,VOYAGE,3511,https://www.fenabrave.org.br/portal/files/2022_05_2.pdf
2022,5,2022-05,Automóveis,18,FIAT,ARGO,3415,https://www.fenabrave.org.br/portal/files/2022_05_2.pdf
2022,5,2022-05,Automóveis,19,HYUNDAI,HB20S,3003,https://www.fenabrave.org.br/portal/files/2022_05_2.pdf
2022,5,2022-05,Automóveis,20,PEUGEOT,208,2812,https://www.fenabrave.org.br/portal/files/2022_05_2.pdf
2022,5,2022-05,Automóveis,21,RENAULT,KWID,2757,https://www.fenabrave.org.br/portal/files/2022_05_2.pdf
2022,5,2022-05,Automóveis,22,HONDA,CITY,2383,https://www.fenabrave.org.br/portal/files/2022_05_2.pdf
2022,5,2022-05,Automóveis,23,TOYOTA,YARIS HB,2281,https://www.fenabrave.org.br/portal/files/2022_05_2.pdf
2022,5,2022-05,Automóveis,24,GM,SPIN,1926,https://www.fenabrave.org.br/portal/files/2022_05_2.pdf
2022,5,2022-05,Automóveis,25,HONDA,CITY HATCH,1800,https://www.fenabrave.org.br/portal/files/2022_05_2.pdf
2022,5,2022-05,Automóveis,26,CITROEN,C4 CACTUS,1590,https://www.fenabrave.org.br/portal/files/2022_05_2.pdf
2022,5,2022-05,Automóveis,27,JEEP,COMMANDER,1405,https://www.fenabrave.org.br/portal/files/2022_05_2.pdf
2022,5,2022-05,Automóveis,28,TOYOTA,YARIS SEDAN,1353,https://www.fenabrave.org.br/portal/files/2022_05_2.pdf
2022,5,2022-05,Automóveis,29,RENAULT,DUSTER,1311,https://www.fenabrave.org.br/portal/files/2022_05_2.pdf
2022,5,2022-05,Automóveis,30,TOYOTA,HILUX SW4,1279,https://www.fenabrave.org.br/portal/files/2022_05_2.pdf
2022,5,2022-05,Automóveis,31,CAOA CHERY,TIGGO 7,1111,https://www.fenabrave.org.br/portal/files/2022_05_2.pdf
2022,5,2022-05,Automóveis,32,RENAULT,SANDERO,1089,https://www.fenabrave.org.br/portal/files/2022_05_2.pdf
2022,5,2022-05,Automóveis,33,GM,CRUZE SEDAN,1085,https://www.fenabrave.org.br/portal/files/2022_05_2.pdf
2022,5,2022-05,Automóveis,34,PEUGEOT,2008,1042,https://www.fenabrave.org.br/portal/files/2022_05_2.pdf
2022,5,2022-05,Automóveis,35,CAOA CHERY,TIGGO 5X,918,https://www.fenabrave.org.br/portal/files/2022_05_2.pdf
2022,5,2022-05,Automóveis,36,VW,TAOS,765,https://www.fenabrave.org.br/portal/files/2022_05_2.pdf
2022,5,2022-05,Automóveis,37,CAOA CHERY,TIGGO 8,632,https://www.fenabrave.org.br/portal/files/2022_05_2.pdf
2022,5,2022-05,Automóveis,38,VW,VIRTUS,592,https://www.fenabrave.org.br/portal/files/2022_05_2.pdf
2022,5,2022-05,Automóveis,39,MITSUBISHI,ECLIPSE CROSS,566,https://www.fenabrave.org.br/portal/files/2022_05_2.pdf
2022,5,2022-05,Automóveis,40,NISSAN,VERSA,532,https://www.fenabrave.org.br/portal/files/2022_05_2.pdf
2022,5,2022-05,Automóveis,41,BMW,X1,474,https://www.fenabrave.org.br/portal/files/2022_05_2.pdf
2022,5,2022-05,Automóveis,42,VW,POLO,391,https://www.fenabrave.org.br/portal/files/2022_05_2.pdf
2022,5,2022-05,Automóveis,43,BMW,320I,370,https://www.fenabrave.org.br/portal/files/2022_05_2.pdf
2022,5,2022-05,Automóveis,44,RENAULT,LOGAN,329,https://www.fenabrave.org.br/portal/files/2022_05_2.pdf
2022,5,2022-05,Automóveis,45,VOLVO,XC60,279,https://www.fenabrave.org.br/portal/files/2022_05_2.pdf
2022,5,2022-05,Automóveis,46,CAOA CHERY,TIGGO 3X,246,https://www.fenabrave.org.br/portal/files/2022_05_2.pdf
2022,5,2022-05,Automóveis,47,RENAULT,CAPTUR,240,https://www.fenabrave.org.br/portal/files/2022_05_2.pdf
2022,5,2022-05,Automóveis,48,TOYOTA,RAV4,226,https://www.fenabrave.org.br/portal/files/2022_05_2.pdf
2022,5,2022-05,Automóveis,49,MITSUBISHI,PAJERO,210,https://www.fenabrave.org.br/portal/files/2022_05_2.pdf
2022,5,2022-05,Automóveis,50,GM,TRAILBLAZER,209,https://www.fenabrave.org.br/portal/files/2022_05_2.pdf
2022,5,2022-05,Comerciais leves,1,FIAT,STRADA,11532,https://www.fenabrave.org.br/portal/files/2022_05_2.pdf
2022,5,2022-05,Comerciais leves,2,FIAT,TORO,5287,https://www.fenabrave.org.br/portal/files/2022_05_2.pdf
2022,5,2022-05,Comerciais leves,3,TOYOTA,HILUX,4145,https://www.fenabrave.org.br/portal/files/2022_05_2.pdf
2022,5,2022-05,Comerciais leves,4,GM,S10,2715,https://www.fenabrave.org.br/portal/files/2022_05_2.pdf
2022,5,2022-05,Comerciais leves,5,FIAT,FIORINO,2165,https://www.fenabrave.org.br/portal/files/2022_05_2.pdf
2022,5,2022-05,Comerciais leves,6,MITSUBISHI,L200,1819,https://www.fenabrave.org.br/portal/files/2022_05_2.pdf
2022,5,2022-05,Comerciais leves,7,VW,SAVEIRO,1456,https://www.fenabrave.org.br/portal/files/2022_05_2.pdf
2022,5,2022-05,Comerciais leves,8,FORD,RANGER,1215,https://www.fenabrave.org.br/portal/files/2022_05_2.pdf
2022,5,2022-05,Comerciais leves,9,RENAULT,MASTER,1170,https://www.fenabrave.org.br/portal/files/2022_05_2.pdf
2022,5,2022-05,Comerciais leves,10,NISSAN,FRONTIER,721,https://www.fenabrave.org.br/portal/files/2022_05_2.pdf
2022,5,2022-05,Comerciais leves,11,PEUGEOT,EXPERT,429,https://www.fenabrave.org.br/portal/files/2022_05_2.pdf
2022,5,2022-05,Comerciais leves,12,CITROEN,JUMPY,387,https://www.fenabrave.org.br/portal/files/2022_05_2.pdf
2022,5,2022-05,Comerciais leves,13,RENAULT,OROCH,385,https://www.fenabrave.org.br/portal/files/2022_05_2.pdf
2022,5,2022-05,Comerciais leves,14,FIAT,DUCATO,247,https://www.fenabrave.org.br/portal/files/2022_05_2.pdf
2022,5,2022-05,Comerciais leves,15,KIA,K2500,245,https://www.fenabrave.org.br/portal/files/2022_05_2.pdf
2022,5,2022-05,Comerciais leves,16,IVECO,DAILY 35-150,226,https://www.fenabrave.org.br/portal/files/2022_05_2.pdf
2022,5,2022-05,Comerciais leves,17,VW/MAN,EXPRESS,189,https://www.fenabrave.org.br/portal/files/2022_05_2.pdf
2022,5,2022-05,Comerciais leves,18,FORD,MAVERICK,176,https://www.fenabrave.org.br/portal/files/2022_05_2.pdf
2022,5,2022-05,Comerciais leves,19,RAM,2500,98,https://www.fenabrave.org.br/portal/files/2022_05_2.pdf
2022,5,2022-05,Comerciais leves,20,RAM,3500,94,https://www.fenabrave.org.br/portal/files/2022_05_2.pdf
2022,5,2022-05,Comerciais leves,21,PEUGEOT,PARTNER,91,https://www.fenabrave.org.br/portal/files/2022_05_2.pdf
2022,5,2022-05,Comerciais leves,22,M.BENZ,SPRINTER 314,79,https://www.fenabrave.org.br/portal/files/2022_05_2.pdf
2022,5,2022-05,Comerciais leves,23,EFFA,V21,71,https://www.fenabrave.org.br/portal/files/2022_05_2.pdf
2022,5,2022-05,Comerciais leves,24,IVECO,DAILY 30-130,57,https://www.fenabrave.org.br/portal/files/2022_05_2.pdf
2022,5,2022-05,Comerciais leves,25,VW,AMAROK,47,https://www.fenabrave.org.br/portal/files/2022_05_2.pdf
2022,5,2022-05,Comerciais leves,26,IVECO,DAILY,43,https://www.fenabrave.org.br/portal/files/2022_05_2.pdf
2022,5,2022-05,Comerciais leves,27,HYUNDAI,HR,41,https://www.fenabrave.org.br/portal/files/2022_05_2.pdf
2022,5,2022-05,Comerciais leves,28,EFFA,V22,39,https://www.fenabrave.org.br/portal/files/2022_05_2.pdf
2022,5,2022-05,Comerciais leves,29,RAM,1500,35,https://www.fenabrave.org.br/portal/files/2022_05_2.pdf
2022,5,2022-05,Comerciais leves,30,M.BENZ,SPRINTER 416,24,https://www.fenabrave.org.br/portal/files/2022_05_2.pdf
2022,5,2022-05,Comerciais leves,31,FOTON,AUMARK 3.5-14DT,17,https://www.fenabrave.org.br/portal/files/2022_05_2.pdf
2022,5,2022-05,Comerciais leves,32,JAC,V260,12,https://www.fenabrave.org.br/portal/files/2022_05_2.pdf
2022,5,2022-05,Comerciais leves,33,FOTON,AUMARK 1039,12,https://www.fenabrave.org.br/portal/files/2022_05_2.pdf
2022,5,2022-05,Comerciais leves,34,KIA,UK2500,11,https://www.fenabrave.org.br/portal/files/2022_05_2.pdf
2022,5,2022-05,Comerciais leves,35,M.BENZ,SPRINTER,10,https://www.fenabrave.org.br/portal/files/2022_05_2.pdf
2022,5,2022-05,Comerciais leves,36,BYD,T3,8,https://www.fenabrave.org.br/portal/files/2022_05_2.pdf
2022,5,2022-05,Comerciais leves,37,CITROEN,JUMPER,7,https://www.fenabrave.org.br/portal/files/2022_05_2.pdf
2022,5,2022-05,Comerciais leves,38,PEUGEOT,BOXER,7,https://www.fenabrave.org.br/portal/files/2022_05_2.pdf
2022,5,2022-05,Comerciais leves,39,FORD,TRANSIT,5,https://www.fenabrave.org.br/portal/files/2022_05_2.pdf
2022,5,2022-05,Comerciais leves,40,GM,SILVERADO,3,https://www.fenabrave.org.br/portal/files/2022_05_2.pdf
2022,5,2022-05,Comerciais leves,41,M.BENZ,SPRINTER 315,3,https://www.fenabrave.org.br/portal/files/2022_05_2.pdf
2022,5,2022-05,Comerciais leves,42,EFFA,V25,3,https://www.fenabrave.org.br/portal/files/2022_05_2.pdf
2022,5,2022-05,Comerciais leves,43,AGRALE,AGRALE MARRUA,2,https://www.fenabrave.org.br/portal/files/2022_05_2.pdf
2022,5,2022-05,Comerciais leves,44,FORD,F150,2,https://www.fenabrave.org.br/portal/files/2022_05_2.pdf
2022,5,2022-05,Comerciais leves,45,JAC,T8,2,https://www.fenabrave.org.br/portal/files/2022_05_2.pdf
2022,5,2022-05,Comerciais leves,46,GM,EL CAMINO,1,https://www.fenabrave.org.br/portal/files/2022_05_2.pdf
2022,5,2022-05,Comerciais leves,47,GM,MONTANA,1,https://www.fenabrave.org.br/portal/files/2022_05_2.pdf
2022,5,2022-05,Comerciais leves,48,TOYOTA,BANDEIRANTE,1,https://www.fenabrave.org.br/portal/files/2022_05_2.pdf
2022,5,2022-05,Comerciais leves,49,TOYOTA,TACOMA,1,https://www.fenabrave.org.br/portal/files/2022_05_2.pdf
2022,5,2022-05,Comerciais leves,50,MAHINDRA,HWKCS34,1,https://www.fenabrave.org.br/portal/files/2022_05_2.pdf
2022,6,2022-06,Automóveis,1,VW,GOL,9435,https://www.fenabrave.org.br/portal/files/2022_06_2.pdf
2022,6,2022-06,Automóveis,2,HYUNDAI,HB20,7938,https://www.fenabrave.org.br/portal/files/2022_06_2.pdf
2022,6,2022-06,Automóveis,3,VW,T CROSS,6309,https://www.fenabrave.org.br/portal/files/2022_06_2.pdf
2022,6,2022-06,Automóveis,4,JEEP,COMPASS,6104,https://www.fenabrave.org.br/portal/files/2022_06_2.pdf
2022,6,2022-06,Automóveis,5,FIAT,CRONOS,6047,https://www.fenabrave.org.br/portal/files/2022_06_2.pdf
2022,6,2022-06,Automóveis,6,HYUNDAI,CRETA,5924,https://www.fenabrave.org.br/portal/files/2022_06_2.pdf
2022,6,2022-06,Automóveis,7,GM,TRACKER,5312,https://www.fenabrave.org.br/portal/files/2022_06_2.pdf
2022,6,2022-06,Automóveis,8,RENAULT,KWID,5043,https://www.fenabrave.org.br/portal/files/2022_06_2.pdf
2022,6,2022-06,Automóveis,9,FIAT,PULSE,4839,https://www.fenabrave.org.br/portal/files/2022_06_2.pdf
2022,6,2022-06,Automóveis,10,FIAT,MOBI,4725,https://www.fenabrave.org.br/portal/files/2022_06_2.pdf
2022,6,2022-06,Automóveis,11,PEUGEOT,208,4349,https://www.fenabrave.org.br/portal/files/2022_06_2.pdf
2022,6,2022-06,Automóveis,12,NISSAN,KICKS,4315,https://www.fenabrave.org.br/portal/files/2022_06_2.pdf
2022,6,2022-06,Automóveis,13,JEEP,RENEGADE,4123,https://www.fenabrave.org.br/portal/files/2022_06_2.pdf
2022,6,2022-06,Automóveis,14,GM,ONIX,3949,https://www.fenabrave.org.br/portal/files/2022_06_2.pdf
2022,6,2022-06,Automóveis,15,TOYOTA,COROLLA CROSS,3920,https://www.fenabrave.org.br/portal/files/2022_06_2.pdf
2022,6,2022-06,Automóveis,16,GM,ONIX PLUS,3874,https://www.fenabrave.org.br/portal/files/2022_06_2.pdf
2022,6,2022-06,Automóveis,17,TOYOTA,COROLLA,3834,https://www.fenabrave.org.br/portal/files/2022_06_2.pdf
2022,6,2022-06,Automóveis,18,CITROEN,C4 CACTUS,3664,https://www.fenabrave.org.br/portal/files/2022_06_2.pdf
2022,6,2022-06,Automóveis,19,VW,VOYAGE,3603,https://www.fenabrave.org.br/portal/files/2022_06_2.pdf
2022,6,2022-06,Automóveis,20,FIAT,ARGO,3097,https://www.fenabrave.org.br/portal/files/2022_06_2.pdf
2022,6,2022-06,Automóveis,21,VW,NIVUS,2930,https://www.fenabrave.org.br/portal/files/2022_06_2.pdf
2022,6,2022-06,Automóveis,22,HYUNDAI,HB20S,2499,https://www.fenabrave.org.br/portal/files/2022_06_2.pdf
2022,6,2022-06,Automóveis,23,HONDA,CITY,2431,https://www.fenabrave.org.br/portal/files/2022_06_2.pdf
2022,6,2022-06,Automóveis,24,TOYOTA,YARIS HB,2239,https://www.fenabrave.org.br/portal/files/2022_06_2.pdf
2022,6,2022-06,Automóveis,25,RENAULT,DUSTER,1839,https://www.fenabrave.org.br/portal/files/2022_06_2.pdf
2022,6,2022-06,Automóveis,26,HONDA,CITY HATCH,1564,https://www.fenabrave.org.br/portal/files/2022_06_2.pdf
2022,6,2022-06,Automóveis,27,GM,SPIN,1539,https://www.fenabrave.org.br/portal/files/2022_06_2.pdf
2022,6,2022-06,Automóveis,28,JEEP,COMMANDER,1426,https://www.fenabrave.org.br/portal/files/2022_06_2.pdf
2022,6,2022-06,Automóveis,29,TOYOTA,YARIS SEDAN,1276,https://www.fenabrave.org.br/portal/files/2022_06_2.pdf
2022,6,2022-06,Automóveis,30,TOYOTA,HILUX SW4,1169,https://www.fenabrave.org.br/portal/files/2022_06_2.pdf
2022,6,2022-06,Automóveis,31,RENAULT,SANDERO,1062,https://www.fenabrave.org.br/portal/files/2022_06_2.pdf
2022,6,2022-06,Automóveis,32,CAOA CHERY,TIGGO 5X,1028,https://www.fenabrave.org.br/portal/files/2022_06_2.pdf
2022,6,2022-06,Automóveis,33,GM,CRUZE SEDAN,946,https://www.fenabrave.org.br/portal/files/2022_06_2.pdf
2022,6,2022-06,Automóveis,34,CAOA CHERY,TIGGO 8,910,https://www.fenabrave.org.br/portal/files/2022_06_2.pdf
2022,6,2022-06,Automóveis,35,RENAULT,LOGAN,895,https://www.fenabrave.org.br/portal/files/2022_06_2.pdf
2022,6,2022-06,Automóveis,36,VW,TAOS,837,https://www.fenabrave.org.br/portal/files/2022_06_2.pdf
2022,6,2022-06,Automóveis,37,CAOA CHERY,TIGGO 7,744,https://www.fenabrave.org.br/portal/files/2022_06_2.pdf
2022,6,2022-06,Automóveis,38,BMW,X1,470,https://www.fenabrave.org.br/portal/files/2022_06_2.pdf
2022,6,2022-06,Automóveis,39,VW,VIRTUS,415,https://www.fenabrave.org.br/portal/files/2022_06_2.pdf
2022,6,2022-06,Automóveis,40,NISSAN,VERSA,364,https://www.fenabrave.org.br/portal/files/2022_06_2.pdf
2022,6,2022-06,Automóveis,41,MITSUBISHI,ECLIPSE CROSS,358,https://www.fenabrave.org.br/portal/files/2022_06_2.pdf
2022,6,2022-06,Automóveis,42,BMW,320I,317,https://www.fenabrave.org.br/portal/files/2022_06_2.pdf
2022,6,2022-06,Automóveis,43,VW,POLO,248,https://www.fenabrave.org.br/portal/files/2022_06_2.pdf
2022,6,2022-06,Automóveis,44,BMW,X3,246,https://www.fenabrave.org.br/portal/files/2022_06_2.pdf
2022,6,2022-06,Automóveis,45,HYUNDAI,TUCSON,240,https://www.fenabrave.org.br/portal/files/2022_06_2.pdf
2022,6,2022-06,Automóveis,46,FORD,BRONCO,229,https://www.fenabrave.org.br/portal/files/2022_06_2.pdf
2022,6,2022-06,Automóveis,47,GM,EQUINOX,227,https://www.fenabrave.org.br/portal/files/2022_06_2.pdf
2022,6,2022-06,Automóveis,48,RENAULT,CAPTUR,209,https://www.fenabrave.org.br/portal/files/2022_06_2.pdf
2022,6,2022-06,Automóveis,49,VW,JETTA,178,https://www.fenabrave.org.br/portal/files/2022_06_2.pdf
2022,6,2022-06,Automóveis,50,TOYOTA,RAV4,169,https://www.fenabrave.org.br/portal/files/2022_06_2.pdf
2022,6,2022-06,Comerciais leves,1,FIAT,STRADA,9840,https://www.fenabrave.org.br/portal/files/2022_06_2.pdf
2022,6,2022-06,Comerciais leves,2,FIAT,TORO,4481,https://www.fenabrave.org.br/portal/files/2022_06_2.pdf
2022,6,2022-06,Comerciais leves,3,TOYOTA,HILUX,3845,https://www.fenabrave.org.br/portal/files/2022_06_2.pdf
2022,6,2022-06,Comerciais leves,4,GM,S10,2965,https://www.fenabrave.org.br/portal/files/2022_06_2.pdf
2022,6,2022-06,Comerciais leves,5,MITSUBISHI,L200,1654,https://www.fenabrave.org.br/portal/files/2022_06_2.pdf
2022,6,2022-06,Comerciais leves,6,FIAT,FIORINO,1572,https://www.fenabrave.org.br/portal/files/2022_06_2.pdf
2022,6,2022-06,Comerciais leves,7,FORD,RANGER,1335,https://www.fenabrave.org.br/portal/files/2022_06_2.pdf
2022,6,2022-06,Comerciais leves,8,RENAULT,OROCH,931,https://www.fenabrave.org.br/portal/files/2022_06_2.pdf
2022,6,2022-06,Comerciais leves,9,NISSAN,FRONTIER,792,https://www.fenabrave.org.br/portal/files/2022_06_2.pdf
2022,6,2022-06,Comerciais leves,10,VW,SAVEIRO,755,https://www.fenabrave.org.br/portal/files/2022_06_2.pdf
2022,6,2022-06,Comerciais leves,11,RENAULT,MASTER,663,https://www.fenabrave.org.br/portal/files/2022_06_2.pdf
2022,6,2022-06,Comerciais leves,12,RENAULT,KANGOO,393,https://www.fenabrave.org.br/portal/files/2022_06_2.pdf
2022,6,2022-06,Comerciais leves,13,PEUGEOT,EXPERT,339,https://www.fenabrave.org.br/portal/files/2022_06_2.pdf
2022,6,2022-06,Comerciais leves,14,CITROEN,JUMPY,278,https://www.fenabrave.org.br/portal/files/2022_06_2.pdf
2022,6,2022-06,Comerciais leves,15,FORD,MAVERICK,243,https://www.fenabrave.org.br/portal/files/2022_06_2.pdf
2022,6,2022-06,Comerciais leves,16,KIA,K2500,230,https://www.fenabrave.org.br/portal/files/2022_06_2.pdf
2022,6,2022-06,Comerciais leves,17,IVECO,DAILY 35-150,164,https://www.fenabrave.org.br/portal/files/2022_06_2.pdf
2022,6,2022-06,Comerciais leves,18,VW/MAN,EXPRESS,154,https://www.fenabrave.org.br/portal/files/2022_06_2.pdf
2022,6,2022-06,Comerciais leves,19,RAM,3500,151,https://www.fenabrave.org.br/portal/files/2022_06_2.pdf
2022,6,2022-06,Comerciais leves,20,RAM,1500,150,https://www.fenabrave.org.br/portal/files/2022_06_2.pdf
2022,6,2022-06,Comerciais leves,21,FIAT,DUCATO,131,https://www.fenabrave.org.br/portal/files/2022_06_2.pdf
2022,6,2022-06,Comerciais leves,22,FORD,TRANSIT,108,https://www.fenabrave.org.br/portal/files/2022_06_2.pdf
2022,6,2022-06,Comerciais leves,23,PEUGEOT,PARTNER,91,https://www.fenabrave.org.br/portal/files/2022_06_2.pdf
2022,6,2022-06,Comerciais leves,24,M.BENZ,SPRINTER 314,85,https://www.fenabrave.org.br/portal/files/2022_06_2.pdf
2022,6,2022-06,Comerciais leves,25,VW,AMAROK,83,https://www.fenabrave.org.br/portal/files/2022_06_2.pdf
2022,6,2022-06,Comerciais leves,26,IVECO,DAILY 30-130,78,https://www.fenabrave.org.br/portal/files/2022_06_2.pdf
2022,6,2022-06,Comerciais leves,27,IVECO,DAILY,70,https://www.fenabrave.org.br/portal/files/2022_06_2.pdf
2022,6,2022-06,Comerciais leves,28,EFFA,V21,70,https://www.fenabrave.org.br/portal/files/2022_06_2.pdf
2022,6,2022-06,Comerciais leves,29,RAM,2500,52,https://www.fenabrave.org.br/portal/files/2022_06_2.pdf
2022,6,2022-06,Comerciais leves,30,HYUNDAI,HR,35,https://www.fenabrave.org.br/portal/files/2022_06_2.pdf
2022,6,2022-06,Comerciais leves,31,M.BENZ,SPRINTER,18,https://www.fenabrave.org.br/portal/files/2022_06_2.pdf
2022,6,2022-06,Comerciais leves,32,PEUGEOT,BOXER,16,https://www.fenabrave.org.br/portal/files/2022_06_2.pdf
2022,6,2022-06,Comerciais leves,33,EFFA,V22,14,https://www.fenabrave.org.br/portal/files/2022_06_2.pdf
2022,6,2022-06,Comerciais leves,34,CITROEN,JUMPER,12,https://www.fenabrave.org.br/portal/files/2022_06_2.pdf
2022,6,2022-06,Comerciais leves,35,FIAT,SCUDO,12,https://www.fenabrave.org.br/portal/files/2022_06_2.pdf
2022,6,2022-06,Comerciais leves,36,FOTON,AUMARK 3.5-14DT,11,https://www.fenabrave.org.br/portal/files/2022_06_2.pdf
2022,6,2022-06,Comerciais leves,37,M.BENZ,SPRINTER 315,8,https://www.fenabrave.org.br/portal/files/2022_06_2.pdf
2022,6,2022-06,Comerciais leves,38,M.BENZ,SPRINTER 416,8,https://www.fenabrave.org.br/portal/files/2022_06_2.pdf
2022,6,2022-06,Comerciais leves,39,JAC,V260,7,https://www.fenabrave.org.br/portal/files/2022_06_2.pdf
2022,6,2022-06,Comerciais leves,40,FOTON,AUMARK 1039,7,https://www.fenabrave.org.br/portal/files/2022_06_2.pdf
2022,6,2022-06,Comerciais leves,41,KIA,UK2500,5,https://www.fenabrave.org.br/portal/files/2022_06_2.pdf
2022,6,2022-06,Comerciais leves,42,GM,MONTANA,4,https://www.fenabrave.org.br/portal/files/2022_06_2.pdf
2022,6,2022-06,Comerciais leves,43,EFFA,V25,3,https://www.fenabrave.org.br/portal/files/2022_06_2.pdf
2022,6,2022-06,Comerciais leves,44,JAC,IEV750,3,https://www.fenabrave.org.br/portal/files/2022_06_2.pdf
2022,6,2022-06,Comerciais leves,45,FORD,F1000,2,https://www.fenabrave.org.br/portal/files/2022_06_2.pdf
2022,6,2022-06,Comerciais leves,46,FORD,F150,2,https://www.fenabrave.org.br/portal/files/2022_06_2.pdf
2022,6,2022-06,Comerciais leves,47,EFFA,K01,2,https://www.fenabrave.org.br/portal/files/2022_06_2.pdf
2022,6,2022-06,Comerciais leves,48,JAC,IEV 330P,2,https://www.fenabrave.org.br/portal/files/2022_06_2.pdf
2022,6,2022-06,Comerciais leves,49,CITROEN,BERLINGO,1,https://www.fenabrave.org.br/portal/files/2022_06_2.pdf
2022,6,2022-06,Comerciais leves,50,GM,SILVERADO,1,https://www.fenabrave.org.br/portal/files/2022_06_2.pdf
2022,7,2022-07,Automóveis,1,VW,GOL,11925,https://www.fenabrave.org.br/portal/files/2022_07_2.pdf
2022,7,2022-07,Automóveis,2,GM,ONIX,8837,https://www.fenabrave.org.br/portal/files/2022_07_2.pdf
2022,7,2022-07,Automóveis,3,HYUNDAI,HB20,8156,https://www.fenabrave.org.br/portal/files/2022_07_2.pdf
2022,7,2022-07,Automóveis,4,GM,ONIX PLUS,8135,https://www.fenabrave.org.br/portal/files/2022_07_2.pdf
2022,7,2022-07,Automóveis,5,FIAT,ARGO,6103,https://www.fenabrave.org.br/portal/files/2022_07_2.pdf
2022,7,2022-07,Automóveis,6,GM,TRACKER,5998,https://www.fenabrave.org.br/portal/files/2022_07_2.pdf
2022,7,2022-07,Automóveis,7,FIAT,PULSE,5300,https://www.fenabrave.org.br/portal/files/2022_07_2.pdf
2022,7,2022-07,Automóveis,8,NISSAN,KICKS,5221,https://www.fenabrave.org.br/portal/files/2022_07_2.pdf
2022,7,2022-07,Automóveis,9,HYUNDAI,CRETA,5125,https://www.fenabrave.org.br/portal/files/2022_07_2.pdf
2022,7,2022-07,Automóveis,10,VW,VOYAGE,4776,https://www.fenabrave.org.br/portal/files/2022_07_2.pdf
2022,7,2022-07,Automóveis,11,RENAULT,KWID,4489,https://www.fenabrave.org.br/portal/files/2022_07_2.pdf
2022,7,2022-07,Automóveis,12,JEEP,COMPASS,4402,https://www.fenabrave.org.br/portal/files/2022_07_2.pdf
2022,7,2022-07,Automóveis,13,JEEP,RENEGADE,4264,https://www.fenabrave.org.br/portal/files/2022_07_2.pdf
2022,7,2022-07,Automóveis,14,TOYOTA,COROLLA,4035,https://www.fenabrave.org.br/portal/files/2022_07_2.pdf
2022,7,2022-07,Automóveis,15,FIAT,CRONOS,3829,https://www.fenabrave.org.br/portal/files/2022_07_2.pdf
2022,7,2022-07,Automóveis,16,TOYOTA,COROLLA CROSS,3614,https://www.fenabrave.org.br/portal/files/2022_07_2.pdf
2022,7,2022-07,Automóveis,17,VW,T CROSS,3535,https://www.fenabrave.org.br/portal/files/2022_07_2.pdf
2022,7,2022-07,Automóveis,18,FIAT,MOBI,3493,https://www.fenabrave.org.br/portal/files/2022_07_2.pdf
2022,7,2022-07,Automóveis,19,VW,NIVUS,2995,https://www.fenabrave.org.br/portal/files/2022_07_2.pdf
2022,7,2022-07,Automóveis,20,PEUGEOT,208,2803,https://www.fenabrave.org.br/portal/files/2022_07_2.pdf
2022,7,2022-07,Automóveis,21,HONDA,CITY,2342,https://www.fenabrave.org.br/portal/files/2022_07_2.pdf
2022,7,2022-07,Automóveis,22,TOYOTA,YARIS HB,2208,https://www.fenabrave.org.br/portal/files/2022_07_2.pdf
2022,7,2022-07,Automóveis,23,RENAULT,DUSTER,2039,https://www.fenabrave.org.br/portal/files/2022_07_2.pdf
2022,7,2022-07,Automóveis,24,HONDA,CITY HATCH,1609,https://www.fenabrave.org.br/portal/files/2022_07_2.pdf
2022,7,2022-07,Automóveis,25,JEEP,COMMANDER,1483,https://www.fenabrave.org.br/portal/files/2022_07_2.pdf
2022,7,2022-07,Automóveis,26,TOYOTA,YARIS SEDAN,1350,https://www.fenabrave.org.br/portal/files/2022_07_2.pdf
2022,7,2022-07,Automóveis,27,RENAULT,LOGAN,1333,https://www.fenabrave.org.br/portal/files/2022_07_2.pdf
2022,7,2022-07,Automóveis,28,TOYOTA,HILUX SW4,1271,https://www.fenabrave.org.br/portal/files/2022_07_2.pdf
2022,7,2022-07,Automóveis,29,GM,SPIN,1266,https://www.fenabrave.org.br/portal/files/2022_07_2.pdf
2022,7,2022-07,Automóveis,30,VW,TAOS,1119,https://www.fenabrave.org.br/portal/files/2022_07_2.pdf
2022,7,2022-07,Automóveis,31,GM,CRUZE SEDAN,1049,https://www.fenabrave.org.br/portal/files/2022_07_2.pdf
2022,7,2022-07,Automóveis,32,HYUNDAI,HB20S,958,https://www.fenabrave.org.br/portal/files/2022_07_2.pdf
2022,7,2022-07,Automóveis,33,RENAULT,SANDERO,897,https://www.fenabrave.org.br/portal/files/2022_07_2.pdf
2022,7,2022-07,Automóveis,34,CITROEN,C4 CACTUS,798,https://www.fenabrave.org.br/portal/files/2022_07_2.pdf
2022,7,2022-07,Automóveis,35,CAOA CHERY,TIGGO 5X,741,https://www.fenabrave.org.br/portal/files/2022_07_2.pdf
2022,7,2022-07,Automóveis,36,CAOA CHERY,TIGGO 8,665,https://www.fenabrave.org.br/portal/files/2022_07_2.pdf
2022,7,2022-07,Automóveis,37,CAOA CHERY,TIGGO 7,556,https://www.fenabrave.org.br/portal/files/2022_07_2.pdf
2022,7,2022-07,Automóveis,38,BMW,X1,406,https://www.fenabrave.org.br/portal/files/2022_07_2.pdf
2022,7,2022-07,Automóveis,39,VW,VIRTUS,381,https://www.fenabrave.org.br/portal/files/2022_07_2.pdf
2022,7,2022-07,Automóveis,40,NISSAN,VERSA,339,https://www.fenabrave.org.br/portal/files/2022_07_2.pdf
2022,7,2022-07,Automóveis,41,MITSUBISHI,ECLIPSE CROSS,315,https://www.fenabrave.org.br/portal/files/2022_07_2.pdf
2022,7,2022-07,Automóveis,42,BMW,320I,279,https://www.fenabrave.org.br/portal/files/2022_07_2.pdf
2022,7,2022-07,Automóveis,43,PEUGEOT,2008,227,https://www.fenabrave.org.br/portal/files/2022_07_2.pdf
2022,7,2022-07,Automóveis,44,RENAULT,CAPTUR,180,https://www.fenabrave.org.br/portal/files/2022_07_2.pdf
2022,7,2022-07,Automóveis,45,VW,POLO,177,https://www.fenabrave.org.br/portal/files/2022_07_2.pdf
2022,7,2022-07,Automóveis,46,BMW,X3,172,https://www.fenabrave.org.br/portal/files/2022_07_2.pdf
2022,7,2022-07,Automóveis,47,KIA,SPORTAGE,163,https://www.fenabrave.org.br/portal/files/2022_07_2.pdf
2022,7,2022-07,Automóveis,48,FORD,BRONCO,162,https://www.fenabrave.org.br/portal/files/2022_07_2.pdf
2022,7,2022-07,Automóveis,49,GM,EQUINOX,161,https://www.fenabrave.org.br/portal/files/2022_07_2.pdf
2022,7,2022-07,Automóveis,50,GM,CRUZE HB,150,https://www.fenabrave.org.br/portal/files/2022_07_2.pdf
2022,7,2022-07,Comerciais leves,1,FIAT,STRADA,10897,https://www.fenabrave.org.br/portal/files/2022_07_2.pdf
2022,7,2022-07,Comerciais leves,2,FIAT,TORO,4333,https://www.fenabrave.org.br/portal/files/2022_07_2.pdf
2022,7,2022-07,Comerciais leves,3,TOYOTA,HILUX,4122,https://www.fenabrave.org.br/portal/files/2022_07_2.pdf
2022,7,2022-07,Comerciais leves,4,GM,S10,2229,https://www.fenabrave.org.br/portal/files/2022_07_2.pdf
2022,7,2022-07,Comerciais leves,5,MITSUBISHI,L200,1794,https://www.fenabrave.org.br/portal/files/2022_07_2.pdf
2022,7,2022-07,Comerciais leves,6,VW,SAVEIRO,1751,https://www.fenabrave.org.br/portal/files/2022_07_2.pdf
2022,7,2022-07,Comerciais leves,7,FIAT,FIORINO,1528,https://www.fenabrave.org.br/portal/files/2022_07_2.pdf
2022,7,2022-07,Comerciais leves,8,RENAULT,OROCH,1368,https://www.fenabrave.org.br/portal/files/2022_07_2.pdf
2022,7,2022-07,Comerciais leves,9,RENAULT,MASTER,941,https://www.fenabrave.org.br/portal/files/2022_07_2.pdf
2022,7,2022-07,Comerciais leves,10,NISSAN,FRONTIER,743,https://www.fenabrave.org.br/portal/files/2022_07_2.pdf
2022,7,2022-07,Comerciais leves,11,FORD,RANGER,653,https://www.fenabrave.org.br/portal/files/2022_07_2.pdf
2022,7,2022-07,Comerciais leves,12,VW,AMAROK,636,https://www.fenabrave.org.br/portal/files/2022_07_2.pdf
2022,7,2022-07,Comerciais leves,13,RAM,3500,267,https://www.fenabrave.org.br/portal/files/2022_07_2.pdf
2022,7,2022-07,Comerciais leves,14,KIA,K2500,254,https://www.fenabrave.org.br/portal/files/2022_07_2.pdf
2022,7,2022-07,Comerciais leves,15,PEUGEOT,EXPERT,225,https://www.fenabrave.org.br/portal/files/2022_07_2.pdf
2022,7,2022-07,Comerciais leves,16,RAM,1500,210,https://www.fenabrave.org.br/portal/files/2022_07_2.pdf
2022,7,2022-07,Comerciais leves,17,VW/MAN,EXPRESS,185,https://www.fenabrave.org.br/portal/files/2022_07_2.pdf
2022,7,2022-07,Comerciais leves,18,FORD,MAVERICK,183,https://www.fenabrave.org.br/portal/files/2022_07_2.pdf
2022,7,2022-07,Comerciais leves,19,CITROEN,JUMPY,165,https://www.fenabrave.org.br/portal/files/2022_07_2.pdf
2022,7,2022-07,Comerciais leves,20,FORD,TRANSIT,162,https://www.fenabrave.org.br/portal/files/2022_07_2.pdf
2022,7,2022-07,Comerciais leves,21,PEUGEOT,PARTNER,136,https://www.fenabrave.org.br/portal/files/2022_07_2.pdf
2022,7,2022-07,Comerciais leves,22,IVECO,DAILY 35-150,113,https://www.fenabrave.org.br/portal/files/2022_07_2.pdf
2022,7,2022-07,Comerciais leves,23,IVECO,DAILY,106,https://www.fenabrave.org.br/portal/files/2022_07_2.pdf
2022,7,2022-07,Comerciais leves,24,EFFA,V21,74,https://www.fenabrave.org.br/portal/files/2022_07_2.pdf
2022,7,2022-07,Comerciais leves,25,RAM,2500,68,https://www.fenabrave.org.br/portal/files/2022_07_2.pdf
2022,7,2022-07,Comerciais leves,26,M.BENZ,SPRINTER 314,62,https://www.fenabrave.org.br/portal/files/2022_07_2.pdf
2022,7,2022-07,Comerciais leves,27,FIAT,SCUDO,60,https://www.fenabrave.org.br/portal/files/2022_07_2.pdf
2022,7,2022-07,Comerciais leves,28,M.BENZ,SPRINTER 315,60,https://www.fenabrave.org.br/portal/files/2022_07_2.pdf
2022,7,2022-07,Comerciais leves,29,FIAT,DUCATO,54,https://www.fenabrave.org.br/portal/files/2022_07_2.pdf
2022,7,2022-07,Comerciais leves,30,IVECO,DAILY 30-130,29,https://www.fenabrave.org.br/portal/files/2022_07_2.pdf
2022,7,2022-07,Comerciais leves,31,HYUNDAI,HR,26,https://www.fenabrave.org.br/portal/files/2022_07_2.pdf
2022,7,2022-07,Comerciais leves,32,EFFA,V22,20,https://www.fenabrave.org.br/portal/files/2022_07_2.pdf
2022,7,2022-07,Comerciais leves,33,CITROEN,JUMPER,13,https://www.fenabrave.org.br/portal/files/2022_07_2.pdf
2022,7,2022-07,Comerciais leves,34,PEUGEOT,BOXER,13,https://www.fenabrave.org.br/portal/files/2022_07_2.pdf
2022,7,2022-07,Comerciais leves,35,M.BENZ,SPRINTER 416,12,https://www.fenabrave.org.br/portal/files/2022_07_2.pdf
2022,7,2022-07,Comerciais leves,36,M.BENZ,SPRINTER,11,https://www.fenabrave.org.br/portal/files/2022_07_2.pdf
2022,7,2022-07,Comerciais leves,37,JAC,V260,10,https://www.fenabrave.org.br/portal/files/2022_07_2.pdf
2022,7,2022-07,Comerciais leves,38,JEEP,GLADIATOR,9,https://www.fenabrave.org.br/portal/files/2022_07_2.pdf
2022,7,2022-07,Comerciais leves,39,FOTON,AUMARK 3.5-14DT,7,https://www.fenabrave.org.br/portal/files/2022_07_2.pdf
2022,7,2022-07,Comerciais leves,40,FOTON,AUMARK 1039,6,https://www.fenabrave.org.br/portal/files/2022_07_2.pdf
2022,7,2022-07,Comerciais leves,41,BYD,T3,6,https://www.fenabrave.org.br/portal/files/2022_07_2.pdf
2022,7,2022-07,Comerciais leves,42,GM,SILVERADO,5,https://www.fenabrave.org.br/portal/files/2022_07_2.pdf
2022,7,2022-07,Comerciais leves,43,RENAULT,KANGOO,5,https://www.fenabrave.org.br/portal/files/2022_07_2.pdf
2022,7,2022-07,Comerciais leves,44,KIA,UK2500,4,https://www.fenabrave.org.br/portal/files/2022_07_2.pdf
2022,7,2022-07,Comerciais leves,45,EFFA,V25,3,https://www.fenabrave.org.br/portal/files/2022_07_2.pdf
2022,7,2022-07,Comerciais leves,46,FORD,F150,2,https://www.fenabrave.org.br/portal/files/2022_07_2.pdf
2022,7,2022-07,Comerciais leves,47,TOYOTA,BANDEIRANTE,2,https://www.fenabrave.org.br/portal/files/2022_07_2.pdf
2022,7,2022-07,Comerciais leves,48,AGRALE,AGRALE MARRUA,1,https://www.fenabrave.org.br/portal/files/2022_07_2.pdf
2022,7,2022-07,Comerciais leves,49,FORD,PAMPA,1,https://www.fenabrave.org.br/portal/files/2022_07_2.pdf
2022,7,2022-07,Comerciais leves,50,GM,MONTANA,1,https://www.fenabrave.org.br/portal/files/2022_07_2.pdf
2022,8,2022-08,Automóveis,1,VW,GOL,11719,https://www.fenabrave.org.br/portal/files/2022_08_2.pdf
2022,8,2022-08,Automóveis,2,HYUNDAI,HB20,10919,https://www.fenabrave.org.br/portal/files/2022_08_2.pdf
2022,8,2022-08,Automóveis,3,GM,ONIX,9821,https://www.fenabrave.org.br/portal/files/2022_08_2.pdf
2022,8,2022-08,Automóveis,4,GM,ONIX PLUS,8968,https://www.fenabrave.org.br/portal/files/2022_08_2.pdf
2022,8,2022-08,Automóveis,5,FIAT,MOBI,7613,https://www.fenabrave.org.br/portal/files/2022_08_2.pdf
2022,8,2022-08,Automóveis,6,FIAT,ARGO,7594,https://www.fenabrave.org.br/portal/files/2022_08_2.pdf
2022,8,2022-08,Automóveis,7,RENAULT,KWID,6829,https://www.fenabrave.org.br/portal/files/2022_08_2.pdf
2022,8,2022-08,Automóveis,8,GM,TRACKER,6708,https://www.fenabrave.org.br/portal/files/2022_08_2.pdf
2022,8,2022-08,Automóveis,9,VW,T CROSS,6194,https://www.fenabrave.org.br/portal/files/2022_08_2.pdf
2022,8,2022-08,Automóveis,10,HYUNDAI,CRETA,5806,https://www.fenabrave.org.br/portal/files/2022_08_2.pdf
2022,8,2022-08,Automóveis,11,VW,VOYAGE,5564,https://www.fenabrave.org.br/portal/files/2022_08_2.pdf
2022,8,2022-08,Automóveis,12,JEEP,COMPASS,5284,https://www.fenabrave.org.br/portal/files/2022_08_2.pdf
2022,8,2022-08,Automóveis,13,FIAT,PULSE,4771,https://www.fenabrave.org.br/portal/files/2022_08_2.pdf
2022,8,2022-08,Automóveis,14,JEEP,RENEGADE,4654,https://www.fenabrave.org.br/portal/files/2022_08_2.pdf
2022,8,2022-08,Automóveis,15,NISSAN,KICKS,4250,https://www.fenabrave.org.br/portal/files/2022_08_2.pdf
2022,8,2022-08,Automóveis,16,FIAT,CRONOS,3757,https://www.fenabrave.org.br/portal/files/2022_08_2.pdf
2022,8,2022-08,Automóveis,17,TOYOTA,COROLLA,3386,https://www.fenabrave.org.br/portal/files/2022_08_2.pdf
2022,8,2022-08,Automóveis,18,VW,NIVUS,3380,https://www.fenabrave.org.br/portal/files/2022_08_2.pdf
2022,8,2022-08,Automóveis,19,TOYOTA,COROLLA CROSS,3250,https://www.fenabrave.org.br/portal/files/2022_08_2.pdf
2022,8,2022-08,Automóveis,20,PEUGEOT,208,2825,https://www.fenabrave.org.br/portal/files/2022_08_2.pdf
2022,8,2022-08,Automóveis,21,JEEP,COMMANDER,2338,https://www.fenabrave.org.br/portal/files/2022_08_2.pdf
2022,8,2022-08,Automóveis,22,TOYOTA,YARIS HB,2235,https://www.fenabrave.org.br/portal/files/2022_08_2.pdf
2022,8,2022-08,Automóveis,23,RENAULT,DUSTER,2087,https://www.fenabrave.org.br/portal/files/2022_08_2.pdf
2022,8,2022-08,Automóveis,24,HONDA,CITY,2084,https://www.fenabrave.org.br/portal/files/2022_08_2.pdf
2022,8,2022-08,Automóveis,25,CITROEN,C4 CACTUS,1983,https://www.fenabrave.org.br/portal/files/2022_08_2.pdf
2022,8,2022-08,Automóveis,26,VW,TAOS,1667,https://www.fenabrave.org.br/portal/files/2022_08_2.pdf
2022,8,2022-08,Automóveis,27,GM,SPIN,1515,https://www.fenabrave.org.br/portal/files/2022_08_2.pdf
2022,8,2022-08,Automóveis,28,HONDA,CITY HATCH,1504,https://www.fenabrave.org.br/portal/files/2022_08_2.pdf
2022,8,2022-08,Automóveis,29,TOYOTA,HILUX SW4,1221,https://www.fenabrave.org.br/portal/files/2022_08_2.pdf
2022,8,2022-08,Automóveis,30,CAOA CHERY,TIGGO 8,1188,https://www.fenabrave.org.br/portal/files/2022_08_2.pdf
2022,8,2022-08,Automóveis,31,TOYOTA,YARIS SEDAN,1174,https://www.fenabrave.org.br/portal/files/2022_08_2.pdf
2022,8,2022-08,Automóveis,32,RENAULT,SANDERO,1002,https://www.fenabrave.org.br/portal/files/2022_08_2.pdf
2022,8,2022-08,Automóveis,33,HYUNDAI,HB20S,997,https://www.fenabrave.org.br/portal/files/2022_08_2.pdf
2022,8,2022-08,Automóveis,34,CAOA CHERY,TIGGO 7,983,https://www.fenabrave.org.br/portal/files/2022_08_2.pdf
2022,8,2022-08,Automóveis,35,GM,CRUZE SEDAN,889,https://www.fenabrave.org.br/portal/files/2022_08_2.pdf
2022,8,2022-08,Automóveis,36,CAOA CHERY,TIGGO 5X,763,https://www.fenabrave.org.br/portal/files/2022_08_2.pdf
2022,8,2022-08,Automóveis,37,RENAULT,LOGAN,687,https://www.fenabrave.org.br/portal/files/2022_08_2.pdf
2022,8,2022-08,Automóveis,38,BMW,X1,487,https://www.fenabrave.org.br/portal/files/2022_08_2.pdf
2022,8,2022-08,Automóveis,39,HONDA,HR-V,486,https://www.fenabrave.org.br/portal/files/2022_08_2.pdf
2022,8,2022-08,Automóveis,40,MITSUBISHI,ECLIPSE CROSS,400,https://www.fenabrave.org.br/portal/files/2022_08_2.pdf
2022,8,2022-08,Automóveis,41,VW,VIRTUS,367,https://www.fenabrave.org.br/portal/files/2022_08_2.pdf
2022,8,2022-08,Automóveis,42,NISSAN,VERSA,266,https://www.fenabrave.org.br/portal/files/2022_08_2.pdf
2022,8,2022-08,Automóveis,43,GM,TRAILBLAZER,245,https://www.fenabrave.org.br/portal/files/2022_08_2.pdf
2022,8,2022-08,Automóveis,44,BMW,320I,217,https://www.fenabrave.org.br/portal/files/2022_08_2.pdf
2022,8,2022-08,Automóveis,45,AUDI,Q3,188,https://www.fenabrave.org.br/portal/files/2022_08_2.pdf
2022,8,2022-08,Automóveis,46,BMW,X5,170,https://www.fenabrave.org.br/portal/files/2022_08_2.pdf
2022,8,2022-08,Automóveis,47,LAND ROVER,DISCOVERY,162,https://www.fenabrave.org.br/portal/files/2022_08_2.pdf
2022,8,2022-08,Automóveis,48,TOYOTA,RAV4,146,https://www.fenabrave.org.br/portal/files/2022_08_2.pdf
2022,8,2022-08,Automóveis,49,AUDI,Q5,145,https://www.fenabrave.org.br/portal/files/2022_08_2.pdf
2022,8,2022-08,Automóveis,50,GM,EQUINOX,143,https://www.fenabrave.org.br/portal/files/2022_08_2.pdf
2022,8,2022-08,Comerciais leves,1,FIAT,STRADA,14157,https://www.fenabrave.org.br/portal/files/2022_08_2.pdf
2022,8,2022-08,Comerciais leves,2,FIAT,TORO,4290,https://www.fenabrave.org.br/portal/files/2022_08_2.pdf
2022,8,2022-08,Comerciais leves,3,TOYOTA,HILUX,3979,https://www.fenabrave.org.br/portal/files/2022_08_2.pdf
2022,8,2022-08,Comerciais leves,4,VW,SAVEIRO,2836,https://www.fenabrave.org.br/portal/files/2022_08_2.pdf
2022,8,2022-08,Comerciais leves,5,GM,S10,2115,https://www.fenabrave.org.br/portal/files/2022_08_2.pdf
2022,8,2022-08,Comerciais leves,6,FIAT,FIORINO,1897,https://www.fenabrave.org.br/portal/files/2022_08_2.pdf
2022,8,2022-08,Comerciais leves,7,FORD,RANGER,1371,https://www.fenabrave.org.br/portal/files/2022_08_2.pdf
2022,8,2022-08,Comerciais leves,8,MITSUBISHI,L200,1284,https://www.fenabrave.org.br/portal/files/2022_08_2.pdf
2022,8,2022-08,Comerciais leves,9,RENAULT,OROCH,1134,https://www.fenabrave.org.br/portal/files/2022_08_2.pdf
2022,8,2022-08,Comerciais leves,10,RENAULT,MASTER,1062,https://www.fenabrave.org.br/portal/files/2022_08_2.pdf
2022,8,2022-08,Comerciais leves,11,PEUGEOT,PARTNER,897,https://www.fenabrave.org.br/portal/files/2022_08_2.pdf
2022,8,2022-08,Comerciais leves,12,VW,AMAROK,719,https://www.fenabrave.org.br/portal/files/2022_08_2.pdf
2022,8,2022-08,Comerciais leves,13,NISSAN,FRONTIER,600,https://www.fenabrave.org.br/portal/files/2022_08_2.pdf
2022,8,2022-08,Comerciais leves,14,PEUGEOT,EXPERT,386,https://www.fenabrave.org.br/portal/files/2022_08_2.pdf
2022,8,2022-08,Comerciais leves,15,CITROEN,JUMPY,299,https://www.fenabrave.org.br/portal/files/2022_08_2.pdf
2022,8,2022-08,Comerciais leves,16,KIA,K2500,272,https://www.fenabrave.org.br/portal/files/2022_08_2.pdf
2022,8,2022-08,Comerciais leves,17,RAM,3500,225,https://www.fenabrave.org.br/portal/files/2022_08_2.pdf
2022,8,2022-08,Comerciais leves,18,VW/MAN,EXPRESS,200,https://www.fenabrave.org.br/portal/files/2022_08_2.pdf
2022,8,2022-08,Comerciais leves,19,FORD,TRANSIT,182,https://www.fenabrave.org.br/portal/files/2022_08_2.pdf
2022,8,2022-08,Comerciais leves,20,RAM,1500,174,https://www.fenabrave.org.br/portal/files/2022_08_2.pdf
2022,8,2022-08,Comerciais leves,21,FORD,MAVERICK,161,https://www.fenabrave.org.br/portal/files/2022_08_2.pdf
2022,8,2022-08,Comerciais leves,22,IVECO,DAILY,154,https://www.fenabrave.org.br/portal/files/2022_08_2.pdf
2022,8,2022-08,Comerciais leves,23,RAM,2500,107,https://www.fenabrave.org.br/portal/files/2022_08_2.pdf
2022,8,2022-08,Comerciais leves,24,FIAT,SCUDO,71,https://www.fenabrave.org.br/portal/files/2022_08_2.pdf
2022,8,2022-08,Comerciais leves,25,M.BENZ,SPRINTER 315,65,https://www.fenabrave.org.br/portal/files/2022_08_2.pdf
2022,8,2022-08,Comerciais leves,26,EFFA,V21,60,https://www.fenabrave.org.br/portal/files/2022_08_2.pdf
2022,8,2022-08,Comerciais leves,27,JEEP,GLADIATOR,55,https://www.fenabrave.org.br/portal/files/2022_08_2.pdf
2022,8,2022-08,Comerciais leves,28,FIAT,DUCATO,40,https://www.fenabrave.org.br/portal/files/2022_08_2.pdf
2022,8,2022-08,Comerciais leves,29,IVECO,DAILY 35-150,40,https://www.fenabrave.org.br/portal/files/2022_08_2.pdf
2022,8,2022-08,Comerciais leves,30,IVECO,DAILY 30-130,35,https://www.fenabrave.org.br/portal/files/2022_08_2.pdf
2022,8,2022-08,Comerciais leves,31,EFFA,V22,28,https://www.fenabrave.org.br/portal/files/2022_08_2.pdf
2022,8,2022-08,Comerciais leves,32,M.BENZ,SPRINTER 314,26,https://www.fenabrave.org.br/portal/files/2022_08_2.pdf
2022,8,2022-08,Comerciais leves,33,HYUNDAI,HR,14,https://www.fenabrave.org.br/portal/files/2022_08_2.pdf
2022,8,2022-08,Comerciais leves,34,M.BENZ,SPRINTER,14,https://www.fenabrave.org.br/portal/files/2022_08_2.pdf
2022,8,2022-08,Comerciais leves,35,M.BENZ,SPRINTER 416,13,https://www.fenabrave.org.br/portal/files/2022_08_2.pdf
2022,8,2022-08,Comerciais leves,36,PEUGEOT,BOXER,10,https://www.fenabrave.org.br/portal/files/2022_08_2.pdf
2022,8,2022-08,Comerciais leves,37,CITROEN,JUMPER,8,https://www.fenabrave.org.br/portal/files/2022_08_2.pdf
2022,8,2022-08,Comerciais leves,38,JAC,V260,8,https://www.fenabrave.org.br/portal/files/2022_08_2.pdf
2022,8,2022-08,Comerciais leves,39,FOTON,AUMARK 1039,7,https://www.fenabrave.org.br/portal/files/2022_08_2.pdf
2022,8,2022-08,Comerciais leves,40,JAC,IEV750,6,https://www.fenabrave.org.br/portal/files/2022_08_2.pdf
2022,8,2022-08,Comerciais leves,41,KIA,UK2500,5,https://www.fenabrave.org.br/portal/files/2022_08_2.pdf
2022,8,2022-08,Comerciais leves,42,EFFA,V25,5,https://www.fenabrave.org.br/portal/files/2022_08_2.pdf
2022,8,2022-08,Comerciais leves,43,BYD,T3,5,https://www.fenabrave.org.br/portal/files/2022_08_2.pdf
2022,8,2022-08,Comerciais leves,44,EFFA,K01,4,https://www.fenabrave.org.br/portal/files/2022_08_2.pdf
2022,8,2022-08,Comerciais leves,45,VW,KOMBI,3,https://www.fenabrave.org.br/portal/files/2022_08_2.pdf
2022,8,2022-08,Comerciais leves,46,FOTON,AUMARK 3.5-14DT,3,https://www.fenabrave.org.br/portal/files/2022_08_2.pdf
2022,8,2022-08,Comerciais leves,47,AGRALE,AGRALE MARRUA,2,https://www.fenabrave.org.br/portal/files/2022_08_2.pdf
2022,8,2022-08,Comerciais leves,48,GM,D20,2,https://www.fenabrave.org.br/portal/files/2022_08_2.pdf
2022,8,2022-08,Comerciais leves,49,GM,SILVERADO,2,https://www.fenabrave.org.br/portal/files/2022_08_2.pdf
2022,8,2022-08,Comerciais leves,50,GMC,SIERRA,2,https://www.fenabrave.org.br/portal/files/2022_08_2.pdf
2022,9,2022-09,Automóveis,1,HYUNDAI,HB20,8836,https://www.fenabrave.org.br/portal/files/2022_09_2.pdf
2022,9,2022-09,Automóveis,2,GM,ONIX,8078,https://www.fenabrave.org.br/portal/files/2022_09_2.pdf
2022,9,2022-09,Automóveis,3,GM,ONIX PLUS,7781,https://www.fenabrave.org.br/portal/files/2022_09_2.pdf
2022,9,2022-09,Automóveis,4,FIAT,MOBI,7476,https://www.fenabrave.org.br/portal/files/2022_09_2.pdf
2022,9,2022-09,Automóveis,5,GM,TRACKER,7127,https://www.fenabrave.org.br/portal/files/2022_09_2.pdf
2022,9,2022-09,Automóveis,6,FIAT,ARGO,7093,https://www.fenabrave.org.br/portal/files/2022_09_2.pdf
2022,9,2022-09,Automóveis,7,VW,T CROSS,5803,https://www.fenabrave.org.br/portal/files/2022_09_2.pdf
2022,9,2022-09,Automóveis,8,VW,GOL,5773,https://www.fenabrave.org.br/portal/files/2022_09_2.pdf
2022,9,2022-09,Automóveis,9,RENAULT,KWID,5719,https://www.fenabrave.org.br/portal/files/2022_09_2.pdf
2022,9,2022-09,Automóveis,10,HYUNDAI,CRETA,5586,https://www.fenabrave.org.br/portal/files/2022_09_2.pdf
2022,9,2022-09,Automóveis,11,JEEP,COMPASS,5047,https://www.fenabrave.org.br/portal/files/2022_09_2.pdf
2022,9,2022-09,Automóveis,12,VW,VOYAGE,4476,https://www.fenabrave.org.br/portal/files/2022_09_2.pdf
2022,9,2022-09,Automóveis,13,FIAT,PULSE,4398,https://www.fenabrave.org.br/portal/files/2022_09_2.pdf
2022,9,2022-09,Automóveis,14,JEEP,RENEGADE,3755,https://www.fenabrave.org.br/portal/files/2022_09_2.pdf
2022,9,2022-09,Automóveis,15,NISSAN,KICKS,3549,https://www.fenabrave.org.br/portal/files/2022_09_2.pdf
2022,9,2022-09,Automóveis,16,TOYOTA,COROLLA,3360,https://www.fenabrave.org.br/portal/files/2022_09_2.pdf
2022,9,2022-09,Automóveis,17,FIAT,CRONOS,3066,https://www.fenabrave.org.br/portal/files/2022_09_2.pdf
2022,9,2022-09,Automóveis,18,VW,NIVUS,3029,https://www.fenabrave.org.br/portal/files/2022_09_2.pdf
2022,9,2022-09,Automóveis,19,HONDA,HR-V,2956,https://www.fenabrave.org.br/portal/files/2022_09_2.pdf
2022,9,2022-09,Automóveis,20,TOYOTA,COROLLA CROSS,2861,https://www.fenabrave.org.br/portal/files/2022_09_2.pdf
2022,9,2022-09,Automóveis,21,RENAULT,DUSTER,2506,https://www.fenabrave.org.br/portal/files/2022_09_2.pdf
2022,9,2022-09,Automóveis,22,TOYOTA,YARIS HB,2341,https://www.fenabrave.org.br/portal/files/2022_09_2.pdf
2022,9,2022-09,Automóveis,23,PEUGEOT,208,2214,https://www.fenabrave.org.br/portal/files/2022_09_2.pdf
2022,9,2022-09,Automóveis,24,CITROEN,C4 CACTUS,2118,https://www.fenabrave.org.br/portal/files/2022_09_2.pdf
2022,9,2022-09,Automóveis,25,JEEP,COMMANDER,2064,https://www.fenabrave.org.br/portal/files/2022_09_2.pdf
2022,9,2022-09,Automóveis,26,GM,SPIN,2062,https://www.fenabrave.org.br/portal/files/2022_09_2.pdf
2022,9,2022-09,Automóveis,27,HONDA,CITY,1742,https://www.fenabrave.org.br/portal/files/2022_09_2.pdf
2022,9,2022-09,Automóveis,28,CITROEN,C3,1604,https://www.fenabrave.org.br/portal/files/2022_09_2.pdf
2022,9,2022-09,Automóveis,29,HYUNDAI,HB20S,1599,https://www.fenabrave.org.br/portal/files/2022_09_2.pdf
2022,9,2022-09,Automóveis,30,CAOA CHERY,TIGGO 8,1593,https://www.fenabrave.org.br/portal/files/2022_09_2.pdf
2022,9,2022-09,Automóveis,31,HONDA,CITY HATCH,1452,https://www.fenabrave.org.br/portal/files/2022_09_2.pdf
2022,9,2022-09,Automóveis,32,VW,TAOS,1421,https://www.fenabrave.org.br/portal/files/2022_09_2.pdf
2022,9,2022-09,Automóveis,33,TOYOTA,YARIS SEDAN,1360,https://www.fenabrave.org.br/portal/files/2022_09_2.pdf
2022,9,2022-09,Automóveis,34,RENAULT,LOGAN,834,https://www.fenabrave.org.br/portal/files/2022_09_2.pdf
2022,9,2022-09,Automóveis,35,CAOA CHERY,TIGGO 7,823,https://www.fenabrave.org.br/portal/files/2022_09_2.pdf
2022,9,2022-09,Automóveis,36,GM,CRUZE SEDAN,780,https://www.fenabrave.org.br/portal/files/2022_09_2.pdf
2022,9,2022-09,Automóveis,37,RENAULT,SANDERO,777,https://www.fenabrave.org.br/portal/files/2022_09_2.pdf
2022,9,2022-09,Automóveis,38,TOYOTA,HILUX SW4,758,https://www.fenabrave.org.br/portal/files/2022_09_2.pdf
2022,9,2022-09,Automóveis,39,GM,TRAILBLAZER,717,https://www.fenabrave.org.br/portal/files/2022_09_2.pdf
2022,9,2022-09,Automóveis,40,CAOA CHERY,TIGGO 5X,677,https://www.fenabrave.org.br/portal/files/2022_09_2.pdf
2022,9,2022-09,Automóveis,41,CAOA CHERY,ICAR,596,https://www.fenabrave.org.br/portal/files/2022_09_2.pdf
2022,9,2022-09,Automóveis,42,FIAT,FASTBACK,432,https://www.fenabrave.org.br/portal/files/2022_09_2.pdf
2022,9,2022-09,Automóveis,43,MITSUBISHI,ECLIPSE CROSS,426,https://www.fenabrave.org.br/portal/files/2022_09_2.pdf
2022,9,2022-09,Automóveis,44,BMW,X1,346,https://www.fenabrave.org.br/portal/files/2022_09_2.pdf
2022,9,2022-09,Automóveis,45,VW,VIRTUS,313,https://www.fenabrave.org.br/portal/files/2022_09_2.pdf
2022,9,2022-09,Automóveis,46,AUDI,Q3,279,https://www.fenabrave.org.br/portal/files/2022_09_2.pdf
2022,9,2022-09,Automóveis,47,BMW,320I,278,https://www.fenabrave.org.br/portal/files/2022_09_2.pdf
2022,9,2022-09,Automóveis,48,AUDI,Q5,241,https://www.fenabrave.org.br/portal/files/2022_09_2.pdf
2022,9,2022-09,Automóveis,49,HYUNDAI,IONIQ,238,https://www.fenabrave.org.br/portal/files/2022_09_2.pdf
2022,9,2022-09,Automóveis,50,PEUGEOT,2008,227,https://www.fenabrave.org.br/portal/files/2022_09_2.pdf
2022,9,2022-09,Comerciais leves,1,FIAT,STRADA,9908,https://www.fenabrave.org.br/portal/files/2022_09_2.pdf
2022,9,2022-09,Comerciais leves,2,VW,SAVEIRO,4608,https://www.fenabrave.org.br/portal/files/2022_09_2.pdf
2022,9,2022-09,Comerciais leves,3,FIAT,TORO,4335,https://www.fenabrave.org.br/portal/files/2022_09_2.pdf
2022,9,2022-09,Comerciais leves,4,TOYOTA,HILUX,4163,https://www.fenabrave.org.br/portal/files/2022_09_2.pdf
2022,9,2022-09,Comerciais leves,5,GM,S10,2408,https://www.fenabrave.org.br/portal/files/2022_09_2.pdf
2022,9,2022-09,Comerciais leves,6,FIAT,FIORINO,1903,https://www.fenabrave.org.br/portal/files/2022_09_2.pdf
2022,9,2022-09,Comerciais leves,7,RENAULT,OROCH,1641,https://www.fenabrave.org.br/portal/files/2022_09_2.pdf
2022,9,2022-09,Comerciais leves,8,MITSUBISHI,L200,1429,https://www.fenabrave.org.br/portal/files/2022_09_2.pdf
2022,9,2022-09,Comerciais leves,9,FORD,RANGER,1328,https://www.fenabrave.org.br/portal/files/2022_09_2.pdf
2022,9,2022-09,Comerciais leves,10,RENAULT,MASTER,1187,https://www.fenabrave.org.br/portal/files/2022_09_2.pdf
2022,9,2022-09,Comerciais leves,11,NISSAN,FRONTIER,674,https://www.fenabrave.org.br/portal/files/2022_09_2.pdf
2022,9,2022-09,Comerciais leves,12,VW,AMAROK,621,https://www.fenabrave.org.br/portal/files/2022_09_2.pdf
2022,9,2022-09,Comerciais leves,13,RAM,3500,441,https://www.fenabrave.org.br/portal/files/2022_09_2.pdf
2022,9,2022-09,Comerciais leves,14,PEUGEOT,EXPERT,298,https://www.fenabrave.org.br/portal/files/2022_09_2.pdf
2022,9,2022-09,Comerciais leves,15,FORD,TRANSIT,284,https://www.fenabrave.org.br/portal/files/2022_09_2.pdf
2022,9,2022-09,Comerciais leves,16,FIAT,SCUDO,259,https://www.fenabrave.org.br/portal/files/2022_09_2.pdf
2022,9,2022-09,Comerciais leves,17,CITROEN,JUMPY,255,https://www.fenabrave.org.br/portal/files/2022_09_2.pdf
2022,9,2022-09,Comerciais leves,18,KIA,K2500,247,https://www.fenabrave.org.br/portal/files/2022_09_2.pdf
2022,9,2022-09,Comerciais leves,19,PEUGEOT,PARTNER,218,https://www.fenabrave.org.br/portal/files/2022_09_2.pdf
2022,9,2022-09,Comerciais leves,20,VW/MAN,EXPRESS,178,https://www.fenabrave.org.br/portal/files/2022_09_2.pdf
2022,9,2022-09,Comerciais leves,21,IVECO,DAILY,152,https://www.fenabrave.org.br/portal/files/2022_09_2.pdf
2022,9,2022-09,Comerciais leves,22,RAM,1500,148,https://www.fenabrave.org.br/portal/files/2022_09_2.pdf
2022,9,2022-09,Comerciais leves,23,RAM,2500,89,https://www.fenabrave.org.br/portal/files/2022_09_2.pdf
2022,9,2022-09,Comerciais leves,24,EFFA,V21,85,https://www.fenabrave.org.br/portal/files/2022_09_2.pdf
2022,9,2022-09,Comerciais leves,25,M.BENZ,SPRINTER 315,60,https://www.fenabrave.org.br/portal/files/2022_09_2.pdf
2022,9,2022-09,Comerciais leves,26,FORD,MAVERICK,55,https://www.fenabrave.org.br/portal/files/2022_09_2.pdf
2022,9,2022-09,Comerciais leves,27,JEEP,GLADIATOR,35,https://www.fenabrave.org.br/portal/files/2022_09_2.pdf
2022,9,2022-09,Comerciais leves,28,FIAT,DUCATO,30,https://www.fenabrave.org.br/portal/files/2022_09_2.pdf
2022,9,2022-09,Comerciais leves,29,EFFA,V22,24,https://www.fenabrave.org.br/portal/files/2022_09_2.pdf
2022,9,2022-09,Comerciais leves,30,IVECO,DAILY 35-150,23,https://www.fenabrave.org.br/portal/files/2022_09_2.pdf
2022,9,2022-09,Comerciais leves,31,IVECO,DAILY 30-130,20,https://www.fenabrave.org.br/portal/files/2022_09_2.pdf
2022,9,2022-09,Comerciais leves,32,HYUNDAI,HR,18,https://www.fenabrave.org.br/portal/files/2022_09_2.pdf
2022,9,2022-09,Comerciais leves,33,M.BENZ,SPRINTER 314,16,https://www.fenabrave.org.br/portal/files/2022_09_2.pdf
2022,9,2022-09,Comerciais leves,34,M.BENZ,SPRINTER,13,https://www.fenabrave.org.br/portal/files/2022_09_2.pdf
2022,9,2022-09,Comerciais leves,35,CITROEN,JUMPER,9,https://www.fenabrave.org.br/portal/files/2022_09_2.pdf
2022,9,2022-09,Comerciais leves,36,M.BENZ,SPRINTER 416,7,https://www.fenabrave.org.br/portal/files/2022_09_2.pdf
2022,9,2022-09,Comerciais leves,37,EFFA,V25,6,https://www.fenabrave.org.br/portal/files/2022_09_2.pdf
2022,9,2022-09,Comerciais leves,38,PEUGEOT,BOXER,5,https://www.fenabrave.org.br/portal/files/2022_09_2.pdf
2022,9,2022-09,Comerciais leves,39,JAC,V260,5,https://www.fenabrave.org.br/portal/files/2022_09_2.pdf
2022,9,2022-09,Comerciais leves,40,FOTON,AUMARK 1039,5,https://www.fenabrave.org.br/portal/files/2022_09_2.pdf
2022,9,2022-09,Comerciais leves,41,KIA,UK2500,4,https://www.fenabrave.org.br/portal/files/2022_09_2.pdf
2022,9,2022-09,Comerciais leves,42,FOTON,AUMARK 3.5-14DT,4,https://www.fenabrave.org.br/portal/files/2022_09_2.pdf
2022,9,2022-09,Comerciais leves,43,FORD,F150,3,https://www.fenabrave.org.br/portal/files/2022_09_2.pdf
2022,9,2022-09,Comerciais leves,44,JAC,IEV750,3,https://www.fenabrave.org.br/portal/files/2022_09_2.pdf
2022,9,2022-09,Comerciais leves,45,TOYOTA,BANDEIRANTE,2,https://www.fenabrave.org.br/portal/files/2022_09_2.pdf
2022,9,2022-09,Comerciais leves,46,ENGESA,EE34,1,https://www.fenabrave.org.br/portal/files/2022_09_2.pdf
2022,9,2022-09,Comerciais leves,47,GM,CHEVY,1,https://www.fenabrave.org.br/portal/files/2022_09_2.pdf
2022,9,2022-09,Comerciais leves,48,GM,MONTANA,1,https://www.fenabrave.org.br/portal/files/2022_09_2.pdf
2022,9,2022-09,Comerciais leves,49,GM,SILVERADO,1,https://www.fenabrave.org.br/portal/files/2022_09_2.pdf
2022,9,2022-09,Comerciais leves,50,IVECO,DAILY 30S13,1,https://www.fenabrave.org.br/portal/files/2022_09_2.pdf
2022,10,2022-10,Automóveis,1,HYUNDAI,HB20,9084,https://www.fenabrave.org.br/portal/files/2022_10_2.pdf
2022,10,2022-10,Automóveis,2,GM,TRACKER,8496,https://www.fenabrave.org.br/portal/files/2022_10_2.pdf
2022,10,2022-10,Automóveis,3,GM,ONIX,7768,https://www.fenabrave.org.br/portal/files/2022_10_2.pdf
2022,10,2022-10,Automóveis,4,GM,ONIX PLUS,7354,https://www.fenabrave.org.br/portal/files/2022_10_2.pdf
2022,10,2022-10,Automóveis,5,FIAT,MOBI,6741,https://www.fenabrave.org.br/portal/files/2022_10_2.pdf
2022,10,2022-10,Automóveis,6,FIAT,ARGO,6628,https://www.fenabrave.org.br/portal/files/2022_10_2.pdf
2022,10,2022-10,Automóveis,7,RENAULT,KWID,6041,https://www.fenabrave.org.br/portal/files/2022_10_2.pdf
2022,10,2022-10,Automóveis,8,VW,T CROSS,5590,https://www.fenabrave.org.br/portal/files/2022_10_2.pdf
2022,10,2022-10,Automóveis,9,JEEP,COMPASS,5307,https://www.fenabrave.org.br/portal/files/2022_10_2.pdf
2022,10,2022-10,Automóveis,10,HYUNDAI,CRETA,5048,https://www.fenabrave.org.br/portal/files/2022_10_2.pdf
2022,10,2022-10,Automóveis,11,FIAT,PULSE,4311,https://www.fenabrave.org.br/portal/files/2022_10_2.pdf
2022,10,2022-10,Automóveis,12,VW,VOYAGE,4229,https://www.fenabrave.org.br/portal/files/2022_10_2.pdf
2022,10,2022-10,Automóveis,13,JEEP,RENEGADE,3957,https://www.fenabrave.org.br/portal/files/2022_10_2.pdf
2022,10,2022-10,Automóveis,14,VW,NIVUS,3772,https://www.fenabrave.org.br/portal/files/2022_10_2.pdf
2022,10,2022-10,Automóveis,15,FIAT,CRONOS,3716,https://www.fenabrave.org.br/portal/files/2022_10_2.pdf
2022,10,2022-10,Automóveis,16,TOYOTA,COROLLA,3286,https://www.fenabrave.org.br/portal/files/2022_10_2.pdf
2022,10,2022-10,Automóveis,17,TOYOTA,COROLLA CROSS,3225,https://www.fenabrave.org.br/portal/files/2022_10_2.pdf
2022,10,2022-10,Automóveis,18,VW,GOL,3099,https://www.fenabrave.org.br/portal/files/2022_10_2.pdf
2022,10,2022-10,Automóveis,19,FIAT,FASTBACK,2843,https://www.fenabrave.org.br/portal/files/2022_10_2.pdf
2022,10,2022-10,Automóveis,20,CITROEN,C3,2620,https://www.fenabrave.org.br/portal/files/2022_10_2.pdf
2022,10,2022-10,Automóveis,21,NISSAN,KICKS,2604,https://www.fenabrave.org.br/portal/files/2022_10_2.pdf
2022,10,2022-10,Automóveis,22,HONDA,HR-V,2603,https://www.fenabrave.org.br/portal/files/2022_10_2.pdf
2022,10,2022-10,Automóveis,23,TOYOTA,YARIS HB,2254,https://www.fenabrave.org.br/portal/files/2022_10_2.pdf
2022,10,2022-10,Automóveis,24,HYUNDAI,HB20S,2155,https://www.fenabrave.org.br/portal/files/2022_10_2.pdf
2022,10,2022-10,Automóveis,25,JEEP,COMMANDER,2112,https://www.fenabrave.org.br/portal/files/2022_10_2.pdf
2022,10,2022-10,Automóveis,26,RENAULT,DUSTER,1913,https://www.fenabrave.org.br/portal/files/2022_10_2.pdf
2022,10,2022-10,Automóveis,27,GM,SPIN,1736,https://www.fenabrave.org.br/portal/files/2022_10_2.pdf
2022,10,2022-10,Automóveis,28,TOYOTA,YARIS SEDAN,1456,https://www.fenabrave.org.br/portal/files/2022_10_2.pdf
2022,10,2022-10,Automóveis,29,HONDA,CITY HATCH,1322,https://www.fenabrave.org.br/portal/files/2022_10_2.pdf
2022,10,2022-10,Automóveis,30,PEUGEOT,208,1232,https://www.fenabrave.org.br/portal/files/2022_10_2.pdf
2022,10,2022-10,Automóveis,31,CITROEN,C4 CACTUS,1171,https://www.fenabrave.org.br/portal/files/2022_10_2.pdf
2022,10,2022-10,Automóveis,32,HONDA,CITY,1137,https://www.fenabrave.org.br/portal/files/2022_10_2.pdf
2022,10,2022-10,Automóveis,33,VW,TAOS,989,https://www.fenabrave.org.br/portal/files/2022_10_2.pdf
2022,10,2022-10,Automóveis,34,CAOA CHERY,TIGGO 8,978,https://www.fenabrave.org.br/portal/files/2022_10_2.pdf
2022,10,2022-10,Automóveis,35,TOYOTA,HILUX SW4,869,https://www.fenabrave.org.br/portal/files/2022_10_2.pdf
2022,10,2022-10,Automóveis,36,VW,POLO,740,https://www.fenabrave.org.br/portal/files/2022_10_2.pdf
2022,10,2022-10,Automóveis,37,RENAULT,LOGAN,689,https://www.fenabrave.org.br/portal/files/2022_10_2.pdf
2022,10,2022-10,Automóveis,38,RENAULT,SANDERO,588,https://www.fenabrave.org.br/portal/files/2022_10_2.pdf
2022,10,2022-10,Automóveis,39,CAOA CHERY,TIGGO 7,482,https://www.fenabrave.org.br/portal/files/2022_10_2.pdf
2022,10,2022-10,Automóveis,40,CAOA CHERY,TIGGO 5X,456,https://www.fenabrave.org.br/portal/files/2022_10_2.pdf
2022,10,2022-10,Automóveis,41,BMW,320I,454,https://www.fenabrave.org.br/portal/files/2022_10_2.pdf
2022,10,2022-10,Automóveis,42,GM,CRUZE SEDAN,413,https://www.fenabrave.org.br/portal/files/2022_10_2.pdf
2022,10,2022-10,Automóveis,43,VW,VIRTUS,382,https://www.fenabrave.org.br/portal/files/2022_10_2.pdf
2022,10,2022-10,Automóveis,44,GM,TRAILBLAZER,349,https://www.fenabrave.org.br/portal/files/2022_10_2.pdf
2022,10,2022-10,Automóveis,45,GM,EQUINOX,289,https://www.fenabrave.org.br/portal/files/2022_10_2.pdf
2022,10,2022-10,Automóveis,46,MITSUBISHI,ECLIPSE CROSS,264,https://www.fenabrave.org.br/portal/files/2022_10_2.pdf
2022,10,2022-10,Automóveis,47,VOLVO,XC40,264,https://www.fenabrave.org.br/portal/files/2022_10_2.pdf
2022,10,2022-10,Automóveis,48,PEUGEOT,2008,225,https://www.fenabrave.org.br/portal/files/2022_10_2.pdf
2022,10,2022-10,Automóveis,49,AUDI,Q3,224,https://www.fenabrave.org.br/portal/files/2022_10_2.pdf
2022,10,2022-10,Automóveis,50,M.BENZ,CLASSE C,198,https://www.fenabrave.org.br/portal/files/2022_10_2.pdf
2022,10,2022-10,Comerciais leves,1,FIAT,STRADA,8046,https://www.fenabrave.org.br/portal/files/2022_10_2.pdf
2022,10,2022-10,Comerciais leves,2,VW,SAVEIRO,4447,https://www.fenabrave.org.br/portal/files/2022_10_2.pdf
2022,10,2022-10,Comerciais leves,3,TOYOTA,HILUX,4203,https://www.fenabrave.org.br/portal/files/2022_10_2.pdf
2022,10,2022-10,Comerciais leves,4,FIAT,TORO,2980,https://www.fenabrave.org.br/portal/files/2022_10_2.pdf
2022,10,2022-10,Comerciais leves,5,FIAT,FIORINO,1905,https://www.fenabrave.org.br/portal/files/2022_10_2.pdf
2022,10,2022-10,Comerciais leves,6,GM,S10,1625,https://www.fenabrave.org.br/portal/files/2022_10_2.pdf
2022,10,2022-10,Comerciais leves,7,RENAULT,OROCH,1443,https://www.fenabrave.org.br/portal/files/2022_10_2.pdf
2022,10,2022-10,Comerciais leves,8,FORD,RANGER,1403,https://www.fenabrave.org.br/portal/files/2022_10_2.pdf
2022,10,2022-10,Comerciais leves,9,MITSUBISHI,L200,1242,https://www.fenabrave.org.br/portal/files/2022_10_2.pdf
2022,10,2022-10,Comerciais leves,10,RENAULT,MASTER,746,https://www.fenabrave.org.br/portal/files/2022_10_2.pdf
2022,10,2022-10,Comerciais leves,11,NISSAN,FRONTIER,602,https://www.fenabrave.org.br/portal/files/2022_10_2.pdf
2022,10,2022-10,Comerciais leves,12,VW,AMAROK,432,https://www.fenabrave.org.br/portal/files/2022_10_2.pdf
2022,10,2022-10,Comerciais leves,13,PEUGEOT,EXPERT,314,https://www.fenabrave.org.br/portal/files/2022_10_2.pdf
2022,10,2022-10,Comerciais leves,14,RAM,3500,267,https://www.fenabrave.org.br/portal/files/2022_10_2.pdf
2022,10,2022-10,Comerciais leves,15,KIA,K2500,257,https://www.fenabrave.org.br/portal/files/2022_10_2.pdf
2022,10,2022-10,Comerciais leves,16,FIAT,SCUDO,220,https://www.fenabrave.org.br/portal/files/2022_10_2.pdf
2022,10,2022-10,Comerciais leves,17,PEUGEOT,PARTNER,205,https://www.fenabrave.org.br/portal/files/2022_10_2.pdf
2022,10,2022-10,Comerciais leves,18,RAM,1500,205,https://www.fenabrave.org.br/portal/files/2022_10_2.pdf
2022,10,2022-10,Comerciais leves,19,FORD,TRANSIT,157,https://www.fenabrave.org.br/portal/files/2022_10_2.pdf
2022,10,2022-10,Comerciais leves,20,CITROEN,JUMPY,129,https://www.fenabrave.org.br/portal/files/2022_10_2.pdf
2022,10,2022-10,Comerciais leves,21,VW/MAN,EXPRESS,125,https://www.fenabrave.org.br/portal/files/2022_10_2.pdf
2022,10,2022-10,Comerciais leves,22,IVECO,DAILY,121,https://www.fenabrave.org.br/portal/files/2022_10_2.pdf
2022,10,2022-10,Comerciais leves,23,EFFA,V21,74,https://www.fenabrave.org.br/portal/files/2022_10_2.pdf
2022,10,2022-10,Comerciais leves,24,M.BENZ,SPRINTER 315,55,https://www.fenabrave.org.br/portal/files/2022_10_2.pdf
2022,10,2022-10,Comerciais leves,25,RAM,CLASSIC,41,https://www.fenabrave.org.br/portal/files/2022_10_2.pdf
2022,10,2022-10,Comerciais leves,26,FORD,MAVERICK,40,https://www.fenabrave.org.br/portal/files/2022_10_2.pdf
2022,10,2022-10,Comerciais leves,27,EFFA,V22,27,https://www.fenabrave.org.br/portal/files/2022_10_2.pdf
2022,10,2022-10,Comerciais leves,28,RAM,2500,23,https://www.fenabrave.org.br/portal/files/2022_10_2.pdf
2022,10,2022-10,Comerciais leves,29,HYUNDAI,HR,21,https://www.fenabrave.org.br/portal/files/2022_10_2.pdf
2022,10,2022-10,Comerciais leves,30,JEEP,GLADIATOR,17,https://www.fenabrave.org.br/portal/files/2022_10_2.pdf
2022,10,2022-10,Comerciais leves,31,FIAT,DUCATO,15,https://www.fenabrave.org.br/portal/files/2022_10_2.pdf
2022,10,2022-10,Comerciais leves,32,IVECO,DAILY 30-130,14,https://www.fenabrave.org.br/portal/files/2022_10_2.pdf
2022,10,2022-10,Comerciais leves,33,M.BENZ,SPRINTER 416,10,https://www.fenabrave.org.br/portal/files/2022_10_2.pdf
2022,10,2022-10,Comerciais leves,34,M.BENZ,SPRINTER,9,https://www.fenabrave.org.br/portal/files/2022_10_2.pdf
2022,10,2022-10,Comerciais leves,35,M.BENZ,SPRINTER 314,9,https://www.fenabrave.org.br/portal/files/2022_10_2.pdf
2022,10,2022-10,Comerciais leves,36,EFFA,V25,7,https://www.fenabrave.org.br/portal/files/2022_10_2.pdf
2022,10,2022-10,Comerciais leves,37,FORD,ETRANSIT,5,https://www.fenabrave.org.br/portal/files/2022_10_2.pdf
2022,10,2022-10,Comerciais leves,38,FOTON,AUMARK 3.5-14DT,5,https://www.fenabrave.org.br/portal/files/2022_10_2.pdf
2022,10,2022-10,Comerciais leves,39,IVECO,DAILY 35-150,4,https://www.fenabrave.org.br/portal/files/2022_10_2.pdf
2022,10,2022-10,Comerciais leves,40,JAC,V260,4,https://www.fenabrave.org.br/portal/files/2022_10_2.pdf
2022,10,2022-10,Comerciais leves,41,CITROEN,JUMPER,3,https://www.fenabrave.org.br/portal/files/2022_10_2.pdf
2022,10,2022-10,Comerciais leves,42,FORD,F250,2,https://www.fenabrave.org.br/portal/files/2022_10_2.pdf
2022,10,2022-10,Comerciais leves,43,GM,SILVERADO,2,https://www.fenabrave.org.br/portal/files/2022_10_2.pdf
2022,10,2022-10,Comerciais leves,44,PEUGEOT,BOXER,2,https://www.fenabrave.org.br/portal/files/2022_10_2.pdf
2022,10,2022-10,Comerciais leves,45,FOTON,AUMARK 1039,2,https://www.fenabrave.org.br/portal/files/2022_10_2.pdf
2022,10,2022-10,Comerciais leves,46,FIAT,DOBLO,1,https://www.fenabrave.org.br/portal/files/2022_10_2.pdf
2022,10,2022-10,Comerciais leves,47,FORD,F75,1,https://www.fenabrave.org.br/portal/files/2022_10_2.pdf
2022,10,2022-10,Comerciais leves,48,GMC,SIERRA,1,https://www.fenabrave.org.br/portal/files/2022_10_2.pdf
2022,10,2022-10,Comerciais leves,49,TOYOTA,TUNDRA,1,https://www.fenabrave.org.br/portal/files/2022_10_2.pdf
2022,11,2022-11,Automóveis,1,HYUNDAI,HB20,9457,https://www.fenabrave.org.br/portal/files/2022_11_2.pdf
2022,11,2022-11,Automóveis,2,FIAT,MOBI,8724,https://www.fenabrave.org.br/portal/files/2022_11_2.pdf
2022,11,2022-11,Automóveis,3,GM,ONIX PLUS,8035,https://www.fenabrave.org.br/portal/files/2022_11_2.pdf
2022,11,2022-11,Automóveis,4,FIAT,ARGO,7737,https://www.fenabrave.org.br/portal/files/2022_11_2.pdf
2022,11,2022-11,Automóveis,5,GM,ONIX,7393,https://www.fenabrave.org.br/portal/files/2022_11_2.pdf
2022,11,2022-11,Automóveis,6,VW,GOL,7320,https://www.fenabrave.org.br/portal/files/2022_11_2.pdf
2022,11,2022-11,Automóveis,7,GM,TRACKER,7231,https://www.fenabrave.org.br/portal/files/2022_11_2.pdf
2022,11,2022-11,Automóveis,8,FIAT,CRONOS,6575,https://www.fenabrave.org.br/portal/files/2022_11_2.pdf
2022,11,2022-11,Automóveis,9,JEEP,COMPASS,6409,https://www.fenabrave.org.br/portal/files/2022_11_2.pdf
2022,11,2022-11,Automóveis,10,RENAULT,KWID,6182,https://www.fenabrave.org.br/portal/files/2022_11_2.pdf
2022,11,2022-11,Automóveis,11,HYUNDAI,CRETA,5269,https://www.fenabrave.org.br/portal/files/2022_11_2.pdf
2022,11,2022-11,Automóveis,12,VW,T CROSS,5174,https://www.fenabrave.org.br/portal/files/2022_11_2.pdf
2022,11,2022-11,Automóveis,13,VW,NIVUS,4859,https://www.fenabrave.org.br/portal/files/2022_11_2.pdf
2022,11,2022-11,Automóveis,14,VW,VOYAGE,4677,https://www.fenabrave.org.br/portal/files/2022_11_2.pdf
2022,11,2022-11,Automóveis,15,JEEP,RENEGADE,4474,https://www.fenabrave.org.br/portal/files/2022_11_2.pdf
2022,11,2022-11,Automóveis,16,PEUGEOT,208,3978,https://www.fenabrave.org.br/portal/files/2022_11_2.pdf
2022,11,2022-11,Automóveis,17,FIAT,PULSE,3685,https://www.fenabrave.org.br/portal/files/2022_11_2.pdf
2022,11,2022-11,Automóveis,18,TOYOTA,COROLLA,3656,https://www.fenabrave.org.br/portal/files/2022_11_2.pdf
2022,11,2022-11,Automóveis,19,TOYOTA,COROLLA CROSS,3402,https://www.fenabrave.org.br/portal/files/2022_11_2.pdf
2022,11,2022-11,Automóveis,20,CITROEN,C3,3191,https://www.fenabrave.org.br/portal/files/2022_11_2.pdf
2022,11,2022-11,Automóveis,21,FIAT,FASTBACK,3190,https://www.fenabrave.org.br/portal/files/2022_11_2.pdf
2022,11,2022-11,Automóveis,22,HONDA,HR-V,2904,https://www.fenabrave.org.br/portal/files/2022_11_2.pdf
2022,11,2022-11,Automóveis,23,NISSAN,KICKS,2607,https://www.fenabrave.org.br/portal/files/2022_11_2.pdf
2022,11,2022-11,Automóveis,24,JEEP,COMMANDER,2422,https://www.fenabrave.org.br/portal/files/2022_11_2.pdf
2022,11,2022-11,Automóveis,25,TOYOTA,YARIS HB,2365,https://www.fenabrave.org.br/portal/files/2022_11_2.pdf
2022,11,2022-11,Automóveis,26,RENAULT,DUSTER,2245,https://www.fenabrave.org.br/portal/files/2022_11_2.pdf
2022,11,2022-11,Automóveis,27,VW,POLO,2152,https://www.fenabrave.org.br/portal/files/2022_11_2.pdf
2022,11,2022-11,Automóveis,28,GM,SPIN,1903,https://www.fenabrave.org.br/portal/files/2022_11_2.pdf
2022,11,2022-11,Automóveis,29,TOYOTA,YARIS SEDAN,1615,https://www.fenabrave.org.br/portal/files/2022_11_2.pdf
2022,11,2022-11,Automóveis,30,TOYOTA,HILUX SW4,1522,https://www.fenabrave.org.br/portal/files/2022_11_2.pdf
2022,11,2022-11,Automóveis,31,HYUNDAI,HB20S,1412,https://www.fenabrave.org.br/portal/files/2022_11_2.pdf
2022,11,2022-11,Automóveis,32,HONDA,CITY HATCH,1381,https://www.fenabrave.org.br/portal/files/2022_11_2.pdf
2022,11,2022-11,Automóveis,33,RENAULT,SANDERO,1341,https://www.fenabrave.org.br/portal/files/2022_11_2.pdf
2022,11,2022-11,Automóveis,34,RENAULT,LOGAN,1206,https://www.fenabrave.org.br/portal/files/2022_11_2.pdf
2022,11,2022-11,Automóveis,35,CAOA CHERY,TIGGO 5X,1177,https://www.fenabrave.org.br/portal/files/2022_11_2.pdf
2022,11,2022-11,Automóveis,36,VW,TAOS,1149,https://www.fenabrave.org.br/portal/files/2022_11_2.pdf
2022,11,2022-11,Automóveis,37,HONDA,CITY,1147,https://www.fenabrave.org.br/portal/files/2022_11_2.pdf
2022,11,2022-11,Automóveis,38,CITROEN,C4 CACTUS,1004,https://www.fenabrave.org.br/portal/files/2022_11_2.pdf
2022,11,2022-11,Automóveis,39,CAOA CHERY,TIGGO 8,776,https://www.fenabrave.org.br/portal/files/2022_11_2.pdf
2022,11,2022-11,Automóveis,40,CAOA CHERY,TIGGO 7,672,https://www.fenabrave.org.br/portal/files/2022_11_2.pdf
2022,11,2022-11,Automóveis,41,BMW,320I,666,https://www.fenabrave.org.br/portal/files/2022_11_2.pdf
2022,11,2022-11,Automóveis,42,VW,VIRTUS,600,https://www.fenabrave.org.br/portal/files/2022_11_2.pdf
2022,11,2022-11,Automóveis,43,MITSUBISHI,ECLIPSE CROSS,476,https://www.fenabrave.org.br/portal/files/2022_11_2.pdf
2022,11,2022-11,Automóveis,44,GM,CRUZE SEDAN,371,https://www.fenabrave.org.br/portal/files/2022_11_2.pdf
2022,11,2022-11,Automóveis,45,GM,TRAILBLAZER,337,https://www.fenabrave.org.br/portal/files/2022_11_2.pdf
2022,11,2022-11,Automóveis,46,GM,EQUINOX,288,https://www.fenabrave.org.br/portal/files/2022_11_2.pdf
2022,11,2022-11,Automóveis,47,VOLVO,XC40,257,https://www.fenabrave.org.br/portal/files/2022_11_2.pdf
2022,11,2022-11,Automóveis,48,AUDI,Q3,213,https://www.fenabrave.org.br/portal/files/2022_11_2.pdf
2022,11,2022-11,Automóveis,49,PEUGEOT,2008,210,https://www.fenabrave.org.br/portal/files/2022_11_2.pdf
2022,11,2022-11,Automóveis,50,MITSUBISHI,PAJERO,186,https://www.fenabrave.org.br/portal/files/2022_11_2.pdf
2022,11,2022-11,Comerciais leves,1,FIAT,STRADA,9240,https://www.fenabrave.org.br/portal/files/2022_11_2.pdf
2022,11,2022-11,Comerciais leves,2,TOYOTA,HILUX,4816,https://www.fenabrave.org.br/portal/files/2022_11_2.pdf
2022,11,2022-11,Comerciais leves,3,FIAT,TORO,3473,https://www.fenabrave.org.br/portal/files/2022_11_2.pdf
2022,11,2022-11,Comerciais leves,4,VW,SAVEIRO,2975,https://www.fenabrave.org.br/portal/files/2022_11_2.pdf
2022,11,2022-11,Comerciais leves,5,FIAT,FIORINO,2111,https://www.fenabrave.org.br/portal/files/2022_11_2.pdf
2022,11,2022-11,Comerciais leves,6,RENAULT,OROCH,1410,https://www.fenabrave.org.br/portal/files/2022_11_2.pdf
2022,11,2022-11,Comerciais leves,7,GM,S10,1404,https://www.fenabrave.org.br/portal/files/2022_11_2.pdf
2022,11,2022-11,Comerciais leves,8,FORD,RANGER,1284,https://www.fenabrave.org.br/portal/files/2022_11_2.pdf
2022,11,2022-11,Comerciais leves,9,MITSUBISHI,L200,1252,https://www.fenabrave.org.br/portal/files/2022_11_2.pdf
2022,11,2022-11,Comerciais leves,10,NISSAN,FRONTIER,1108,https://www.fenabrave.org.br/portal/files/2022_11_2.pdf
2022,11,2022-11,Comerciais leves,11,VW,AMAROK,774,https://www.fenabrave.org.br/portal/files/2022_11_2.pdf
2022,11,2022-11,Comerciais leves,12,RENAULT,MASTER,756,https://www.fenabrave.org.br/portal/files/2022_11_2.pdf
2022,11,2022-11,Comerciais leves,13,RAM,3500,304,https://www.fenabrave.org.br/portal/files/2022_11_2.pdf
2022,11,2022-11,Comerciais leves,14,FORD,TRANSIT,274,https://www.fenabrave.org.br/portal/files/2022_11_2.pdf
2022,11,2022-11,Comerciais leves,15,KIA,K2500,266,https://www.fenabrave.org.br/portal/files/2022_11_2.pdf
2022,11,2022-11,Comerciais leves,16,RAM,CLASSIC,207,https://www.fenabrave.org.br/portal/files/2022_11_2.pdf
2022,11,2022-11,Comerciais leves,17,PEUGEOT,PARTNER,184,https://www.fenabrave.org.br/portal/files/2022_11_2.pdf
2022,11,2022-11,Comerciais leves,18,RAM,1500,178,https://www.fenabrave.org.br/portal/files/2022_11_2.pdf
2022,11,2022-11,Comerciais leves,19,FIAT,SCUDO,175,https://www.fenabrave.org.br/portal/files/2022_11_2.pdf
2022,11,2022-11,Comerciais leves,20,CITROEN,JUMPY,167,https://www.fenabrave.org.br/portal/files/2022_11_2.pdf
2022,11,2022-11,Comerciais leves,21,PEUGEOT,EXPERT,155,https://www.fenabrave.org.br/portal/files/2022_11_2.pdf
2022,11,2022-11,Comerciais leves,22,IVECO,DAILY,139,https://www.fenabrave.org.br/portal/files/2022_11_2.pdf
2022,11,2022-11,Comerciais leves,23,VW/MAN,EXPRESS,112,https://www.fenabrave.org.br/portal/files/2022_11_2.pdf
2022,11,2022-11,Comerciais leves,24,M.BENZ,SPRINTER 315,110,https://www.fenabrave.org.br/portal/files/2022_11_2.pdf
2022,11,2022-11,Comerciais leves,25,EFFA,V21,75,https://www.fenabrave.org.br/portal/files/2022_11_2.pdf
2022,11,2022-11,Comerciais leves,26,FORD,MAVERICK,62,https://www.fenabrave.org.br/portal/files/2022_11_2.pdf
2022,11,2022-11,Comerciais leves,27,EFFA,V22,34,https://www.fenabrave.org.br/portal/files/2022_11_2.pdf
2022,11,2022-11,Comerciais leves,28,RAM,2500,31,https://www.fenabrave.org.br/portal/files/2022_11_2.pdf
2022,11,2022-11,Comerciais leves,29,M.BENZ,SPRINTER,13,https://www.fenabrave.org.br/portal/files/2022_11_2.pdf
2022,11,2022-11,Comerciais leves,30,M.BENZ,SPRINTER 314,11,https://www.fenabrave.org.br/portal/files/2022_11_2.pdf
2022,11,2022-11,Comerciais leves,31,IVECO,DAILY 30-130,10,https://www.fenabrave.org.br/portal/files/2022_11_2.pdf
2022,11,2022-11,Comerciais leves,32,JAC,IEV750,9,https://www.fenabrave.org.br/portal/files/2022_11_2.pdf
2022,11,2022-11,Comerciais leves,33,FIAT,DUCATO,8,https://www.fenabrave.org.br/portal/files/2022_11_2.pdf
2022,11,2022-11,Comerciais leves,34,JEEP,GLADIATOR,8,https://www.fenabrave.org.br/portal/files/2022_11_2.pdf
2022,11,2022-11,Comerciais leves,35,FORD,F150,4,https://www.fenabrave.org.br/portal/files/2022_11_2.pdf
2022,11,2022-11,Comerciais leves,36,M.BENZ,SPRINTER 416,4,https://www.fenabrave.org.br/portal/files/2022_11_2.pdf
2022,11,2022-11,Comerciais leves,37,JAC,V260,4,https://www.fenabrave.org.br/portal/files/2022_11_2.pdf
2022,11,2022-11,Comerciais leves,38,FOTON,AUMARK 1039,4,https://www.fenabrave.org.br/portal/files/2022_11_2.pdf
2022,11,2022-11,Comerciais leves,39,FOTON,AUMARK 3.5-14DT,4,https://www.fenabrave.org.br/portal/files/2022_11_2.pdf
2022,11,2022-11,Comerciais leves,40,CITROEN,JUMPER,3,https://www.fenabrave.org.br/portal/files/2022_11_2.pdf
2022,11,2022-11,Comerciais leves,41,HYUNDAI,HR,3,https://www.fenabrave.org.br/portal/files/2022_11_2.pdf
2022,11,2022-11,Comerciais leves,42,GM,SILVERADO,2,https://www.fenabrave.org.br/portal/files/2022_11_2.pdf
2022,11,2022-11,Comerciais leves,43,IVECO,DAILY 35-150,2,https://www.fenabrave.org.br/portal/files/2022_11_2.pdf
2022,11,2022-11,Comerciais leves,44,BYD,T3,2,https://www.fenabrave.org.br/portal/files/2022_11_2.pdf
2022,11,2022-11,Comerciais leves,45,FORD,F75,1,https://www.fenabrave.org.br/portal/files/2022_11_2.pdf
2022,11,2022-11,Comerciais leves,46,FORD,PAMPA,1,https://www.fenabrave.org.br/portal/files/2022_11_2.pdf
2022,11,2022-11,Comerciais leves,47,FORD,RANCHERO,1,https://www.fenabrave.org.br/portal/files/2022_11_2.pdf
2022,11,2022-11,Comerciais leves,48,GM,MONTANA,1,https://www.fenabrave.org.br/portal/files/2022_11_2.pdf
2022,11,2022-11,Comerciais leves,49,KIA,UK2500,1,https://www.fenabrave.org.br/portal/files/2022_11_2.pdf
2022,11,2022-11,Comerciais leves,50,M.BENZ,EQV 300,1,https://www.fenabrave.org.br/portal/files/2022_11_2.pdf
2022,12,2022-12,Automóveis,1,GM,ONIX,9511,https://www.fenabrave.org.br/portal/files/2022_12_2.pdf
2022,12,2022-12,Automóveis,2,VW,GOL,9166,https://www.fenabrave.org.br/portal/files/2022_12_2.pdf
2022,12,2022-12,Automóveis,3,GM,TRACKER,8283,https://www.fenabrave.org.br/portal/files/2022_12_2.pdf
2022,12,2022-12,Automóveis,4,GM,ONIX PLUS,8030,https://www.fenabrave.org.br/portal/files/2022_12_2.pdf
2022,12,2022-12,Automóveis,5,FIAT,MOBI,7258,https://www.fenabrave.org.br/portal/files/2022_12_2.pdf
2022,12,2022-12,Automóveis,6,HYUNDAI,HB20,6970,https://www.fenabrave.org.br/portal/files/2022_12_2.pdf
2022,12,2022-12,Automóveis,7,FIAT,ARGO,6737,https://www.fenabrave.org.br/portal/files/2022_12_2.pdf
2022,12,2022-12,Automóveis,8,HYUNDAI,CRETA,6572,https://www.fenabrave.org.br/portal/files/2022_12_2.pdf
2022,12,2022-12,Automóveis,9,VW,T CROSS,6182,https://www.fenabrave.org.br/portal/files/2022_12_2.pdf
2022,12,2022-12,Automóveis,10,JEEP,COMPASS,6092,https://www.fenabrave.org.br/portal/files/2022_12_2.pdf
2022,12,2022-12,Automóveis,11,JEEP,RENEGADE,5420,https://www.fenabrave.org.br/portal/files/2022_12_2.pdf
2022,12,2022-12,Automóveis,12,RENAULT,KWID,5083,https://www.fenabrave.org.br/portal/files/2022_12_2.pdf
2022,12,2022-12,Automóveis,13,VW,NIVUS,4756,https://www.fenabrave.org.br/portal/files/2022_12_2.pdf
2022,12,2022-12,Automóveis,14,FIAT,CRONOS,4598,https://www.fenabrave.org.br/portal/files/2022_12_2.pdf
2022,12,2022-12,Automóveis,15,TOYOTA,COROLLA,4330,https://www.fenabrave.org.br/portal/files/2022_12_2.pdf
2022,12,2022-12,Automóveis,16,FIAT,PULSE,4019,https://www.fenabrave.org.br/portal/files/2022_12_2.pdf
2022,12,2022-12,Automóveis,17,VW,VOYAGE,4002,https://www.fenabrave.org.br/portal/files/2022_12_2.pdf
2022,12,2022-12,Automóveis,18,TOYOTA,COROLLA CROSS,3894,https://www.fenabrave.org.br/portal/files/2022_12_2.pdf
2022,12,2022-12,Automóveis,19,NISSAN,KICKS,3667,https://www.fenabrave.org.br/portal/files/2022_12_2.pdf
2022,12,2022-12,Automóveis,20,FIAT,FASTBACK,3411,https://www.fenabrave.org.br/portal/files/2022_12_2.pdf
2022,12,2022-12,Automóveis,21,CITROEN,C3,3271,https://www.fenabrave.org.br/portal/files/2022_12_2.pdf
2022,12,2022-12,Automóveis,22,TOYOTA,YARIS HB,3221,https://www.fenabrave.org.br/portal/files/2022_12_2.pdf
2022,12,2022-12,Automóveis,23,HONDA,HR-V,3198,https://www.fenabrave.org.br/portal/files/2022_12_2.pdf
2022,12,2022-12,Automóveis,24,HYUNDAI,HB20S,2920,https://www.fenabrave.org.br/portal/files/2022_12_2.pdf
2022,12,2022-12,Automóveis,25,VW,POLO,2887,https://www.fenabrave.org.br/portal/files/2022_12_2.pdf
2022,12,2022-12,Automóveis,26,GM,SPIN,2432,https://www.fenabrave.org.br/portal/files/2022_12_2.pdf
2022,12,2022-12,Automóveis,27,JEEP,COMMANDER,2281,https://www.fenabrave.org.br/portal/files/2022_12_2.pdf
2022,12,2022-12,Automóveis,28,RENAULT,DUSTER,2268,https://www.fenabrave.org.br/portal/files/2022_12_2.pdf
2022,12,2022-12,Automóveis,29,TOYOTA,YARIS SEDAN,2004,https://www.fenabrave.org.br/portal/files/2022_12_2.pdf
2022,12,2022-12,Automóveis,30,PEUGEOT,208,1787,https://www.fenabrave.org.br/portal/files/2022_12_2.pdf
2022,12,2022-12,Automóveis,31,HONDA,CITY HATCH,1507,https://www.fenabrave.org.br/portal/files/2022_12_2.pdf
2022,12,2022-12,Automóveis,32,VW,TAOS,1495,https://www.fenabrave.org.br/portal/files/2022_12_2.pdf
2022,12,2022-12,Automóveis,33,TOYOTA,HILUX SW4,1380,https://www.fenabrave.org.br/portal/files/2022_12_2.pdf
2022,12,2022-12,Automóveis,34,RENAULT,SANDERO,1365,https://www.fenabrave.org.br/portal/files/2022_12_2.pdf
2022,12,2022-12,Automóveis,35,HONDA,CITY,1324,https://www.fenabrave.org.br/portal/files/2022_12_2.pdf
2022,12,2022-12,Automóveis,36,RENAULT,LOGAN,916,https://www.fenabrave.org.br/portal/files/2022_12_2.pdf
2022,12,2022-12,Automóveis,37,CAOA CHERY,TIGGO 7,880,https://www.fenabrave.org.br/portal/files/2022_12_2.pdf
2022,12,2022-12,Automóveis,38,VW,VIRTUS,796,https://www.fenabrave.org.br/portal/files/2022_12_2.pdf
2022,12,2022-12,Automóveis,39,CITROEN,C4 CACTUS,758,https://www.fenabrave.org.br/portal/files/2022_12_2.pdf
2022,12,2022-12,Automóveis,40,BMW,320I,745,https://www.fenabrave.org.br/portal/files/2022_12_2.pdf
2022,12,2022-12,Automóveis,41,CAOA CHERY,TIGGO 8,715,https://www.fenabrave.org.br/portal/files/2022_12_2.pdf
2022,12,2022-12,Automóveis,42,CAOA CHERY,TIGGO 5X,689,https://www.fenabrave.org.br/portal/files/2022_12_2.pdf
2022,12,2022-12,Automóveis,43,NISSAN,VERSA,482,https://www.fenabrave.org.br/portal/files/2022_12_2.pdf
2022,12,2022-12,Automóveis,44,GM,EQUINOX,356,https://www.fenabrave.org.br/portal/files/2022_12_2.pdf
2022,12,2022-12,Automóveis,45,MITSUBISHI,PAJERO,349,https://www.fenabrave.org.br/portal/files/2022_12_2.pdf
2022,12,2022-12,Automóveis,46,VOLVO,XC60,312,https://www.fenabrave.org.br/portal/files/2022_12_2.pdf
2022,12,2022-12,Automóveis,47,VOLVO,XC40,309,https://www.fenabrave.org.br/portal/files/2022_12_2.pdf
2022,12,2022-12,Automóveis,48,GM,TRAILBLAZER,296,https://www.fenabrave.org.br/portal/files/2022_12_2.pdf
2022,12,2022-12,Automóveis,49,MITSUBISHI,ECLIPSE CROSS,284,https://www.fenabrave.org.br/portal/files/2022_12_2.pdf
2022,12,2022-12,Automóveis,50,AUDI,Q3,269,https://www.fenabrave.org.br/portal/files/2022_12_2.pdf
2022,12,2022-12,Comerciais leves,1,FIAT,STRADA,9169,https://www.fenabrave.org.br/portal/files/2022_12_2.pdf
2022,12,2022-12,Comerciais leves,2,TOYOTA,HILUX,5783,https://www.fenabrave.org.br/portal/files/2022_12_2.pdf
2022,12,2022-12,Comerciais leves,3,FIAT,TORO,4296,https://www.fenabrave.org.br/portal/files/2022_12_2.pdf
2022,12,2022-12,Comerciais leves,4,GM,S10,3374,https://www.fenabrave.org.br/portal/files/2022_12_2.pdf
2022,12,2022-12,Comerciais leves,5,VW,SAVEIRO,3024,https://www.fenabrave.org.br/portal/files/2022_12_2.pdf
2022,12,2022-12,Comerciais leves,6,FIAT,FIORINO,2019,https://www.fenabrave.org.br/portal/files/2022_12_2.pdf
2022,12,2022-12,Comerciais leves,7,FORD,RANGER,1594,https://www.fenabrave.org.br/portal/files/2022_12_2.pdf
2022,12,2022-12,Comerciais leves,8,MITSUBISHI,L200,1589,https://www.fenabrave.org.br/portal/files/2022_12_2.pdf
2022,12,2022-12,Comerciais leves,9,RENAULT,OROCH,1192,https://www.fenabrave.org.br/portal/files/2022_12_2.pdf
2022,12,2022-12,Comerciais leves,10,NISSAN,FRONTIER,945,https://www.fenabrave.org.br/portal/files/2022_12_2.pdf
2022,12,2022-12,Comerciais leves,11,RENAULT,MASTER,894,https://www.fenabrave.org.br/portal/files/2022_12_2.pdf
2022,12,2022-12,Comerciais leves,12,VW,AMAROK,888,https://www.fenabrave.org.br/portal/files/2022_12_2.pdf
2022,12,2022-12,Comerciais leves,13,FORD,TRANSIT,555,https://www.fenabrave.org.br/portal/files/2022_12_2.pdf
2022,12,2022-12,Comerciais leves,14,RAM,3500,452,https://www.fenabrave.org.br/portal/files/2022_12_2.pdf
2022,12,2022-12,Comerciais leves,15,RAM,CLASSIC,304,https://www.fenabrave.org.br/portal/files/2022_12_2.pdf
2022,12,2022-12,Comerciais leves,16,FIAT,SCUDO,236,https://www.fenabrave.org.br/portal/files/2022_12_2.pdf
2022,12,2022-12,Comerciais leves,17,PEUGEOT,PARTNER,235,https://www.fenabrave.org.br/portal/files/2022_12_2.pdf
2022,12,2022-12,Comerciais leves,18,KIA,K2500,226,https://www.fenabrave.org.br/portal/files/2022_12_2.pdf
2022,12,2022-12,Comerciais leves,19,PEUGEOT,EXPERT,184,https://www.fenabrave.org.br/portal/files/2022_12_2.pdf
2022,12,2022-12,Comerciais leves,20,CITROEN,JUMPY,152,https://www.fenabrave.org.br/portal/files/2022_12_2.pdf
2022,12,2022-12,Comerciais leves,21,VW/MAN,EXPRESS,150,https://www.fenabrave.org.br/portal/files/2022_12_2.pdf
2022,12,2022-12,Comerciais leves,22,RAM,2500,138,https://www.fenabrave.org.br/portal/files/2022_12_2.pdf
2022,12,2022-12,Comerciais leves,23,FORD,MAVERICK,128,https://www.fenabrave.org.br/portal/files/2022_12_2.pdf
2022,12,2022-12,Comerciais leves,24,IVECO,DAILY,114,https://www.fenabrave.org.br/portal/files/2022_12_2.pdf
2022,12,2022-12,Comerciais leves,25,RAM,1500,112,https://www.fenabrave.org.br/portal/files/2022_12_2.pdf
2022,12,2022-12,Comerciais leves,26,M.BENZ,SPRINTER 315,64,https://www.fenabrave.org.br/portal/files/2022_12_2.pdf
2022,12,2022-12,Comerciais leves,27,EFFA,V21,59,https://www.fenabrave.org.br/portal/files/2022_12_2.pdf
2022,12,2022-12,Comerciais leves,28,EFFA,V22,21,https://www.fenabrave.org.br/portal/files/2022_12_2.pdf
2022,12,2022-12,Comerciais leves,29,FORD,F150,16,https://www.fenabrave.org.br/portal/files/2022_12_2.pdf
2022,12,2022-12,Comerciais leves,30,FIAT,DUCATO,11,https://www.fenabrave.org.br/portal/files/2022_12_2.pdf
2022,12,2022-12,Comerciais leves,31,IVECO,DAILY 30-130,10,https://www.fenabrave.org.br/portal/files/2022_12_2.pdf
2022,12,2022-12,Comerciais leves,32,M.BENZ,SPRINTER,8,https://www.fenabrave.org.br/portal/files/2022_12_2.pdf
2022,12,2022-12,Comerciais leves,33,EFFA,V25,7,https://www.fenabrave.org.br/portal/files/2022_12_2.pdf
2022,12,2022-12,Comerciais leves,34,JEEP,GLADIATOR,6,https://www.fenabrave.org.br/portal/files/2022_12_2.pdf
2022,12,2022-12,Comerciais leves,35,HYUNDAI,HR,4,https://www.fenabrave.org.br/portal/files/2022_12_2.pdf
2022,12,2022-12,Comerciais leves,36,M.BENZ,SPRINTER 314,4,https://www.fenabrave.org.br/portal/files/2022_12_2.pdf
2022,12,2022-12,Comerciais leves,37,M.BENZ,SPRINTER 416,4,https://www.fenabrave.org.br/portal/files/2022_12_2.pdf
2022,12,2022-12,Comerciais leves,38,JAC,V260,4,https://www.fenabrave.org.br/portal/files/2022_12_2.pdf
2022,12,2022-12,Comerciais leves,39,FOTON,AUMARK 3.5-14DT,4,https://www.fenabrave.org.br/portal/files/2022_12_2.pdf
2022,12,2022-12,Comerciais leves,40,CITROEN,JUMPER,3,https://www.fenabrave.org.br/portal/files/2022_12_2.pdf
2022,12,2022-12,Comerciais leves,41,IVECO,DAILY 35-150,3,https://www.fenabrave.org.br/portal/files/2022_12_2.pdf
2022,12,2022-12,Comerciais leves,42,JAC,IEV 330P,3,https://www.fenabrave.org.br/portal/files/2022_12_2.pdf
2022,12,2022-12,Comerciais leves,43,FOTON,AUMARK 1039,3,https://www.fenabrave.org.br/portal/files/2022_12_2.pdf
2022,12,2022-12,Comerciais leves,44,GM,SILVERADO,2,https://www.fenabrave.org.br/portal/files/2022_12_2.pdf
2022,12,2022-12,Comerciais leves,45,IVECO,DAILY 30S13,2,https://www.fenabrave.org.br/portal/files/2022_12_2.pdf
2022,12,2022-12,Comerciais leves,46,KIA,UK2500,2,https://www.fenabrave.org.br/portal/files/2022_12_2.pdf
2022,12,2022-12,Comerciais leves,47,FORD,F250,1,https://www.fenabrave.org.br/portal/files/2022_12_2.pdf
2022,12,2022-12,Comerciais leves,48,FORD,RANCHERO,1,https://www.fenabrave.org.br/portal/files/2022_12_2.pdf
2022,12,2022-12,Comerciais leves,49,GM,C10,1,https://www.fenabrave.org.br/portal/files/2022_12_2.pdf
2022,12,2022-12,Comerciais leves,50,GM,MONTANA,1,https://www.fenabrave.org.br/portal/files/2022_12_2.pdf
2023,1,2023-01,Automóveis,1,GM,ONIX,7162,https://www.fenabrave.org.br/portal/files/2023_01_2.pdf
2023,1,2023-01,Automóveis,2,GM,ONIX PLUS,6164,https://www.fenabrave.org.br/portal/files/2023_01_2.pdf
2023,1,2023-01,Automóveis,3,GM,TRACKER,5296,https://www.fenabrave.org.br/portal/files/2023_01_2.pdf
2023,1,2023-01,Automóveis,4,HYUNDAI,CRETA,4969,https://www.fenabrave.org.br/portal/files/2023_01_2.pdf
2023,1,2023-01,Automóveis,5,HYUNDAI,HB20,4840,https://www.fenabrave.org.br/portal/files/2023_01_2.pdf
2023,1,2023-01,Automóveis,6,VW,T CROSS,4454,https://www.fenabrave.org.br/portal/files/2023_01_2.pdf
2023,1,2023-01,Automóveis,7,FIAT,ARGO,4282,https://www.fenabrave.org.br/portal/files/2023_01_2.pdf
2023,1,2023-01,Automóveis,8,FIAT,MOBI,4208,https://www.fenabrave.org.br/portal/files/2023_01_2.pdf
2023,1,2023-01,Automóveis,9,JEEP,COMPASS,4139,https://www.fenabrave.org.br/portal/files/2023_01_2.pdf
2023,1,2023-01,Automóveis,10,VW,GOL,3387,https://www.fenabrave.org.br/portal/files/2023_01_2.pdf
2023,1,2023-01,Automóveis,11,RENAULT,KWID,3307,https://www.fenabrave.org.br/portal/files/2023_01_2.pdf
2023,1,2023-01,Automóveis,12,VW,NIVUS,3100,https://www.fenabrave.org.br/portal/files/2023_01_2.pdf
2023,1,2023-01,Automóveis,13,JEEP,RENEGADE,3049,https://www.fenabrave.org.br/portal/files/2023_01_2.pdf
2023,1,2023-01,Automóveis,14,FIAT,PULSE,3015,https://www.fenabrave.org.br/portal/files/2023_01_2.pdf
2023,1,2023-01,Automóveis,15,NISSAN,KICKS,2984,https://www.fenabrave.org.br/portal/files/2023_01_2.pdf
2023,1,2023-01,Automóveis,16,FIAT,FASTBACK,2707,https://www.fenabrave.org.br/portal/files/2023_01_2.pdf
2023,1,2023-01,Automóveis,17,TOYOTA,COROLLA CROSS,2604,https://www.fenabrave.org.br/portal/files/2023_01_2.pdf
2023,1,2023-01,Automóveis,18,FIAT,CRONOS,2481,https://www.fenabrave.org.br/portal/files/2023_01_2.pdf
2023,1,2023-01,Automóveis,19,TOYOTA,COROLLA,2238,https://www.fenabrave.org.br/portal/files/2023_01_2.pdf
2023,1,2023-01,Automóveis,20,VW,POLO,2115,https://www.fenabrave.org.br/portal/files/2023_01_2.pdf
2023,1,2023-01,Automóveis,21,TOYOTA,YARIS HB,2072,https://www.fenabrave.org.br/portal/files/2023_01_2.pdf
2023,1,2023-01,Automóveis,22,VW,VOYAGE,2004,https://www.fenabrave.org.br/portal/files/2023_01_2.pdf
2023,1,2023-01,Automóveis,23,HYUNDAI,HB20S,1684,https://www.fenabrave.org.br/portal/files/2023_01_2.pdf
2023,1,2023-01,Automóveis,24,RENAULT,DUSTER,1495,https://www.fenabrave.org.br/portal/files/2023_01_2.pdf
2023,1,2023-01,Automóveis,25,CITROEN,C3,1488,https://www.fenabrave.org.br/portal/files/2023_01_2.pdf
2023,1,2023-01,Automóveis,26,HONDA,CITY HATCH,1442,https://www.fenabrave.org.br/portal/files/2023_01_2.pdf
2023,1,2023-01,Automóveis,27,GM,SPIN,1415,https://www.fenabrave.org.br/portal/files/2023_01_2.pdf
2023,1,2023-01,Automóveis,28,JEEP,COMMANDER,1289,https://www.fenabrave.org.br/portal/files/2023_01_2.pdf
2023,1,2023-01,Automóveis,29,PEUGEOT,208,1201,https://www.fenabrave.org.br/portal/files/2023_01_2.pdf
2023,1,2023-01,Automóveis,30,VW,TAOS,1184,https://www.fenabrave.org.br/portal/files/2023_01_2.pdf
2023,1,2023-01,Automóveis,31,TOYOTA,YARIS SEDAN,1099,https://www.fenabrave.org.br/portal/files/2023_01_2.pdf
2023,1,2023-01,Automóveis,32,HONDA,CITY,1091,https://www.fenabrave.org.br/portal/files/2023_01_2.pdf
2023,1,2023-01,Automóveis,33,TOYOTA,HILUX SW4,937,https://www.fenabrave.org.br/portal/files/2023_01_2.pdf
2023,1,2023-01,Automóveis,34,HONDA,HR-V,698,https://www.fenabrave.org.br/portal/files/2023_01_2.pdf
2023,1,2023-01,Automóveis,35,CAOA CHERY,TIGGO 8,588,https://www.fenabrave.org.br/portal/files/2023_01_2.pdf
2023,1,2023-01,Automóveis,36,VOLVO,XC60,578,https://www.fenabrave.org.br/portal/files/2023_01_2.pdf
2023,1,2023-01,Automóveis,37,VW,VIRTUS,490,https://www.fenabrave.org.br/portal/files/2023_01_2.pdf
2023,1,2023-01,Automóveis,38,RENAULT,SANDERO,488,https://www.fenabrave.org.br/portal/files/2023_01_2.pdf
2023,1,2023-01,Automóveis,39,CAOA CHERY,TIGGO 7,372,https://www.fenabrave.org.br/portal/files/2023_01_2.pdf
2023,1,2023-01,Automóveis,40,GM,EQUINOX,316,https://www.fenabrave.org.br/portal/files/2023_01_2.pdf
2023,1,2023-01,Automóveis,41,NISSAN,VERSA,313,https://www.fenabrave.org.br/portal/files/2023_01_2.pdf
2023,1,2023-01,Automóveis,42,CAOA CHERY,TIGGO 5X,293,https://www.fenabrave.org.br/portal/files/2023_01_2.pdf
2023,1,2023-01,Automóveis,43,RENAULT,LOGAN,286,https://www.fenabrave.org.br/portal/files/2023_01_2.pdf
2023,1,2023-01,Automóveis,44,BMW,320I,254,https://www.fenabrave.org.br/portal/files/2023_01_2.pdf
2023,1,2023-01,Automóveis,45,CITROEN,C4 CACTUS,253,https://www.fenabrave.org.br/portal/files/2023_01_2.pdf
2023,1,2023-01,Automóveis,46,MITSUBISHI,ECLIPSE CROSS,215,https://www.fenabrave.org.br/portal/files/2023_01_2.pdf
2023,1,2023-01,Automóveis,47,PEUGEOT,2008,158,https://www.fenabrave.org.br/portal/files/2023_01_2.pdf
2023,1,2023-01,Automóveis,48,VOLVO,XC40,156,https://www.fenabrave.org.br/portal/files/2023_01_2.pdf
2023,1,2023-01,Automóveis,49,MITSUBISHI,PAJERO,138,https://www.fenabrave.org.br/portal/files/2023_01_2.pdf
2023,1,2023-01,Automóveis,50,BMW,X3,119,https://www.fenabrave.org.br/portal/files/2023_01_2.pdf
2023,1,2023-01,Comerciais leves,1,FIAT,STRADA,7000,https://www.fenabrave.org.br/portal/files/2023_01_2.pdf
2023,1,2023-01,Comerciais leves,2,TOYOTA,HILUX,3435,https://www.fenabrave.org.br/portal/files/2023_01_2.pdf
2023,1,2023-01,Comerciais leves,3,FIAT,TORO,3281,https://www.fenabrave.org.br/portal/files/2023_01_2.pdf
2023,1,2023-01,Comerciais leves,4,VW,SAVEIRO,2714,https://www.fenabrave.org.br/portal/files/2023_01_2.pdf
2023,1,2023-01,Comerciais leves,5,GM,S10,2039,https://www.fenabrave.org.br/portal/files/2023_01_2.pdf
2023,1,2023-01,Comerciais leves,6,FIAT,FIORINO,1303,https://www.fenabrave.org.br/portal/files/2023_01_2.pdf
2023,1,2023-01,Comerciais leves,7,FORD,RANGER,977,https://www.fenabrave.org.br/portal/files/2023_01_2.pdf
2023,1,2023-01,Comerciais leves,8,MITSUBISHI,L200,783,https://www.fenabrave.org.br/portal/files/2023_01_2.pdf
2023,1,2023-01,Comerciais leves,9,RENAULT,OROCH,716,https://www.fenabrave.org.br/portal/files/2023_01_2.pdf
2023,1,2023-01,Comerciais leves,10,RENAULT,MASTER,664,https://www.fenabrave.org.br/portal/files/2023_01_2.pdf
2023,1,2023-01,Comerciais leves,11,NISSAN,FRONTIER,661,https://www.fenabrave.org.br/portal/files/2023_01_2.pdf
2023,1,2023-01,Comerciais leves,12,VW,AMAROK,567,https://www.fenabrave.org.br/portal/files/2023_01_2.pdf
2023,1,2023-01,Comerciais leves,13,FIAT,SCUDO,277,https://www.fenabrave.org.br/portal/files/2023_01_2.pdf
2023,1,2023-01,Comerciais leves,14,RAM,3500,270,https://www.fenabrave.org.br/portal/files/2023_01_2.pdf
2023,1,2023-01,Comerciais leves,15,FORD,TRANSIT,260,https://www.fenabrave.org.br/portal/files/2023_01_2.pdf
2023,1,2023-01,Comerciais leves,16,KIA,K2500,214,https://www.fenabrave.org.br/portal/files/2023_01_2.pdf
2023,1,2023-01,Comerciais leves,17,CITROEN,JUMPY,173,https://www.fenabrave.org.br/portal/files/2023_01_2.pdf
2023,1,2023-01,Comerciais leves,18,RAM,CLASSIC,166,https://www.fenabrave.org.br/portal/files/2023_01_2.pdf
2023,1,2023-01,Comerciais leves,19,PEUGEOT,EXPERT,148,https://www.fenabrave.org.br/portal/files/2023_01_2.pdf
2023,1,2023-01,Comerciais leves,20,IVECO,DAILY,134,https://www.fenabrave.org.br/portal/files/2023_01_2.pdf
2023,1,2023-01,Comerciais leves,21,VW/MAN,EXPRESS,125,https://www.fenabrave.org.br/portal/files/2023_01_2.pdf
2023,1,2023-01,Comerciais leves,22,RAM,2500,107,https://www.fenabrave.org.br/portal/files/2023_01_2.pdf
2023,1,2023-01,Comerciais leves,23,PEUGEOT,PARTNER,102,https://www.fenabrave.org.br/portal/files/2023_01_2.pdf
2023,1,2023-01,Comerciais leves,24,GM,MONTANA,90,https://www.fenabrave.org.br/portal/files/2023_01_2.pdf
2023,1,2023-01,Comerciais leves,25,FORD,MAVERICK,79,https://www.fenabrave.org.br/portal/files/2023_01_2.pdf
2023,1,2023-01,Comerciais leves,26,M.BENZ,SPRINTER 315,64,https://www.fenabrave.org.br/portal/files/2023_01_2.pdf
2023,1,2023-01,Comerciais leves,27,EFFA,V21,62,https://www.fenabrave.org.br/portal/files/2023_01_2.pdf
2023,1,2023-01,Comerciais leves,28,RAM,1500,50,https://www.fenabrave.org.br/portal/files/2023_01_2.pdf
2023,1,2023-01,Comerciais leves,29,EFFA,V22,23,https://www.fenabrave.org.br/portal/files/2023_01_2.pdf
2023,1,2023-01,Comerciais leves,30,JEEP,GLADIATOR,16,https://www.fenabrave.org.br/portal/files/2023_01_2.pdf
2023,1,2023-01,Comerciais leves,31,M.BENZ,SPRINTER,12,https://www.fenabrave.org.br/portal/files/2023_01_2.pdf
2023,1,2023-01,Comerciais leves,32,FIAT,DUCATO,10,https://www.fenabrave.org.br/portal/files/2023_01_2.pdf
2023,1,2023-01,Comerciais leves,33,IVECO,DAILY 30-130,9,https://www.fenabrave.org.br/portal/files/2023_01_2.pdf
2023,1,2023-01,Comerciais leves,34,BYD,T3,7,https://www.fenabrave.org.br/portal/files/2023_01_2.pdf
2023,1,2023-01,Comerciais leves,35,FORD,F150,3,https://www.fenabrave.org.br/portal/files/2023_01_2.pdf
2023,1,2023-01,Comerciais leves,36,GMC,HUMMER EV EDITION 1,3,https://www.fenabrave.org.br/portal/files/2023_01_2.pdf
2023,1,2023-01,Comerciais leves,37,M.BENZ,SPRINTER 416,3,https://www.fenabrave.org.br/portal/files/2023_01_2.pdf
2023,1,2023-01,Comerciais leves,38,TOYOTA,BANDEIRANTE,3,https://www.fenabrave.org.br/portal/files/2023_01_2.pdf
2023,1,2023-01,Comerciais leves,39,EFFA,V25,3,https://www.fenabrave.org.br/portal/files/2023_01_2.pdf
2023,1,2023-01,Comerciais leves,40,JAC,EJV5.5,3,https://www.fenabrave.org.br/portal/files/2023_01_2.pdf
2023,1,2023-01,Comerciais leves,41,JAC,IEV 330P,3,https://www.fenabrave.org.br/portal/files/2023_01_2.pdf
2023,1,2023-01,Comerciais leves,42,JAC,IEV750,3,https://www.fenabrave.org.br/portal/files/2023_01_2.pdf
2023,1,2023-01,Comerciais leves,43,FOTON,AUMARK 1039,3,https://www.fenabrave.org.br/portal/files/2023_01_2.pdf
2023,1,2023-01,Comerciais leves,44,FOTON,AUMARK 3.5-14DT,3,https://www.fenabrave.org.br/portal/files/2023_01_2.pdf
2023,1,2023-01,Comerciais leves,45,GM,SILVERADO,2,https://www.fenabrave.org.br/portal/files/2023_01_2.pdf
2023,1,2023-01,Comerciais leves,46,GMC,SIERRA,2,https://www.fenabrave.org.br/portal/files/2023_01_2.pdf
2023,1,2023-01,Comerciais leves,47,HYUNDAI,HR,2,https://www.fenabrave.org.br/portal/files/2023_01_2.pdf
2023,1,2023-01,Comerciais leves,48,TOYOTA,TUNDRA,2,https://www.fenabrave.org.br/portal/files/2023_01_2.pdf
2023,1,2023-01,Comerciais leves,49,CITROEN,BERLINGO,1,https://www.fenabrave.org.br/portal/files/2023_01_2.pdf
2023,1,2023-01,Comerciais leves,50,FIAT,DOBLO,1,https://www.fenabrave.org.br/portal/files/2023_01_2.pdf
2023,2,2023-02,Automóveis,1,GM,ONIX,6084,https://www.fenabrave.org.br/portal/files/2023_02_2.pdf
2023,2,2023-02,Automóveis,2,GM,ONIX PLUS,5125,https://www.fenabrave.org.br/portal/files/2023_02_2.pdf
2023,2,2023-02,Automóveis,3,HYUNDAI,CRETA,4606,https://www.fenabrave.org.br/portal/files/2023_02_2.pdf
2023,2,2023-02,Automóveis,4,FIAT,ARGO,4536,https://www.fenabrave.org.br/portal/files/2023_02_2.pdf
2023,2,2023-02,Automóveis,5,JEEP,COMPASS,4430,https://www.fenabrave.org.br/portal/files/2023_02_2.pdf
2023,2,2023-02,Automóveis,6,VW,T CROSS,4294,https://www.fenabrave.org.br/portal/files/2023_02_2.pdf
2023,2,2023-02,Automóveis,7,FIAT,MOBI,4074,https://www.fenabrave.org.br/portal/files/2023_02_2.pdf
2023,2,2023-02,Automóveis,8,RENAULT,KWID,3827,https://www.fenabrave.org.br/portal/files/2023_02_2.pdf
2023,2,2023-02,Automóveis,9,GM,TRACKER,3769,https://www.fenabrave.org.br/portal/files/2023_02_2.pdf
2023,2,2023-02,Automóveis,10,VW,POLO,3762,https://www.fenabrave.org.br/portal/files/2023_02_2.pdf
2023,2,2023-02,Automóveis,11,NISSAN,KICKS,3495,https://www.fenabrave.org.br/portal/files/2023_02_2.pdf
2023,2,2023-02,Automóveis,12,TOYOTA,COROLLA CROSS,3335,https://www.fenabrave.org.br/portal/files/2023_02_2.pdf
2023,2,2023-02,Automóveis,13,JEEP,RENEGADE,3019,https://www.fenabrave.org.br/portal/files/2023_02_2.pdf
2023,2,2023-02,Automóveis,14,HYUNDAI,HB20,2992,https://www.fenabrave.org.br/portal/files/2023_02_2.pdf
2023,2,2023-02,Automóveis,15,TOYOTA,COROLLA,2847,https://www.fenabrave.org.br/portal/files/2023_02_2.pdf
2023,2,2023-02,Automóveis,16,VW,NIVUS,2774,https://www.fenabrave.org.br/portal/files/2023_02_2.pdf
2023,2,2023-02,Automóveis,17,FIAT,PULSE,2761,https://www.fenabrave.org.br/portal/files/2023_02_2.pdf
2023,2,2023-02,Automóveis,18,FIAT,FASTBACK,2393,https://www.fenabrave.org.br/portal/files/2023_02_2.pdf
2023,2,2023-02,Automóveis,19,RENAULT,DUSTER,2152,https://www.fenabrave.org.br/portal/files/2023_02_2.pdf
2023,2,2023-02,Automóveis,20,HONDA,HR-V,1709,https://www.fenabrave.org.br/portal/files/2023_02_2.pdf
2023,2,2023-02,Automóveis,21,FIAT,CRONOS,1653,https://www.fenabrave.org.br/portal/files/2023_02_2.pdf
2023,2,2023-02,Automóveis,22,JEEP,COMMANDER,1577,https://www.fenabrave.org.br/portal/files/2023_02_2.pdf
2023,2,2023-02,Automóveis,23,TOYOTA,YARIS HB,1576,https://www.fenabrave.org.br/portal/files/2023_02_2.pdf
2023,2,2023-02,Automóveis,24,CITROEN,C3,1313,https://www.fenabrave.org.br/portal/files/2023_02_2.pdf
2023,2,2023-02,Automóveis,25,GM,SPIN,1309,https://www.fenabrave.org.br/portal/files/2023_02_2.pdf
2023,2,2023-02,Automóveis,26,HONDA,CITY HATCH,1232,https://www.fenabrave.org.br/portal/files/2023_02_2.pdf
2023,2,2023-02,Automóveis,27,VW,GOL,1172,https://www.fenabrave.org.br/portal/files/2023_02_2.pdf
2023,2,2023-02,Automóveis,28,PEUGEOT,208,1163,https://www.fenabrave.org.br/portal/files/2023_02_2.pdf
2023,2,2023-02,Automóveis,29,HYUNDAI,HB20S,1098,https://www.fenabrave.org.br/portal/files/2023_02_2.pdf
2023,2,2023-02,Automóveis,30,HONDA,CITY,1084,https://www.fenabrave.org.br/portal/files/2023_02_2.pdf
2023,2,2023-02,Automóveis,31,VW,TAOS,995,https://www.fenabrave.org.br/portal/files/2023_02_2.pdf
2023,2,2023-02,Automóveis,32,TOYOTA,HILUX SW4,915,https://www.fenabrave.org.br/portal/files/2023_02_2.pdf
2023,2,2023-02,Automóveis,33,TOYOTA,YARIS SEDAN,773,https://www.fenabrave.org.br/portal/files/2023_02_2.pdf
2023,2,2023-02,Automóveis,34,VW,VIRTUS,614,https://www.fenabrave.org.br/portal/files/2023_02_2.pdf
2023,2,2023-02,Automóveis,35,CAOA CHERY,TIGGO 8,577,https://www.fenabrave.org.br/portal/files/2023_02_2.pdf
2023,2,2023-02,Automóveis,36,RENAULT,SANDERO,392,https://www.fenabrave.org.br/portal/files/2023_02_2.pdf
2023,2,2023-02,Automóveis,37,CAOA CHERY,TIGGO 7,375,https://www.fenabrave.org.br/portal/files/2023_02_2.pdf
2023,2,2023-02,Automóveis,38,NISSAN,VERSA,370,https://www.fenabrave.org.br/portal/files/2023_02_2.pdf
2023,2,2023-02,Automóveis,39,BMW,320I,330,https://www.fenabrave.org.br/portal/files/2023_02_2.pdf
2023,2,2023-02,Automóveis,40,CAOA CHERY,TIGGO 5X,293,https://www.fenabrave.org.br/portal/files/2023_02_2.pdf
2023,2,2023-02,Automóveis,41,CITROEN,C4 CACTUS,289,https://www.fenabrave.org.br/portal/files/2023_02_2.pdf
2023,2,2023-02,Automóveis,42,GM,EQUINOX,269,https://www.fenabrave.org.br/portal/files/2023_02_2.pdf
2023,2,2023-02,Automóveis,43,MITSUBISHI,ECLIPSE CROSS,234,https://www.fenabrave.org.br/portal/files/2023_02_2.pdf
2023,2,2023-02,Automóveis,44,VOLVO,XC60,198,https://www.fenabrave.org.br/portal/files/2023_02_2.pdf
2023,2,2023-02,Automóveis,45,VOLVO,XC40,180,https://www.fenabrave.org.br/portal/files/2023_02_2.pdf
2023,2,2023-02,Automóveis,46,HONDA,CIVIC,157,https://www.fenabrave.org.br/portal/files/2023_02_2.pdf
2023,2,2023-02,Automóveis,47,BYD,SONG PLUS,145,https://www.fenabrave.org.br/portal/files/2023_02_2.pdf
2023,2,2023-02,Automóveis,48,AUDI,Q5,124,https://www.fenabrave.org.br/portal/files/2023_02_2.pdf
2023,2,2023-02,Automóveis,49,MITSUBISHI,PAJERO,124,https://www.fenabrave.org.br/portal/files/2023_02_2.pdf
2023,2,2023-02,Automóveis,50,AUDI,Q3,119,https://www.fenabrave.org.br/portal/files/2023_02_2.pdf
2023,2,2023-02,Comerciais leves,1,FIAT,STRADA,6837,https://www.fenabrave.org.br/portal/files/2023_02_2.pdf
2023,2,2023-02,Comerciais leves,2,FIAT,TORO,3191,https://www.fenabrave.org.br/portal/files/2023_02_2.pdf
2023,2,2023-02,Comerciais leves,3,TOYOTA,HILUX,2814,https://www.fenabrave.org.br/portal/files/2023_02_2.pdf
2023,2,2023-02,Comerciais leves,4,VW,SAVEIRO,2092,https://www.fenabrave.org.br/portal/files/2023_02_2.pdf
2023,2,2023-02,Comerciais leves,5,GM,S10,1512,https://www.fenabrave.org.br/portal/files/2023_02_2.pdf
2023,2,2023-02,Comerciais leves,6,FORD,RANGER,1025,https://www.fenabrave.org.br/portal/files/2023_02_2.pdf
2023,2,2023-02,Comerciais leves,7,FIAT,FIORINO,911,https://www.fenabrave.org.br/portal/files/2023_02_2.pdf
2023,2,2023-02,Comerciais leves,8,MITSUBISHI,L200,787,https://www.fenabrave.org.br/portal/files/2023_02_2.pdf
2023,2,2023-02,Comerciais leves,9,RENAULT,OROCH,718,https://www.fenabrave.org.br/portal/files/2023_02_2.pdf
2023,2,2023-02,Comerciais leves,10,RENAULT,MASTER,482,https://www.fenabrave.org.br/portal/files/2023_02_2.pdf
2023,2,2023-02,Comerciais leves,11,VW,AMAROK,453,https://www.fenabrave.org.br/portal/files/2023_02_2.pdf
2023,2,2023-02,Comerciais leves,12,NISSAN,FRONTIER,429,https://www.fenabrave.org.br/portal/files/2023_02_2.pdf
2023,2,2023-02,Comerciais leves,13,GM,MONTANA,350,https://www.fenabrave.org.br/portal/files/2023_02_2.pdf
2023,2,2023-02,Comerciais leves,14,CITROEN,JUMPY,248,https://www.fenabrave.org.br/portal/files/2023_02_2.pdf
2023,2,2023-02,Comerciais leves,15,RAM,3500,239,https://www.fenabrave.org.br/portal/files/2023_02_2.pdf
2023,2,2023-02,Comerciais leves,16,FIAT,SCUDO,224,https://www.fenabrave.org.br/portal/files/2023_02_2.pdf
2023,2,2023-02,Comerciais leves,17,FORD,TRANSIT,222,https://www.fenabrave.org.br/portal/files/2023_02_2.pdf
2023,2,2023-02,Comerciais leves,18,KIA,K2500,208,https://www.fenabrave.org.br/portal/files/2023_02_2.pdf
2023,2,2023-02,Comerciais leves,19,RAM,CLASSIC,161,https://www.fenabrave.org.br/portal/files/2023_02_2.pdf
2023,2,2023-02,Comerciais leves,20,RAM,2500,146,https://www.fenabrave.org.br/portal/files/2023_02_2.pdf
2023,2,2023-02,Comerciais leves,21,FORD,MAVERICK,123,https://www.fenabrave.org.br/portal/files/2023_02_2.pdf
2023,2,2023-02,Comerciais leves,22,RAM,1500,122,https://www.fenabrave.org.br/portal/files/2023_02_2.pdf
2023,2,2023-02,Comerciais leves,23,PEUGEOT,EXPERT,114,https://www.fenabrave.org.br/portal/files/2023_02_2.pdf
2023,2,2023-02,Comerciais leves,24,IVECO,DAILY,112,https://www.fenabrave.org.br/portal/files/2023_02_2.pdf
2023,2,2023-02,Comerciais leves,25,VW/MAN,EXPRESS,112,https://www.fenabrave.org.br/portal/files/2023_02_2.pdf
2023,2,2023-02,Comerciais leves,26,M.BENZ,SPRINTER 315,85,https://www.fenabrave.org.br/portal/files/2023_02_2.pdf
2023,2,2023-02,Comerciais leves,27,PEUGEOT,PARTNER,65,https://www.fenabrave.org.br/portal/files/2023_02_2.pdf
2023,2,2023-02,Comerciais leves,28,EFFA,V21,56,https://www.fenabrave.org.br/portal/files/2023_02_2.pdf
2023,2,2023-02,Comerciais leves,29,IVECO,DAILY 30-130,18,https://www.fenabrave.org.br/portal/files/2023_02_2.pdf
2023,2,2023-02,Comerciais leves,30,EFFA,V22,16,https://www.fenabrave.org.br/portal/files/2023_02_2.pdf
2023,2,2023-02,Comerciais leves,31,PEUGEOT,BOXER,14,https://www.fenabrave.org.br/portal/files/2023_02_2.pdf
2023,2,2023-02,Comerciais leves,32,BYD,T3,11,https://www.fenabrave.org.br/portal/files/2023_02_2.pdf
2023,2,2023-02,Comerciais leves,33,CITROEN,JUMPER,8,https://www.fenabrave.org.br/portal/files/2023_02_2.pdf
2023,2,2023-02,Comerciais leves,34,FIAT,DUCATO,8,https://www.fenabrave.org.br/portal/files/2023_02_2.pdf
2023,2,2023-02,Comerciais leves,35,JEEP,GLADIATOR,6,https://www.fenabrave.org.br/portal/files/2023_02_2.pdf
2023,2,2023-02,Comerciais leves,36,M.BENZ,SPRINTER,5,https://www.fenabrave.org.br/portal/files/2023_02_2.pdf
2023,2,2023-02,Comerciais leves,37,M.BENZ,SPRINTER 416,4,https://www.fenabrave.org.br/portal/files/2023_02_2.pdf
2023,2,2023-02,Comerciais leves,38,EFFA,V25,3,https://www.fenabrave.org.br/portal/files/2023_02_2.pdf
2023,2,2023-02,Comerciais leves,39,FORD,F150,2,https://www.fenabrave.org.br/portal/files/2023_02_2.pdf
2023,2,2023-02,Comerciais leves,40,VW,KOMBI,2,https://www.fenabrave.org.br/portal/files/2023_02_2.pdf
2023,2,2023-02,Comerciais leves,41,FORD,F250,1,https://www.fenabrave.org.br/portal/files/2023_02_2.pdf
2023,2,2023-02,Comerciais leves,42,GM,C10,1,https://www.fenabrave.org.br/portal/files/2023_02_2.pdf
2023,2,2023-02,Comerciais leves,43,GM,D10,1,https://www.fenabrave.org.br/portal/files/2023_02_2.pdf
2023,2,2023-02,Comerciais leves,44,IVECO,DAILY 30S13,1,https://www.fenabrave.org.br/portal/files/2023_02_2.pdf
2023,2,2023-02,Comerciais leves,45,IVECO,DAILY 5516,1,https://www.fenabrave.org.br/portal/files/2023_02_2.pdf
2023,2,2023-02,Comerciais leves,46,M.BENZ,SPRINTER 314,1,https://www.fenabrave.org.br/portal/files/2023_02_2.pdf
2023,2,2023-02,Comerciais leves,47,TOYOTA,RIBEIRAUTO,1,https://www.fenabrave.org.br/portal/files/2023_02_2.pdf
2023,2,2023-02,Comerciais leves,48,TOYOTA,TUNDRA,1,https://www.fenabrave.org.br/portal/files/2023_02_2.pdf
2023,2,2023-02,Comerciais leves,49,JAC,IEV750,1,https://www.fenabrave.org.br/portal/files/2023_02_2.pdf
2023,2,2023-02,Comerciais leves,50,JAC,V260,1,https://www.fenabrave.org.br/portal/files/2023_02_2.pdf
2023,3,2023-03,Automóveis,1,HYUNDAI,HB20,8363,https://www.fenabrave.org.br/portal/files/2023_03_2.pdf
2023,3,2023-03,Automóveis,2,GM,ONIX,8283,https://www.fenabrave.org.br/portal/files/2023_03_2.pdf
2023,3,2023-03,Automóveis,3,VW,POLO,8197,https://www.fenabrave.org.br/portal/files/2023_03_2.pdf
2023,3,2023-03,Automóveis,4,GM,ONIX PLUS,7104,https://www.fenabrave.org.br/portal/files/2023_03_2.pdf
2023,3,2023-03,Automóveis,5,JEEP,COMPASS,6988,https://www.fenabrave.org.br/portal/files/2023_03_2.pdf
2023,3,2023-03,Automóveis,6,RENAULT,KWID,6704,https://www.fenabrave.org.br/portal/files/2023_03_2.pdf
2023,3,2023-03,Automóveis,7,FIAT,MOBI,6384,https://www.fenabrave.org.br/portal/files/2023_03_2.pdf
2023,3,2023-03,Automóveis,8,FIAT,ARGO,6171,https://www.fenabrave.org.br/portal/files/2023_03_2.pdf
2023,3,2023-03,Automóveis,9,HYUNDAI,CRETA,5851,https://www.fenabrave.org.br/portal/files/2023_03_2.pdf
2023,3,2023-03,Automóveis,10,GM,TRACKER,5431,https://www.fenabrave.org.br/portal/files/2023_03_2.pdf
2023,3,2023-03,Automóveis,11,VW,T CROSS,5420,https://www.fenabrave.org.br/portal/files/2023_03_2.pdf
2023,3,2023-03,Automóveis,12,NISSAN,KICKS,4844,https://www.fenabrave.org.br/portal/files/2023_03_2.pdf
2023,3,2023-03,Automóveis,13,JEEP,RENEGADE,4674,https://www.fenabrave.org.br/portal/files/2023_03_2.pdf
2023,3,2023-03,Automóveis,14,TOYOTA,COROLLA CROSS,4511,https://www.fenabrave.org.br/portal/files/2023_03_2.pdf
2023,3,2023-03,Automóveis,15,FIAT,PULSE,4276,https://www.fenabrave.org.br/portal/files/2023_03_2.pdf
2023,3,2023-03,Automóveis,16,HONDA,HR-V,4063,https://www.fenabrave.org.br/portal/files/2023_03_2.pdf
2023,3,2023-03,Automóveis,17,TOYOTA,COROLLA,3865,https://www.fenabrave.org.br/portal/files/2023_03_2.pdf
2023,3,2023-03,Automóveis,18,FIAT,FASTBACK,3605,https://www.fenabrave.org.br/portal/files/2023_03_2.pdf
2023,3,2023-03,Automóveis,19,FIAT,CRONOS,3442,https://www.fenabrave.org.br/portal/files/2023_03_2.pdf
2023,3,2023-03,Automóveis,20,VW,NIVUS,3210,https://www.fenabrave.org.br/portal/files/2023_03_2.pdf
2023,3,2023-03,Automóveis,21,JEEP,COMMANDER,2522,https://www.fenabrave.org.br/portal/files/2023_03_2.pdf
2023,3,2023-03,Automóveis,22,PEUGEOT,208,2101,https://www.fenabrave.org.br/portal/files/2023_03_2.pdf
2023,3,2023-03,Automóveis,23,CITROEN,C3,2035,https://www.fenabrave.org.br/portal/files/2023_03_2.pdf
2023,3,2023-03,Automóveis,24,RENAULT,DUSTER,2031,https://www.fenabrave.org.br/portal/files/2023_03_2.pdf
2023,3,2023-03,Automóveis,25,HYUNDAI,HB20S,2025,https://www.fenabrave.org.br/portal/files/2023_03_2.pdf
2023,3,2023-03,Automóveis,26,TOYOTA,YARIS HB,2016,https://www.fenabrave.org.br/portal/files/2023_03_2.pdf
2023,3,2023-03,Automóveis,27,GM,SPIN,1781,https://www.fenabrave.org.br/portal/files/2023_03_2.pdf
2023,3,2023-03,Automóveis,28,VW,VIRTUS,1562,https://www.fenabrave.org.br/portal/files/2023_03_2.pdf
2023,3,2023-03,Automóveis,29,TOYOTA,HILUX SW4,1412,https://www.fenabrave.org.br/portal/files/2023_03_2.pdf
2023,3,2023-03,Automóveis,30,HONDA,CITY HATCH,1340,https://www.fenabrave.org.br/portal/files/2023_03_2.pdf
2023,3,2023-03,Automóveis,31,HONDA,CITY,1249,https://www.fenabrave.org.br/portal/files/2023_03_2.pdf
2023,3,2023-03,Automóveis,32,TOYOTA,YARIS SEDAN,932,https://www.fenabrave.org.br/portal/files/2023_03_2.pdf
2023,3,2023-03,Automóveis,33,VW,TAOS,855,https://www.fenabrave.org.br/portal/files/2023_03_2.pdf
2023,3,2023-03,Automóveis,34,NISSAN,VERSA,741,https://www.fenabrave.org.br/portal/files/2023_03_2.pdf
2023,3,2023-03,Automóveis,35,VW,GOL,741,https://www.fenabrave.org.br/portal/files/2023_03_2.pdf
2023,3,2023-03,Automóveis,36,RENAULT,SANDERO,658,https://www.fenabrave.org.br/portal/files/2023_03_2.pdf
2023,3,2023-03,Automóveis,37,CAOA CHERY,TIGGO 8,653,https://www.fenabrave.org.br/portal/files/2023_03_2.pdf
2023,3,2023-03,Automóveis,38,CITROEN,C4 CACTUS,564,https://www.fenabrave.org.br/portal/files/2023_03_2.pdf
2023,3,2023-03,Automóveis,39,BMW,320I,551,https://www.fenabrave.org.br/portal/files/2023_03_2.pdf
2023,3,2023-03,Automóveis,40,VOLVO,XC60,504,https://www.fenabrave.org.br/portal/files/2023_03_2.pdf
2023,3,2023-03,Automóveis,41,CAOA CHERY,TIGGO 5X,479,https://www.fenabrave.org.br/portal/files/2023_03_2.pdf
2023,3,2023-03,Automóveis,42,CAOA CHERY,TIGGO 7,475,https://www.fenabrave.org.br/portal/files/2023_03_2.pdf
2023,3,2023-03,Automóveis,43,NISSAN,SENTRA,453,https://www.fenabrave.org.br/portal/files/2023_03_2.pdf
2023,3,2023-03,Automóveis,44,GM,EQUINOX,342,https://www.fenabrave.org.br/portal/files/2023_03_2.pdf
2023,3,2023-03,Automóveis,45,MITSUBISHI,ECLIPSE CROSS,258,https://www.fenabrave.org.br/portal/files/2023_03_2.pdf
2023,3,2023-03,Automóveis,46,BMW,X1,245,https://www.fenabrave.org.br/portal/files/2023_03_2.pdf
2023,3,2023-03,Automóveis,47,RENAULT,LOGAN,240,https://www.fenabrave.org.br/portal/files/2023_03_2.pdf
2023,3,2023-03,Automóveis,48,PORSCHE,MACAN,228,https://www.fenabrave.org.br/portal/files/2023_03_2.pdf
2023,3,2023-03,Automóveis,49,GM,TRAILBLAZER,210,https://www.fenabrave.org.br/portal/files/2023_03_2.pdf
2023,3,2023-03,Automóveis,50,BYD,SONG PLUS,205,https://www.fenabrave.org.br/portal/files/2023_03_2.pdf
2023,3,2023-03,Comerciais leves,1,FIAT,STRADA,9935,https://www.fenabrave.org.br/portal/files/2023_03_2.pdf
2023,3,2023-03,Comerciais leves,2,FIAT,TORO,5607,https://www.fenabrave.org.br/portal/files/2023_03_2.pdf
2023,3,2023-03,Comerciais leves,3,TOYOTA,HILUX,4362,https://www.fenabrave.org.br/portal/files/2023_03_2.pdf
2023,3,2023-03,Comerciais leves,4,GM,MONTANA,3988,https://www.fenabrave.org.br/portal/files/2023_03_2.pdf
2023,3,2023-03,Comerciais leves,5,GM,S10,2701,https://www.fenabrave.org.br/portal/files/2023_03_2.pdf
2023,3,2023-03,Comerciais leves,6,VW,SAVEIRO,2637,https://www.fenabrave.org.br/portal/files/2023_03_2.pdf
2023,3,2023-03,Comerciais leves,7,FORD,RANGER,1978,https://www.fenabrave.org.br/portal/files/2023_03_2.pdf
2023,3,2023-03,Comerciais leves,8,FIAT,FIORINO,1634,https://www.fenabrave.org.br/portal/files/2023_03_2.pdf
2023,3,2023-03,Comerciais leves,9,RENAULT,OROCH,1208,https://www.fenabrave.org.br/portal/files/2023_03_2.pdf
2023,3,2023-03,Comerciais leves,10,MITSUBISHI,L200,952,https://www.fenabrave.org.br/portal/files/2023_03_2.pdf
2023,3,2023-03,Comerciais leves,11,RENAULT,MASTER,789,https://www.fenabrave.org.br/portal/files/2023_03_2.pdf
2023,3,2023-03,Comerciais leves,12,VW,AMAROK,601,https://www.fenabrave.org.br/portal/files/2023_03_2.pdf
2023,3,2023-03,Comerciais leves,13,NISSAN,FRONTIER,571,https://www.fenabrave.org.br/portal/files/2023_03_2.pdf
2023,3,2023-03,Comerciais leves,14,RAM,3500,553,https://www.fenabrave.org.br/portal/files/2023_03_2.pdf
2023,3,2023-03,Comerciais leves,15,FIAT,SCUDO,378,https://www.fenabrave.org.br/portal/files/2023_03_2.pdf
2023,3,2023-03,Comerciais leves,16,FORD,TRANSIT,337,https://www.fenabrave.org.br/portal/files/2023_03_2.pdf
2023,3,2023-03,Comerciais leves,17,KIA,K2500,286,https://www.fenabrave.org.br/portal/files/2023_03_2.pdf
2023,3,2023-03,Comerciais leves,18,RAM,CLASSIC,251,https://www.fenabrave.org.br/portal/files/2023_03_2.pdf
2023,3,2023-03,Comerciais leves,19,CITROEN,JUMPY,231,https://www.fenabrave.org.br/portal/files/2023_03_2.pdf
2023,3,2023-03,Comerciais leves,20,VW/MAN,EXPRESS,224,https://www.fenabrave.org.br/portal/files/2023_03_2.pdf
2023,3,2023-03,Comerciais leves,21,RAM,2500,191,https://www.fenabrave.org.br/portal/files/2023_03_2.pdf
2023,3,2023-03,Comerciais leves,22,RAM,1500,176,https://www.fenabrave.org.br/portal/files/2023_03_2.pdf
2023,3,2023-03,Comerciais leves,23,M.BENZ,SPRINTER 315,157,https://www.fenabrave.org.br/portal/files/2023_03_2.pdf
2023,3,2023-03,Comerciais leves,24,PEUGEOT,EXPERT,154,https://www.fenabrave.org.br/portal/files/2023_03_2.pdf
2023,3,2023-03,Comerciais leves,25,IVECO,DAILY,125,https://www.fenabrave.org.br/portal/files/2023_03_2.pdf
2023,3,2023-03,Comerciais leves,26,PEUGEOT,PARTNER,85,https://www.fenabrave.org.br/portal/files/2023_03_2.pdf
2023,3,2023-03,Comerciais leves,27,FORD,MAVERICK,80,https://www.fenabrave.org.br/portal/files/2023_03_2.pdf
2023,3,2023-03,Comerciais leves,28,EFFA,V21,70,https://www.fenabrave.org.br/portal/files/2023_03_2.pdf
2023,3,2023-03,Comerciais leves,29,EFFA,V22,46,https://www.fenabrave.org.br/portal/files/2023_03_2.pdf
2023,3,2023-03,Comerciais leves,30,IVECO,DAILY 30-130,15,https://www.fenabrave.org.br/portal/files/2023_03_2.pdf
2023,3,2023-03,Comerciais leves,31,PEUGEOT,BOXER,11,https://www.fenabrave.org.br/portal/files/2023_03_2.pdf
2023,3,2023-03,Comerciais leves,32,JEEP,GLADIATOR,9,https://www.fenabrave.org.br/portal/files/2023_03_2.pdf
2023,3,2023-03,Comerciais leves,33,FORD,F150,7,https://www.fenabrave.org.br/portal/files/2023_03_2.pdf
2023,3,2023-03,Comerciais leves,34,EFFA,V25,7,https://www.fenabrave.org.br/portal/files/2023_03_2.pdf
2023,3,2023-03,Comerciais leves,35,CITROEN,JUMPER,5,https://www.fenabrave.org.br/portal/files/2023_03_2.pdf
2023,3,2023-03,Comerciais leves,36,M.BENZ,SPRINTER,4,https://www.fenabrave.org.br/portal/files/2023_03_2.pdf
2023,3,2023-03,Comerciais leves,37,M.BENZ,SPRINTER 517,4,https://www.fenabrave.org.br/portal/files/2023_03_2.pdf
2023,3,2023-03,Comerciais leves,38,BYD,T3,4,https://www.fenabrave.org.br/portal/files/2023_03_2.pdf
2023,3,2023-03,Comerciais leves,39,FIAT,DUCATO,3,https://www.fenabrave.org.br/portal/files/2023_03_2.pdf
2023,3,2023-03,Comerciais leves,40,IVECO,DAILY 35-150,3,https://www.fenabrave.org.br/portal/files/2023_03_2.pdf
2023,3,2023-03,Comerciais leves,41,M.BENZ,SPRINTER 416,3,https://www.fenabrave.org.br/portal/files/2023_03_2.pdf
2023,3,2023-03,Comerciais leves,42,VW,KOMBI,3,https://www.fenabrave.org.br/portal/files/2023_03_2.pdf
2023,3,2023-03,Comerciais leves,43,FOTON,AUMARK 3.5-14DT,3,https://www.fenabrave.org.br/portal/files/2023_03_2.pdf
2023,3,2023-03,Comerciais leves,44,AGRALE,AGRALE MARRUA,2,https://www.fenabrave.org.br/portal/files/2023_03_2.pdf
2023,3,2023-03,Comerciais leves,45,M.BENZ,SPRINTER 314,2,https://www.fenabrave.org.br/portal/files/2023_03_2.pdf
2023,3,2023-03,Comerciais leves,46,TOYOTA,BANDEIRANTE,2,https://www.fenabrave.org.br/portal/files/2023_03_2.pdf
2023,3,2023-03,Comerciais leves,47,FORD,F250,1,https://www.fenabrave.org.br/portal/files/2023_03_2.pdf
2023,3,2023-03,Comerciais leves,48,GM,C10,1,https://www.fenabrave.org.br/portal/files/2023_03_2.pdf
2023,3,2023-03,Comerciais leves,49,GM,SILVERADO,1,https://www.fenabrave.org.br/portal/files/2023_03_2.pdf
2023,3,2023-03,Comerciais leves,50,GMC,HUMMER EV EDITION 1,1,https://www.fenabrave.org.br/portal/files/2023_03_2.pdf
2023,4,2023-04,Automóveis,1,GM,ONIX,7376,https://www.fenabrave.org.br/portal/files/2023_04_2.pdf
2023,4,2023-04,Automóveis,2,HYUNDAI,HB20,7143,https://www.fenabrave.org.br/portal/files/2023_04_2.pdf
2023,4,2023-04,Automóveis,3,VW,POLO,6063,https://www.fenabrave.org.br/portal/files/2023_04_2.pdf
2023,4,2023-04,Automóveis,4,FIAT,ARGO,5475,https://www.fenabrave.org.br/portal/files/2023_04_2.pdf
2023,4,2023-04,Automóveis,5,GM,ONIX PLUS,5295,https://www.fenabrave.org.br/portal/files/2023_04_2.pdf
2023,4,2023-04,Automóveis,6,JEEP,COMPASS,4898,https://www.fenabrave.org.br/portal/files/2023_04_2.pdf
2023,4,2023-04,Automóveis,7,HONDA,HR-V,4688,https://www.fenabrave.org.br/portal/files/2023_04_2.pdf
2023,4,2023-04,Automóveis,8,FIAT,MOBI,4686,https://www.fenabrave.org.br/portal/files/2023_04_2.pdf
2023,4,2023-04,Automóveis,9,HYUNDAI,CRETA,4660,https://www.fenabrave.org.br/portal/files/2023_04_2.pdf
2023,4,2023-04,Automóveis,10,VW,T CROSS,4592,https://www.fenabrave.org.br/portal/files/2023_04_2.pdf
2023,4,2023-04,Automóveis,11,RENAULT,KWID,4152,https://www.fenabrave.org.br/portal/files/2023_04_2.pdf
2023,4,2023-04,Automóveis,12,GM,TRACKER,4078,https://www.fenabrave.org.br/portal/files/2023_04_2.pdf
2023,4,2023-04,Automóveis,13,TOYOTA,COROLLA CROSS,3946,https://www.fenabrave.org.br/portal/files/2023_04_2.pdf
2023,4,2023-04,Automóveis,14,VW,NIVUS,3702,https://www.fenabrave.org.br/portal/files/2023_04_2.pdf
2023,4,2023-04,Automóveis,15,FIAT,CRONOS,3701,https://www.fenabrave.org.br/portal/files/2023_04_2.pdf
2023,4,2023-04,Automóveis,16,FIAT,PULSE,3504,https://www.fenabrave.org.br/portal/files/2023_04_2.pdf
2023,4,2023-04,Automóveis,17,TOYOTA,COROLLA,3261,https://www.fenabrave.org.br/portal/files/2023_04_2.pdf
2023,4,2023-04,Automóveis,18,JEEP,RENEGADE,3219,https://www.fenabrave.org.br/portal/files/2023_04_2.pdf
2023,4,2023-04,Automóveis,19,NISSAN,KICKS,3055,https://www.fenabrave.org.br/portal/files/2023_04_2.pdf
2023,4,2023-04,Automóveis,20,FIAT,FASTBACK,2466,https://www.fenabrave.org.br/portal/files/2023_04_2.pdf
2023,4,2023-04,Automóveis,21,VW,VIRTUS,2091,https://www.fenabrave.org.br/portal/files/2023_04_2.pdf
2023,4,2023-04,Automóveis,22,CITROEN,C3,1965,https://www.fenabrave.org.br/portal/files/2023_04_2.pdf
2023,4,2023-04,Automóveis,23,HYUNDAI,HB20S,1916,https://www.fenabrave.org.br/portal/files/2023_04_2.pdf
2023,4,2023-04,Automóveis,24,PEUGEOT,208,1901,https://www.fenabrave.org.br/portal/files/2023_04_2.pdf
2023,4,2023-04,Automóveis,25,JEEP,COMMANDER,1835,https://www.fenabrave.org.br/portal/files/2023_04_2.pdf
2023,4,2023-04,Automóveis,26,TOYOTA,YARIS HB,1818,https://www.fenabrave.org.br/portal/files/2023_04_2.pdf
2023,4,2023-04,Automóveis,27,RENAULT,DUSTER,1377,https://www.fenabrave.org.br/portal/files/2023_04_2.pdf
2023,4,2023-04,Automóveis,28,TOYOTA,HILUX SW4,1113,https://www.fenabrave.org.br/portal/files/2023_04_2.pdf
2023,4,2023-04,Automóveis,29,GM,SPIN,1084,https://www.fenabrave.org.br/portal/files/2023_04_2.pdf
2023,4,2023-04,Automóveis,30,HONDA,CITY,964,https://www.fenabrave.org.br/portal/files/2023_04_2.pdf
2023,4,2023-04,Automóveis,31,TOYOTA,YARIS SEDAN,891,https://www.fenabrave.org.br/portal/files/2023_04_2.pdf
2023,4,2023-04,Automóveis,32,HONDA,CITY HATCH,867,https://www.fenabrave.org.br/portal/files/2023_04_2.pdf
2023,4,2023-04,Automóveis,33,VW,TAOS,792,https://www.fenabrave.org.br/portal/files/2023_04_2.pdf
2023,4,2023-04,Automóveis,34,NISSAN,VERSA,632,https://www.fenabrave.org.br/portal/files/2023_04_2.pdf
2023,4,2023-04,Automóveis,35,CAOA CHERY,TIGGO 8,544,https://www.fenabrave.org.br/portal/files/2023_04_2.pdf
2023,4,2023-04,Automóveis,36,CAOA CHERY,TIGGO 5X,516,https://www.fenabrave.org.br/portal/files/2023_04_2.pdf
2023,4,2023-04,Automóveis,37,NISSAN,SENTRA,450,https://www.fenabrave.org.br/portal/files/2023_04_2.pdf
2023,4,2023-04,Automóveis,38,RENAULT,SANDERO,419,https://www.fenabrave.org.br/portal/files/2023_04_2.pdf
2023,4,2023-04,Automóveis,39,CAOA CHERY,TIGGO 7,418,https://www.fenabrave.org.br/portal/files/2023_04_2.pdf
2023,4,2023-04,Automóveis,40,BMW,X1,367,https://www.fenabrave.org.br/portal/files/2023_04_2.pdf
2023,4,2023-04,Automóveis,41,CITROEN,C4 CACTUS,344,https://www.fenabrave.org.br/portal/files/2023_04_2.pdf
2023,4,2023-04,Automóveis,42,BMW,320I,336,https://www.fenabrave.org.br/portal/files/2023_04_2.pdf
2023,4,2023-04,Automóveis,43,VW,GOL,318,https://www.fenabrave.org.br/portal/files/2023_04_2.pdf
2023,4,2023-04,Automóveis,44,GM,EQUINOX,292,https://www.fenabrave.org.br/portal/files/2023_04_2.pdf
2023,4,2023-04,Automóveis,45,GM,TRAILBLAZER,231,https://www.fenabrave.org.br/portal/files/2023_04_2.pdf
2023,4,2023-04,Automóveis,46,MITSUBISHI,ECLIPSE CROSS,206,https://www.fenabrave.org.br/portal/files/2023_04_2.pdf
2023,4,2023-04,Automóveis,47,AUDI,Q5,185,https://www.fenabrave.org.br/portal/files/2023_04_2.pdf
2023,4,2023-04,Automóveis,48,VOLVO,XC60,157,https://www.fenabrave.org.br/portal/files/2023_04_2.pdf
2023,4,2023-04,Automóveis,49,PORSCHE,MACAN,149,https://www.fenabrave.org.br/portal/files/2023_04_2.pdf
2023,4,2023-04,Automóveis,50,PORSCHE,CAYENNE,145,https://www.fenabrave.org.br/portal/files/2023_04_2.pdf
2023,4,2023-04,Comerciais leves,1,FIAT,STRADA,8051,https://www.fenabrave.org.br/portal/files/2023_04_2.pdf
2023,4,2023-04,Comerciais leves,2,FIAT,TORO,3812,https://www.fenabrave.org.br/portal/files/2023_04_2.pdf
2023,4,2023-04,Comerciais leves,3,TOYOTA,HILUX,3199,https://www.fenabrave.org.br/portal/files/2023_04_2.pdf
2023,4,2023-04,Comerciais leves,4,VW,SAVEIRO,3152,https://www.fenabrave.org.br/portal/files/2023_04_2.pdf
2023,4,2023-04,Comerciais leves,5,GM,MONTANA,3087,https://www.fenabrave.org.br/portal/files/2023_04_2.pdf
2023,4,2023-04,Comerciais leves,6,GM,S10,2752,https://www.fenabrave.org.br/portal/files/2023_04_2.pdf
2023,4,2023-04,Comerciais leves,7,FIAT,FIORINO,1374,https://www.fenabrave.org.br/portal/files/2023_04_2.pdf
2023,4,2023-04,Comerciais leves,8,FORD,RANGER,1361,https://www.fenabrave.org.br/portal/files/2023_04_2.pdf
2023,4,2023-04,Comerciais leves,9,RENAULT,OROCH,1158,https://www.fenabrave.org.br/portal/files/2023_04_2.pdf
2023,4,2023-04,Comerciais leves,10,RENAULT,MASTER,887,https://www.fenabrave.org.br/portal/files/2023_04_2.pdf
2023,4,2023-04,Comerciais leves,11,MITSUBISHI,L200,810,https://www.fenabrave.org.br/portal/files/2023_04_2.pdf
2023,4,2023-04,Comerciais leves,12,VW,AMAROK,716,https://www.fenabrave.org.br/portal/files/2023_04_2.pdf
2023,4,2023-04,Comerciais leves,13,RAM,3500,550,https://www.fenabrave.org.br/portal/files/2023_04_2.pdf
2023,4,2023-04,Comerciais leves,14,NISSAN,FRONTIER,452,https://www.fenabrave.org.br/portal/files/2023_04_2.pdf
2023,4,2023-04,Comerciais leves,15,FIAT,SCUDO,307,https://www.fenabrave.org.br/portal/files/2023_04_2.pdf
2023,4,2023-04,Comerciais leves,16,FORD,TRANSIT,286,https://www.fenabrave.org.br/portal/files/2023_04_2.pdf
2023,4,2023-04,Comerciais leves,17,KIA,K2500,194,https://www.fenabrave.org.br/portal/files/2023_04_2.pdf
2023,4,2023-04,Comerciais leves,18,FORD,MAVERICK,169,https://www.fenabrave.org.br/portal/files/2023_04_2.pdf
2023,4,2023-04,Comerciais leves,19,CITROEN,JUMPY,168,https://www.fenabrave.org.br/portal/files/2023_04_2.pdf
2023,4,2023-04,Comerciais leves,20,VW/MAN,EXPRESS,159,https://www.fenabrave.org.br/portal/files/2023_04_2.pdf
2023,4,2023-04,Comerciais leves,21,M.BENZ,SPRINTER 315,134,https://www.fenabrave.org.br/portal/files/2023_04_2.pdf
2023,4,2023-04,Comerciais leves,22,RAM,CLASSIC,129,https://www.fenabrave.org.br/portal/files/2023_04_2.pdf
2023,4,2023-04,Comerciais leves,23,IVECO,DAILY,117,https://www.fenabrave.org.br/portal/files/2023_04_2.pdf
2023,4,2023-04,Comerciais leves,24,RAM,2500,82,https://www.fenabrave.org.br/portal/files/2023_04_2.pdf
2023,4,2023-04,Comerciais leves,25,RAM,1500,81,https://www.fenabrave.org.br/portal/files/2023_04_2.pdf
2023,4,2023-04,Comerciais leves,26,PEUGEOT,EXPERT,76,https://www.fenabrave.org.br/portal/files/2023_04_2.pdf
2023,4,2023-04,Comerciais leves,27,PEUGEOT,PARTNER,71,https://www.fenabrave.org.br/portal/files/2023_04_2.pdf
2023,4,2023-04,Comerciais leves,28,EFFA,V21,59,https://www.fenabrave.org.br/portal/files/2023_04_2.pdf
2023,4,2023-04,Comerciais leves,29,FIAT,DUCATO,28,https://www.fenabrave.org.br/portal/files/2023_04_2.pdf
2023,4,2023-04,Comerciais leves,30,EFFA,V22,28,https://www.fenabrave.org.br/portal/files/2023_04_2.pdf
2023,4,2023-04,Comerciais leves,31,KIA,UK2500,25,https://www.fenabrave.org.br/portal/files/2023_04_2.pdf
2023,4,2023-04,Comerciais leves,32,JEEP,GLADIATOR,16,https://www.fenabrave.org.br/portal/files/2023_04_2.pdf
2023,4,2023-04,Comerciais leves,33,FORD,F150,15,https://www.fenabrave.org.br/portal/files/2023_04_2.pdf
2023,4,2023-04,Comerciais leves,34,IVECO,DAILY 30-130,15,https://www.fenabrave.org.br/portal/files/2023_04_2.pdf
2023,4,2023-04,Comerciais leves,35,PEUGEOT,BOXER,12,https://www.fenabrave.org.br/portal/files/2023_04_2.pdf
2023,4,2023-04,Comerciais leves,36,M.BENZ,SPRINTER,11,https://www.fenabrave.org.br/portal/files/2023_04_2.pdf
2023,4,2023-04,Comerciais leves,37,BYD,T3,8,https://www.fenabrave.org.br/portal/files/2023_04_2.pdf
2023,4,2023-04,Comerciais leves,38,CITROEN,JUMPER,5,https://www.fenabrave.org.br/portal/files/2023_04_2.pdf
2023,4,2023-04,Comerciais leves,39,M.BENZ,SPRINTER 416,4,https://www.fenabrave.org.br/portal/files/2023_04_2.pdf
2023,4,2023-04,Comerciais leves,40,VW,KOMBI,4,https://www.fenabrave.org.br/portal/files/2023_04_2.pdf
2023,4,2023-04,Comerciais leves,41,EFFA,V25,4,https://www.fenabrave.org.br/portal/files/2023_04_2.pdf
2023,4,2023-04,Comerciais leves,42,JAC,EJV5.5,3,https://www.fenabrave.org.br/portal/files/2023_04_2.pdf
2023,4,2023-04,Comerciais leves,43,GMC,HUMMER EV EDITION 1,2,https://www.fenabrave.org.br/portal/files/2023_04_2.pdf
2023,4,2023-04,Comerciais leves,44,HYUNDAI,HR,2,https://www.fenabrave.org.br/portal/files/2023_04_2.pdf
2023,4,2023-04,Comerciais leves,45,IVECO,DAILY 35-150,2,https://www.fenabrave.org.br/portal/files/2023_04_2.pdf
2023,4,2023-04,Comerciais leves,46,IVECO,DAILY 5516,2,https://www.fenabrave.org.br/portal/files/2023_04_2.pdf
2023,4,2023-04,Comerciais leves,47,M.BENZ,SPRINTER 417,2,https://www.fenabrave.org.br/portal/files/2023_04_2.pdf
2023,4,2023-04,Comerciais leves,48,M.BENZ,SPRINTER 517,2,https://www.fenabrave.org.br/portal/files/2023_04_2.pdf
2023,4,2023-04,Comerciais leves,49,JAC,IEV750,2,https://www.fenabrave.org.br/portal/files/2023_04_2.pdf
2023,4,2023-04,Comerciais leves,50,GM,C10,1,https://www.fenabrave.org.br/portal/files/2023_04_2.pdf
2023,5,2023-05,Automóveis,1,VW,POLO,7636,https://www.fenabrave.org.br/portal/files/2023_05_2.pdf
2023,5,2023-05,Automóveis,2,GM,ONIX,6947,https://www.fenabrave.org.br/portal/files/2023_05_2.pdf
2023,5,2023-05,Automóveis,3,VW,T CROSS,6012,https://www.fenabrave.org.br/portal/files/2023_05_2.pdf
2023,5,2023-05,Automóveis,4,GM,ONIX PLUS,5624,https://www.fenabrave.org.br/portal/files/2023_05_2.pdf
2023,5,2023-05,Automóveis,5,JEEP,COMPASS,5560,https://www.fenabrave.org.br/portal/files/2023_05_2.pdf
2023,5,2023-05,Automóveis,6,GM,TRACKER,5436,https://www.fenabrave.org.br/portal/files/2023_05_2.pdf
2023,5,2023-05,Automóveis,7,HYUNDAI,CRETA,5268,https://www.fenabrave.org.br/portal/files/2023_05_2.pdf
2023,5,2023-05,Automóveis,8,FIAT,ARGO,4710,https://www.fenabrave.org.br/portal/files/2023_05_2.pdf
2023,5,2023-05,Automóveis,9,HONDA,HR-V,4578,https://www.fenabrave.org.br/portal/files/2023_05_2.pdf
2023,5,2023-05,Automóveis,10,VW,NIVUS,4340,https://www.fenabrave.org.br/portal/files/2023_05_2.pdf
2023,5,2023-05,Automóveis,11,JEEP,RENEGADE,4279,https://www.fenabrave.org.br/portal/files/2023_05_2.pdf
2023,5,2023-05,Automóveis,12,HYUNDAI,HB20,4245,https://www.fenabrave.org.br/portal/files/2023_05_2.pdf
2023,5,2023-05,Automóveis,13,NISSAN,KICKS,4212,https://www.fenabrave.org.br/portal/files/2023_05_2.pdf
2023,5,2023-05,Automóveis,14,FIAT,MOBI,4196,https://www.fenabrave.org.br/portal/files/2023_05_2.pdf
2023,5,2023-05,Automóveis,15,TOYOTA,COROLLA,3891,https://www.fenabrave.org.br/portal/files/2023_05_2.pdf
2023,5,2023-05,Automóveis,16,TOYOTA,COROLLA CROSS,3731,https://www.fenabrave.org.br/portal/files/2023_05_2.pdf
2023,5,2023-05,Automóveis,17,FIAT,PULSE,3490,https://www.fenabrave.org.br/portal/files/2023_05_2.pdf
2023,5,2023-05,Automóveis,18,FIAT,CRONOS,2950,https://www.fenabrave.org.br/portal/files/2023_05_2.pdf
2023,5,2023-05,Automóveis,19,FIAT,FASTBACK,2943,https://www.fenabrave.org.br/portal/files/2023_05_2.pdf
2023,5,2023-05,Automóveis,20,VW,VIRTUS,2744,https://www.fenabrave.org.br/portal/files/2023_05_2.pdf
2023,5,2023-05,Automóveis,21,RENAULT,KWID,2725,https://www.fenabrave.org.br/portal/files/2023_05_2.pdf
2023,5,2023-05,Automóveis,22,PEUGEOT,208,2463,https://www.fenabrave.org.br/portal/files/2023_05_2.pdf
2023,5,2023-05,Automóveis,23,TOYOTA,YARIS HB,2458,https://www.fenabrave.org.br/portal/files/2023_05_2.pdf
2023,5,2023-05,Automóveis,24,RENAULT,DUSTER,2231,https://www.fenabrave.org.br/portal/files/2023_05_2.pdf
2023,5,2023-05,Automóveis,25,JEEP,COMMANDER,1955,https://www.fenabrave.org.br/portal/files/2023_05_2.pdf
2023,5,2023-05,Automóveis,26,CITROEN,C3,1607,https://www.fenabrave.org.br/portal/files/2023_05_2.pdf
2023,5,2023-05,Automóveis,27,VW,TAOS,1535,https://www.fenabrave.org.br/portal/files/2023_05_2.pdf
2023,5,2023-05,Automóveis,28,GM,SPIN,1492,https://www.fenabrave.org.br/portal/files/2023_05_2.pdf
2023,5,2023-05,Automóveis,29,HYUNDAI,HB20S,1384,https://www.fenabrave.org.br/portal/files/2023_05_2.pdf
2023,5,2023-05,Automóveis,30,TOYOTA,HILUX SW4,1238,https://www.fenabrave.org.br/portal/files/2023_05_2.pdf
2023,5,2023-05,Automóveis,31,HONDA,CITY,1151,https://www.fenabrave.org.br/portal/files/2023_05_2.pdf
2023,5,2023-05,Automóveis,32,TOYOTA,YARIS SEDAN,1068,https://www.fenabrave.org.br/portal/files/2023_05_2.pdf
2023,5,2023-05,Automóveis,33,HONDA,CITY HATCH,968,https://www.fenabrave.org.br/portal/files/2023_05_2.pdf
2023,5,2023-05,Automóveis,34,GWM,HAVAL H6,960,https://www.fenabrave.org.br/portal/files/2023_05_2.pdf
2023,5,2023-05,Automóveis,35,CAOA CHERY,TIGGO 8,675,https://www.fenabrave.org.br/portal/files/2023_05_2.pdf
2023,5,2023-05,Automóveis,36,NISSAN,VERSA,674,https://www.fenabrave.org.br/portal/files/2023_05_2.pdf
2023,5,2023-05,Automóveis,37,CAOA CHERY,TIGGO 5X,644,https://www.fenabrave.org.br/portal/files/2023_05_2.pdf
2023,5,2023-05,Automóveis,38,NISSAN,SENTRA,636,https://www.fenabrave.org.br/portal/files/2023_05_2.pdf
2023,5,2023-05,Automóveis,39,RENAULT,SANDERO,598,https://www.fenabrave.org.br/portal/files/2023_05_2.pdf
2023,5,2023-05,Automóveis,40,CAOA CHERY,TIGGO 7,582,https://www.fenabrave.org.br/portal/files/2023_05_2.pdf
2023,5,2023-05,Automóveis,41,BMW,X1,509,https://www.fenabrave.org.br/portal/files/2023_05_2.pdf
2023,5,2023-05,Automóveis,42,BMW,320I,420,https://www.fenabrave.org.br/portal/files/2023_05_2.pdf
2023,5,2023-05,Automóveis,43,VOLVO,XC60,380,https://www.fenabrave.org.br/portal/files/2023_05_2.pdf
2023,5,2023-05,Automóveis,44,GM,EQUINOX,349,https://www.fenabrave.org.br/portal/files/2023_05_2.pdf
2023,5,2023-05,Automóveis,45,BYD,SONG PLUS,322,https://www.fenabrave.org.br/portal/files/2023_05_2.pdf
2023,5,2023-05,Automóveis,46,PORSCHE,CAYENNE,253,https://www.fenabrave.org.br/portal/files/2023_05_2.pdf
2023,5,2023-05,Automóveis,47,CITROEN,C4 CACTUS,238,https://www.fenabrave.org.br/portal/files/2023_05_2.pdf
2023,5,2023-05,Automóveis,48,VW,GOL,225,https://www.fenabrave.org.br/portal/files/2023_05_2.pdf
2023,5,2023-05,Automóveis,49,MITSUBISHI,ECLIPSE CROSS,211,https://www.fenabrave.org.br/portal/files/2023_05_2.pdf
2023,5,2023-05,Automóveis,50,GM,TRAILBLAZER,200,https://www.fenabrave.org.br/portal/files/2023_05_2.pdf
2023,5,2023-05,Comerciais leves,1,FIAT,STRADA,9716,https://www.fenabrave.org.br/portal/files/2023_05_2.pdf
2023,5,2023-05,Comerciais leves,2,FIAT,TORO,4986,https://www.fenabrave.org.br/portal/files/2023_05_2.pdf
2023,5,2023-05,Comerciais leves,3,TOYOTA,HILUX,3986,https://www.fenabrave.org.br/portal/files/2023_05_2.pdf
2023,5,2023-05,Comerciais leves,4,VW,SAVEIRO,3873,https://www.fenabrave.org.br/portal/files/2023_05_2.pdf
2023,5,2023-05,Comerciais leves,5,GM,MONTANA,3593,https://www.fenabrave.org.br/portal/files/2023_05_2.pdf
2023,5,2023-05,Comerciais leves,6,GM,S10,2376,https://www.fenabrave.org.br/portal/files/2023_05_2.pdf
2023,5,2023-05,Comerciais leves,7,FORD,RANGER,1561,https://www.fenabrave.org.br/portal/files/2023_05_2.pdf
2023,5,2023-05,Comerciais leves,8,RENAULT,OROCH,1135,https://www.fenabrave.org.br/portal/files/2023_05_2.pdf
2023,5,2023-05,Comerciais leves,9,RENAULT,MASTER,1072,https://www.fenabrave.org.br/portal/files/2023_05_2.pdf
2023,5,2023-05,Comerciais leves,10,FIAT,FIORINO,1071,https://www.fenabrave.org.br/portal/files/2023_05_2.pdf
2023,5,2023-05,Comerciais leves,11,MITSUBISHI,L200,937,https://www.fenabrave.org.br/portal/files/2023_05_2.pdf
2023,5,2023-05,Comerciais leves,12,VW,AMAROK,812,https://www.fenabrave.org.br/portal/files/2023_05_2.pdf
2023,5,2023-05,Comerciais leves,13,NISSAN,FRONTIER,810,https://www.fenabrave.org.br/portal/files/2023_05_2.pdf
2023,5,2023-05,Comerciais leves,14,RAM,3500,379,https://www.fenabrave.org.br/portal/files/2023_05_2.pdf
2023,5,2023-05,Comerciais leves,15,FIAT,SCUDO,280,https://www.fenabrave.org.br/portal/files/2023_05_2.pdf
2023,5,2023-05,Comerciais leves,16,FORD,TRANSIT,256,https://www.fenabrave.org.br/portal/files/2023_05_2.pdf
2023,5,2023-05,Comerciais leves,17,RAM,CLASSIC,227,https://www.fenabrave.org.br/portal/files/2023_05_2.pdf
2023,5,2023-05,Comerciais leves,18,IVECO,DAILY,223,https://www.fenabrave.org.br/portal/files/2023_05_2.pdf
2023,5,2023-05,Comerciais leves,19,FORD,F150,190,https://www.fenabrave.org.br/portal/files/2023_05_2.pdf
2023,5,2023-05,Comerciais leves,20,KIA,K2500,189,https://www.fenabrave.org.br/portal/files/2023_05_2.pdf
2023,5,2023-05,Comerciais leves,21,VW/MAN,EXPRESS,158,https://www.fenabrave.org.br/portal/files/2023_05_2.pdf
2023,5,2023-05,Comerciais leves,22,CITROEN,JUMPY,134,https://www.fenabrave.org.br/portal/files/2023_05_2.pdf
2023,5,2023-05,Comerciais leves,23,PEUGEOT,PARTNER,134,https://www.fenabrave.org.br/portal/files/2023_05_2.pdf
2023,5,2023-05,Comerciais leves,24,PEUGEOT,EXPERT,131,https://www.fenabrave.org.br/portal/files/2023_05_2.pdf
2023,5,2023-05,Comerciais leves,25,M.BENZ,SPRINTER 315,116,https://www.fenabrave.org.br/portal/files/2023_05_2.pdf
2023,5,2023-05,Comerciais leves,26,FORD,MAVERICK,107,https://www.fenabrave.org.br/portal/files/2023_05_2.pdf
2023,5,2023-05,Comerciais leves,27,FIAT,DUCATO,83,https://www.fenabrave.org.br/portal/files/2023_05_2.pdf
2023,5,2023-05,Comerciais leves,28,RAM,1500,79,https://www.fenabrave.org.br/portal/files/2023_05_2.pdf
2023,5,2023-05,Comerciais leves,29,EFFA,V21,73,https://www.fenabrave.org.br/portal/files/2023_05_2.pdf
2023,5,2023-05,Comerciais leves,30,RAM,2500,53,https://www.fenabrave.org.br/portal/files/2023_05_2.pdf
2023,5,2023-05,Comerciais leves,31,EFFA,V22,29,https://www.fenabrave.org.br/portal/files/2023_05_2.pdf
2023,5,2023-05,Comerciais leves,32,PEUGEOT,BOXER,16,https://www.fenabrave.org.br/portal/files/2023_05_2.pdf
2023,5,2023-05,Comerciais leves,33,M.BENZ,SPRINTER,11,https://www.fenabrave.org.br/portal/files/2023_05_2.pdf
2023,5,2023-05,Comerciais leves,34,M.BENZ,SPRINTER 517,11,https://www.fenabrave.org.br/portal/files/2023_05_2.pdf
2023,5,2023-05,Comerciais leves,35,HYUNDAI,HR,10,https://www.fenabrave.org.br/portal/files/2023_05_2.pdf
2023,5,2023-05,Comerciais leves,36,EFFA,V25,9,https://www.fenabrave.org.br/portal/files/2023_05_2.pdf
2023,5,2023-05,Comerciais leves,37,IVECO,DAILY 30-130,8,https://www.fenabrave.org.br/portal/files/2023_05_2.pdf
2023,5,2023-05,Comerciais leves,38,JEEP,GLADIATOR,8,https://www.fenabrave.org.br/portal/files/2023_05_2.pdf
2023,5,2023-05,Comerciais leves,39,VW,KOMBI,5,https://www.fenabrave.org.br/portal/files/2023_05_2.pdf
2023,5,2023-05,Comerciais leves,40,WILLYS,OVERLAND,4,https://www.fenabrave.org.br/portal/files/2023_05_2.pdf
2023,5,2023-05,Comerciais leves,41,IVECO,DAILY 5516,3,https://www.fenabrave.org.br/portal/files/2023_05_2.pdf
2023,5,2023-05,Comerciais leves,42,BYD,T3,3,https://www.fenabrave.org.br/portal/files/2023_05_2.pdf
2023,5,2023-05,Comerciais leves,43,FORD,F250,2,https://www.fenabrave.org.br/portal/files/2023_05_2.pdf
2023,5,2023-05,Comerciais leves,44,IVECO,DAILY 30S13,2,https://www.fenabrave.org.br/portal/files/2023_05_2.pdf
2023,5,2023-05,Comerciais leves,45,JAC,EJV5.5,2,https://www.fenabrave.org.br/portal/files/2023_05_2.pdf
2023,5,2023-05,Comerciais leves,46,HITECH,ECOCARGO,2,https://www.fenabrave.org.br/portal/files/2023_05_2.pdf
2023,5,2023-05,Comerciais leves,47,CITROEN,JUMPER,1,https://www.fenabrave.org.br/portal/files/2023_05_2.pdf
2023,5,2023-05,Comerciais leves,48,FORD,F1000,1,https://www.fenabrave.org.br/portal/files/2023_05_2.pdf
2023,5,2023-05,Comerciais leves,49,FORD,JEEP,1,https://www.fenabrave.org.br/portal/files/2023_05_2.pdf
2023,5,2023-05,Comerciais leves,50,FORD,RANCHERO,1,https://www.fenabrave.org.br/portal/files/2023_05_2.pdf
2023,6,2023-06,Automóveis,1,VW,POLO,9949,https://www.fenabrave.org.br/portal/files/2023_06_2.pdf
2023,6,2023-06,Automóveis,2,GM,ONIX,8261,https://www.fenabrave.org.br/portal/files/2023_06_2.pdf
2023,6,2023-06,Automóveis,3,VW,T CROSS,7264,https://www.fenabrave.org.br/portal/files/2023_06_2.pdf
2023,6,2023-06,Automóveis,4,FIAT,MOBI,6895,https://www.fenabrave.org.br/portal/files/2023_06_2.pdf
2023,6,2023-06,Automóveis,5,FIAT,ARGO,6747,https://www.fenabrave.org.br/portal/files/2023_06_2.pdf
2023,6,2023-06,Automóveis,6,HYUNDAI,HB20,6420,https://www.fenabrave.org.br/portal/files/2023_06_2.pdf
2023,6,2023-06,Automóveis,7,GM,ONIX PLUS,6419,https://www.fenabrave.org.br/portal/files/2023_06_2.pdf
2023,6,2023-06,Automóveis,8,RENAULT,KWID,5933,https://www.fenabrave.org.br/portal/files/2023_06_2.pdf
2023,6,2023-06,Automóveis,9,FIAT,CRONOS,4969,https://www.fenabrave.org.br/portal/files/2023_06_2.pdf
2023,6,2023-06,Automóveis,10,GM,TRACKER,4957,https://www.fenabrave.org.br/portal/files/2023_06_2.pdf
2023,6,2023-06,Automóveis,11,HONDA,HR-V,4810,https://www.fenabrave.org.br/portal/files/2023_06_2.pdf
2023,6,2023-06,Automóveis,12,HYUNDAI,CRETA,4597,https://www.fenabrave.org.br/portal/files/2023_06_2.pdf
2023,6,2023-06,Automóveis,13,FIAT,PULSE,4401,https://www.fenabrave.org.br/portal/files/2023_06_2.pdf
2023,6,2023-06,Automóveis,14,JEEP,COMPASS,4338,https://www.fenabrave.org.br/portal/files/2023_06_2.pdf
2023,6,2023-06,Automóveis,15,JEEP,RENEGADE,4084,https://www.fenabrave.org.br/portal/files/2023_06_2.pdf
2023,6,2023-06,Automóveis,16,TOYOTA,COROLLA,3751,https://www.fenabrave.org.br/portal/files/2023_06_2.pdf
2023,6,2023-06,Automóveis,17,VW,NIVUS,3751,https://www.fenabrave.org.br/portal/files/2023_06_2.pdf
2023,6,2023-06,Automóveis,18,NISSAN,KICKS,3473,https://www.fenabrave.org.br/portal/files/2023_06_2.pdf
2023,6,2023-06,Automóveis,19,FIAT,FASTBACK,3384,https://www.fenabrave.org.br/portal/files/2023_06_2.pdf
2023,6,2023-06,Automóveis,20,TOYOTA,COROLLA CROSS,3357,https://www.fenabrave.org.br/portal/files/2023_06_2.pdf
2023,6,2023-06,Automóveis,21,CITROEN,C3,2930,https://www.fenabrave.org.br/portal/files/2023_06_2.pdf
2023,6,2023-06,Automóveis,22,PEUGEOT,208,2718,https://www.fenabrave.org.br/portal/files/2023_06_2.pdf
2023,6,2023-06,Automóveis,23,VW,VIRTUS,2188,https://www.fenabrave.org.br/portal/files/2023_06_2.pdf
2023,6,2023-06,Automóveis,24,TOYOTA,YARIS HB,1940,https://www.fenabrave.org.br/portal/files/2023_06_2.pdf
2023,6,2023-06,Automóveis,25,CAOA CHERY,TIGGO 5X,1571,https://www.fenabrave.org.br/portal/files/2023_06_2.pdf
2023,6,2023-06,Automóveis,26,GM,SPIN,1510,https://www.fenabrave.org.br/portal/files/2023_06_2.pdf
2023,6,2023-06,Automóveis,27,RENAULT,DUSTER,1488,https://www.fenabrave.org.br/portal/files/2023_06_2.pdf
2023,6,2023-06,Automóveis,28,HYUNDAI,HB20S,1393,https://www.fenabrave.org.br/portal/files/2023_06_2.pdf
2023,6,2023-06,Automóveis,29,JEEP,COMMANDER,1338,https://www.fenabrave.org.br/portal/files/2023_06_2.pdf
2023,6,2023-06,Automóveis,30,TOYOTA,YARIS SEDAN,1294,https://www.fenabrave.org.br/portal/files/2023_06_2.pdf
2023,6,2023-06,Automóveis,31,TOYOTA,HILUX SW4,1258,https://www.fenabrave.org.br/portal/files/2023_06_2.pdf
2023,6,2023-06,Automóveis,32,VW,TAOS,1069,https://www.fenabrave.org.br/portal/files/2023_06_2.pdf
2023,6,2023-06,Automóveis,33,HONDA,CITY,1060,https://www.fenabrave.org.br/portal/files/2023_06_2.pdf
2023,6,2023-06,Automóveis,34,RENAULT,SANDERO,1004,https://www.fenabrave.org.br/portal/files/2023_06_2.pdf
2023,6,2023-06,Automóveis,35,GWM,HAVAL H6,969,https://www.fenabrave.org.br/portal/files/2023_06_2.pdf
2023,6,2023-06,Automóveis,36,NISSAN,VERSA,842,https://www.fenabrave.org.br/portal/files/2023_06_2.pdf
2023,6,2023-06,Automóveis,37,HONDA,CITY HATCH,791,https://www.fenabrave.org.br/portal/files/2023_06_2.pdf
2023,6,2023-06,Automóveis,38,CAOA CHERY,TIGGO 8,677,https://www.fenabrave.org.br/portal/files/2023_06_2.pdf
2023,6,2023-06,Automóveis,39,RENAULT,LOGAN,473,https://www.fenabrave.org.br/portal/files/2023_06_2.pdf
2023,6,2023-06,Automóveis,40,CAOA CHERY,TIGGO 7,457,https://www.fenabrave.org.br/portal/files/2023_06_2.pdf
2023,6,2023-06,Automóveis,41,BMW,X1,433,https://www.fenabrave.org.br/portal/files/2023_06_2.pdf
2023,6,2023-06,Automóveis,42,NISSAN,SENTRA,408,https://www.fenabrave.org.br/portal/files/2023_06_2.pdf
2023,6,2023-06,Automóveis,43,BMW,320I,402,https://www.fenabrave.org.br/portal/files/2023_06_2.pdf
2023,6,2023-06,Automóveis,44,VOLVO,XC60,392,https://www.fenabrave.org.br/portal/files/2023_06_2.pdf
2023,6,2023-06,Automóveis,45,BYD,SONG PLUS,353,https://www.fenabrave.org.br/portal/files/2023_06_2.pdf
2023,6,2023-06,Automóveis,46,GM,EQUINOX,325,https://www.fenabrave.org.br/portal/files/2023_06_2.pdf
2023,6,2023-06,Automóveis,47,MITSUBISHI,ECLIPSE CROSS,294,https://www.fenabrave.org.br/portal/files/2023_06_2.pdf
2023,6,2023-06,Automóveis,48,AUDI,Q5,217,https://www.fenabrave.org.br/portal/files/2023_06_2.pdf
2023,6,2023-06,Automóveis,49,MITSUBISHI,PAJERO,214,https://www.fenabrave.org.br/portal/files/2023_06_2.pdf
2023,6,2023-06,Automóveis,50,PORSCHE,CAYENNE,208,https://www.fenabrave.org.br/portal/files/2023_06_2.pdf
2023,6,2023-06,Comerciais leves,1,FIAT,STRADA,9007,https://www.fenabrave.org.br/portal/files/2023_06_2.pdf
2023,6,2023-06,Comerciais leves,2,VW,SAVEIRO,4638,https://www.fenabrave.org.br/portal/files/2023_06_2.pdf
2023,6,2023-06,Comerciais leves,3,FIAT,TORO,4411,https://www.fenabrave.org.br/portal/files/2023_06_2.pdf
2023,6,2023-06,Comerciais leves,4,TOYOTA,HILUX,3732,https://www.fenabrave.org.br/portal/files/2023_06_2.pdf
2023,6,2023-06,Comerciais leves,5,GM,MONTANA,2957,https://www.fenabrave.org.br/portal/files/2023_06_2.pdf
2023,6,2023-06,Comerciais leves,6,GM,S10,2436,https://www.fenabrave.org.br/portal/files/2023_06_2.pdf
2023,6,2023-06,Comerciais leves,7,FIAT,FIORINO,2275,https://www.fenabrave.org.br/portal/files/2023_06_2.pdf
2023,6,2023-06,Comerciais leves,8,FORD,RANGER,1425,https://www.fenabrave.org.br/portal/files/2023_06_2.pdf
2023,6,2023-06,Comerciais leves,9,MITSUBISHI,L200,965,https://www.fenabrave.org.br/portal/files/2023_06_2.pdf
2023,6,2023-06,Comerciais leves,10,NISSAN,FRONTIER,955,https://www.fenabrave.org.br/portal/files/2023_06_2.pdf
2023,6,2023-06,Comerciais leves,11,RENAULT,MASTER,931,https://www.fenabrave.org.br/portal/files/2023_06_2.pdf
2023,6,2023-06,Comerciais leves,12,RENAULT,OROCH,730,https://www.fenabrave.org.br/portal/files/2023_06_2.pdf
2023,6,2023-06,Comerciais leves,13,VW,AMAROK,630,https://www.fenabrave.org.br/portal/files/2023_06_2.pdf
2023,6,2023-06,Comerciais leves,14,FIAT,SCUDO,286,https://www.fenabrave.org.br/portal/files/2023_06_2.pdf
2023,6,2023-06,Comerciais leves,15,RAM,1500,248,https://www.fenabrave.org.br/portal/files/2023_06_2.pdf
2023,6,2023-06,Comerciais leves,16,IVECO,DAILY,238,https://www.fenabrave.org.br/portal/files/2023_06_2.pdf
2023,6,2023-06,Comerciais leves,17,RAM,3500,174,https://www.fenabrave.org.br/portal/files/2023_06_2.pdf
2023,6,2023-06,Comerciais leves,18,FORD,F150,173,https://www.fenabrave.org.br/portal/files/2023_06_2.pdf
2023,6,2023-06,Comerciais leves,19,FORD,MAVERICK,169,https://www.fenabrave.org.br/portal/files/2023_06_2.pdf
2023,6,2023-06,Comerciais leves,20,PEUGEOT,PARTNER,157,https://www.fenabrave.org.br/portal/files/2023_06_2.pdf
2023,6,2023-06,Comerciais leves,21,RAM,CLASSIC,153,https://www.fenabrave.org.br/portal/files/2023_06_2.pdf
2023,6,2023-06,Comerciais leves,22,VW/MAN,EXPRESS,149,https://www.fenabrave.org.br/portal/files/2023_06_2.pdf
2023,6,2023-06,Comerciais leves,23,PEUGEOT,EXPERT,117,https://www.fenabrave.org.br/portal/files/2023_06_2.pdf
2023,6,2023-06,Comerciais leves,24,FORD,TRANSIT,114,https://www.fenabrave.org.br/portal/files/2023_06_2.pdf
2023,6,2023-06,Comerciais leves,25,CITROEN,JUMPY,92,https://www.fenabrave.org.br/portal/files/2023_06_2.pdf
2023,6,2023-06,Comerciais leves,26,KIA,K2500,88,https://www.fenabrave.org.br/portal/files/2023_06_2.pdf
2023,6,2023-06,Comerciais leves,27,M.BENZ,SPRINTER 315,88,https://www.fenabrave.org.br/portal/files/2023_06_2.pdf
2023,6,2023-06,Comerciais leves,28,EFFA,V21,77,https://www.fenabrave.org.br/portal/files/2023_06_2.pdf
2023,6,2023-06,Comerciais leves,29,EFFA,V22,35,https://www.fenabrave.org.br/portal/files/2023_06_2.pdf
2023,6,2023-06,Comerciais leves,30,RAM,2500,33,https://www.fenabrave.org.br/portal/files/2023_06_2.pdf
2023,6,2023-06,Comerciais leves,31,HYUNDAI,HR,32,https://www.fenabrave.org.br/portal/files/2023_06_2.pdf
2023,6,2023-06,Comerciais leves,32,M.BENZ,SPRINTER,28,https://www.fenabrave.org.br/portal/files/2023_06_2.pdf
2023,6,2023-06,Comerciais leves,33,FIAT,DUCATO,17,https://www.fenabrave.org.br/portal/files/2023_06_2.pdf
2023,6,2023-06,Comerciais leves,34,IVECO,DAILY 30-130,15,https://www.fenabrave.org.br/portal/files/2023_06_2.pdf
2023,6,2023-06,Comerciais leves,35,PEUGEOT,BOXER,15,https://www.fenabrave.org.br/portal/files/2023_06_2.pdf
2023,6,2023-06,Comerciais leves,36,JEEP,GLADIATOR,14,https://www.fenabrave.org.br/portal/files/2023_06_2.pdf
2023,6,2023-06,Comerciais leves,37,RAM,RAMPAGE,13,https://www.fenabrave.org.br/portal/files/2023_06_2.pdf
2023,6,2023-06,Comerciais leves,38,CITROEN,JUMPER,10,https://www.fenabrave.org.br/portal/files/2023_06_2.pdf
2023,6,2023-06,Comerciais leves,39,M.BENZ,SPRINTER 417,6,https://www.fenabrave.org.br/portal/files/2023_06_2.pdf
2023,6,2023-06,Comerciais leves,40,EFFA,V25,5,https://www.fenabrave.org.br/portal/files/2023_06_2.pdf
2023,6,2023-06,Comerciais leves,41,M.BENZ,SPRINTER 517,4,https://www.fenabrave.org.br/portal/files/2023_06_2.pdf
2023,6,2023-06,Comerciais leves,42,RENAULT,MARCOPOLO/VOLARE V9L EO,4,https://www.fenabrave.org.br/portal/files/2023_06_2.pdf
2023,6,2023-06,Comerciais leves,43,JAC,IEV 330P,4,https://www.fenabrave.org.br/portal/files/2023_06_2.pdf
2023,6,2023-06,Comerciais leves,44,M.BENZ,SPRINTER 416,3,https://www.fenabrave.org.br/portal/files/2023_06_2.pdf
2023,6,2023-06,Comerciais leves,45,GM,SILVERADO,2,https://www.fenabrave.org.br/portal/files/2023_06_2.pdf
2023,6,2023-06,Comerciais leves,46,GMC,HUMMER EV EDITION 1,2,https://www.fenabrave.org.br/portal/files/2023_06_2.pdf
2023,6,2023-06,Comerciais leves,47,GMC,SIERRA,2,https://www.fenabrave.org.br/portal/files/2023_06_2.pdf
2023,6,2023-06,Comerciais leves,48,IVECO,DAILY 5516,2,https://www.fenabrave.org.br/portal/files/2023_06_2.pdf
2023,6,2023-06,Comerciais leves,49,FOTON,AUMARK 1039,2,https://www.fenabrave.org.br/portal/files/2023_06_2.pdf
2023,6,2023-06,Comerciais leves,50,GM,C10,1,https://www.fenabrave.org.br/portal/files/2023_06_2.pdf
2023,7,2023-07,Automóveis,1,VW,POLO,16471,https://www.fenabrave.org.br/portal/files/2023_07_2.pdf
2023,7,2023-07,Automóveis,2,HYUNDAI,HB20,12126,https://www.fenabrave.org.br/portal/files/2023_07_2.pdf
2023,7,2023-07,Automóveis,3,GM,ONIX,10260,https://www.fenabrave.org.br/portal/files/2023_07_2.pdf
2023,7,2023-07,Automóveis,4,FIAT,MOBI,8582,https://www.fenabrave.org.br/portal/files/2023_07_2.pdf
2023,7,2023-07,Automóveis,5,VW,T CROSS,8553,https://www.fenabrave.org.br/portal/files/2023_07_2.pdf
2023,7,2023-07,Automóveis,6,FIAT,ARGO,7159,https://www.fenabrave.org.br/portal/files/2023_07_2.pdf
2023,7,2023-07,Automóveis,7,RENAULT,KWID,6602,https://www.fenabrave.org.br/portal/files/2023_07_2.pdf
2023,7,2023-07,Automóveis,8,VW,NIVUS,6498,https://www.fenabrave.org.br/portal/files/2023_07_2.pdf
2023,7,2023-07,Automóveis,9,GM,ONIX PLUS,6412,https://www.fenabrave.org.br/portal/files/2023_07_2.pdf
2023,7,2023-07,Automóveis,10,JEEP,RENEGADE,5556,https://www.fenabrave.org.br/portal/files/2023_07_2.pdf
2023,7,2023-07,Automóveis,11,GM,TRACKER,5438,https://www.fenabrave.org.br/portal/files/2023_07_2.pdf
2023,7,2023-07,Automóveis,12,HYUNDAI,CRETA,5314,https://www.fenabrave.org.br/portal/files/2023_07_2.pdf
2023,7,2023-07,Automóveis,13,FIAT,CRONOS,5036,https://www.fenabrave.org.br/portal/files/2023_07_2.pdf
2023,7,2023-07,Automóveis,14,HONDA,HR-V,4983,https://www.fenabrave.org.br/portal/files/2023_07_2.pdf
2023,7,2023-07,Automóveis,15,HYUNDAI,HB20S,4811,https://www.fenabrave.org.br/portal/files/2023_07_2.pdf
2023,7,2023-07,Automóveis,16,NISSAN,KICKS,4752,https://www.fenabrave.org.br/portal/files/2023_07_2.pdf
2023,7,2023-07,Automóveis,17,JEEP,COMPASS,4707,https://www.fenabrave.org.br/portal/files/2023_07_2.pdf
2023,7,2023-07,Automóveis,18,FIAT,PULSE,3994,https://www.fenabrave.org.br/portal/files/2023_07_2.pdf
2023,7,2023-07,Automóveis,19,TOYOTA,COROLLA,3812,https://www.fenabrave.org.br/portal/files/2023_07_2.pdf
2023,7,2023-07,Automóveis,20,FIAT,FASTBACK,3635,https://www.fenabrave.org.br/portal/files/2023_07_2.pdf
2023,7,2023-07,Automóveis,21,TOYOTA,COROLLA CROSS,3630,https://www.fenabrave.org.br/portal/files/2023_07_2.pdf
2023,7,2023-07,Automóveis,22,PEUGEOT,208,3104,https://www.fenabrave.org.br/portal/files/2023_07_2.pdf
2023,7,2023-07,Automóveis,23,CITROEN,C3,3030,https://www.fenabrave.org.br/portal/files/2023_07_2.pdf
2023,7,2023-07,Automóveis,24,VW,VIRTUS,2729,https://www.fenabrave.org.br/portal/files/2023_07_2.pdf
2023,7,2023-07,Automóveis,25,TOYOTA,YARIS SEDAN,2505,https://www.fenabrave.org.br/portal/files/2023_07_2.pdf
2023,7,2023-07,Automóveis,26,GM,SPIN,2026,https://www.fenabrave.org.br/portal/files/2023_07_2.pdf
2023,7,2023-07,Automóveis,27,RENAULT,LOGAN,1923,https://www.fenabrave.org.br/portal/files/2023_07_2.pdf
2023,7,2023-07,Automóveis,28,RENAULT,DUSTER,1801,https://www.fenabrave.org.br/portal/files/2023_07_2.pdf
2023,7,2023-07,Automóveis,29,TOYOTA,YARIS HB,1609,https://www.fenabrave.org.br/portal/files/2023_07_2.pdf
2023,7,2023-07,Automóveis,30,JEEP,COMMANDER,1408,https://www.fenabrave.org.br/portal/files/2023_07_2.pdf
2023,7,2023-07,Automóveis,31,RENAULT,SANDERO,1348,https://www.fenabrave.org.br/portal/files/2023_07_2.pdf
2023,7,2023-07,Automóveis,32,TOYOTA,HILUX SW4,1261,https://www.fenabrave.org.br/portal/files/2023_07_2.pdf
2023,7,2023-07,Automóveis,33,VW,TAOS,1203,https://www.fenabrave.org.br/portal/files/2023_07_2.pdf
2023,7,2023-07,Automóveis,34,CAOA CHERY,TIGGO 5X,1201,https://www.fenabrave.org.br/portal/files/2023_07_2.pdf
2023,7,2023-07,Automóveis,35,NISSAN,VERSA,1086,https://www.fenabrave.org.br/portal/files/2023_07_2.pdf
2023,7,2023-07,Automóveis,36,HONDA,CITY,1060,https://www.fenabrave.org.br/portal/files/2023_07_2.pdf
2023,7,2023-07,Automóveis,37,GWM,HAVAL H6,953,https://www.fenabrave.org.br/portal/files/2023_07_2.pdf
2023,7,2023-07,Automóveis,38,CAOA CHERY,TIGGO 8,901,https://www.fenabrave.org.br/portal/files/2023_07_2.pdf
2023,7,2023-07,Automóveis,39,HONDA,CITY HATCH,673,https://www.fenabrave.org.br/portal/files/2023_07_2.pdf
2023,7,2023-07,Automóveis,40,CAOA CHERY,TIGGO 7,555,https://www.fenabrave.org.br/portal/files/2023_07_2.pdf
2023,7,2023-07,Automóveis,41,BYD,SONG PLUS,445,https://www.fenabrave.org.br/portal/files/2023_07_2.pdf
2023,7,2023-07,Automóveis,42,VOLVO,XC60,395,https://www.fenabrave.org.br/portal/files/2023_07_2.pdf
2023,7,2023-07,Automóveis,43,BMW,X1,390,https://www.fenabrave.org.br/portal/files/2023_07_2.pdf
2023,7,2023-07,Automóveis,44,BMW,320I,350,https://www.fenabrave.org.br/portal/files/2023_07_2.pdf
2023,7,2023-07,Automóveis,45,GM,EQUINOX,335,https://www.fenabrave.org.br/portal/files/2023_07_2.pdf
2023,7,2023-07,Automóveis,46,HYUNDAI,KONA,275,https://www.fenabrave.org.br/portal/files/2023_07_2.pdf
2023,7,2023-07,Automóveis,47,NISSAN,SENTRA,275,https://www.fenabrave.org.br/portal/files/2023_07_2.pdf
2023,7,2023-07,Automóveis,48,MITSUBISHI,ECLIPSE CROSS,264,https://www.fenabrave.org.br/portal/files/2023_07_2.pdf
2023,7,2023-07,Automóveis,49,CITROEN,C4 CACTUS,227,https://www.fenabrave.org.br/portal/files/2023_07_2.pdf
2023,7,2023-07,Automóveis,50,MITSUBISHI,PAJERO,227,https://www.fenabrave.org.br/portal/files/2023_07_2.pdf
2023,7,2023-07,Comerciais leves,1,FIAT,STRADA,10387,https://www.fenabrave.org.br/portal/files/2023_07_2.pdf
2023,7,2023-07,Comerciais leves,2,VW,SAVEIRO,5337,https://www.fenabrave.org.br/portal/files/2023_07_2.pdf
2023,7,2023-07,Comerciais leves,3,TOYOTA,HILUX,4354,https://www.fenabrave.org.br/portal/files/2023_07_2.pdf
2023,7,2023-07,Comerciais leves,4,FIAT,TORO,4132,https://www.fenabrave.org.br/portal/files/2023_07_2.pdf
2023,7,2023-07,Comerciais leves,5,GM,MONTANA,2948,https://www.fenabrave.org.br/portal/files/2023_07_2.pdf
2023,7,2023-07,Comerciais leves,6,GM,S10,1937,https://www.fenabrave.org.br/portal/files/2023_07_2.pdf
2023,7,2023-07,Comerciais leves,7,RENAULT,OROCH,1360,https://www.fenabrave.org.br/portal/files/2023_07_2.pdf
2023,7,2023-07,Comerciais leves,8,FIAT,FIORINO,1159,https://www.fenabrave.org.br/portal/files/2023_07_2.pdf
2023,7,2023-07,Comerciais leves,9,FORD,RANGER,1131,https://www.fenabrave.org.br/portal/files/2023_07_2.pdf
2023,7,2023-07,Comerciais leves,10,MITSUBISHI,L200,964,https://www.fenabrave.org.br/portal/files/2023_07_2.pdf
2023,7,2023-07,Comerciais leves,11,RENAULT,MASTER,896,https://www.fenabrave.org.br/portal/files/2023_07_2.pdf
2023,7,2023-07,Comerciais leves,12,NISSAN,FRONTIER,748,https://www.fenabrave.org.br/portal/files/2023_07_2.pdf
2023,7,2023-07,Comerciais leves,13,VW,AMAROK,466,https://www.fenabrave.org.br/portal/files/2023_07_2.pdf
2023,7,2023-07,Comerciais leves,14,PEUGEOT,PARTNER,306,https://www.fenabrave.org.br/portal/files/2023_07_2.pdf
2023,7,2023-07,Comerciais leves,15,FIAT,SCUDO,257,https://www.fenabrave.org.br/portal/files/2023_07_2.pdf
2023,7,2023-07,Comerciais leves,16,FORD,F150,249,https://www.fenabrave.org.br/portal/files/2023_07_2.pdf
2023,7,2023-07,Comerciais leves,17,FORD,TRANSIT,218,https://www.fenabrave.org.br/portal/files/2023_07_2.pdf
2023,7,2023-07,Comerciais leves,18,RAM,1500,204,https://www.fenabrave.org.br/portal/files/2023_07_2.pdf
2023,7,2023-07,Comerciais leves,19,KIA,K2500,203,https://www.fenabrave.org.br/portal/files/2023_07_2.pdf
2023,7,2023-07,Comerciais leves,20,FORD,MAVERICK,193,https://www.fenabrave.org.br/portal/files/2023_07_2.pdf
2023,7,2023-07,Comerciais leves,21,PEUGEOT,EXPERT,185,https://www.fenabrave.org.br/portal/files/2023_07_2.pdf
2023,7,2023-07,Comerciais leves,22,RAM,CLASSIC,184,https://www.fenabrave.org.br/portal/files/2023_07_2.pdf
2023,7,2023-07,Comerciais leves,23,IVECO,DAILY,178,https://www.fenabrave.org.br/portal/files/2023_07_2.pdf
2023,7,2023-07,Comerciais leves,24,RAM,2500,168,https://www.fenabrave.org.br/portal/files/2023_07_2.pdf
2023,7,2023-07,Comerciais leves,25,RAM,3500,165,https://www.fenabrave.org.br/portal/files/2023_07_2.pdf
2023,7,2023-07,Comerciais leves,26,VW TRUCK E BUS,EXPRESS,139,https://www.fenabrave.org.br/portal/files/2023_07_2.pdf
2023,7,2023-07,Comerciais leves,27,M.BENZ,SPRINTER 315,94,https://www.fenabrave.org.br/portal/files/2023_07_2.pdf
2023,7,2023-07,Comerciais leves,28,EFFA,V21,65,https://www.fenabrave.org.br/portal/files/2023_07_2.pdf
2023,7,2023-07,Comerciais leves,29,CITROEN,JUMPY,64,https://www.fenabrave.org.br/portal/files/2023_07_2.pdf
2023,7,2023-07,Comerciais leves,30,FIAT,DUCATO,56,https://www.fenabrave.org.br/portal/files/2023_07_2.pdf
2023,7,2023-07,Comerciais leves,31,IVECO,DAILY 30-130,40,https://www.fenabrave.org.br/portal/files/2023_07_2.pdf
2023,7,2023-07,Comerciais leves,32,EFFA,V22,40,https://www.fenabrave.org.br/portal/files/2023_07_2.pdf
2023,7,2023-07,Comerciais leves,33,JEEP,GLADIATOR,22,https://www.fenabrave.org.br/portal/files/2023_07_2.pdf
2023,7,2023-07,Comerciais leves,34,HYUNDAI,HR,18,https://www.fenabrave.org.br/portal/files/2023_07_2.pdf
2023,7,2023-07,Comerciais leves,35,M.BENZ,SPRINTER,17,https://www.fenabrave.org.br/portal/files/2023_07_2.pdf
2023,7,2023-07,Comerciais leves,36,PEUGEOT,BOXER,15,https://www.fenabrave.org.br/portal/files/2023_07_2.pdf
2023,7,2023-07,Comerciais leves,37,RAM,RAMPAGE,15,https://www.fenabrave.org.br/portal/files/2023_07_2.pdf
2023,7,2023-07,Comerciais leves,38,M.BENZ,SPRINTER 517,14,https://www.fenabrave.org.br/portal/files/2023_07_2.pdf
2023,7,2023-07,Comerciais leves,39,CITROEN,JUMPER,9,https://www.fenabrave.org.br/portal/files/2023_07_2.pdf
2023,7,2023-07,Comerciais leves,40,EFFA,V25,8,https://www.fenabrave.org.br/portal/files/2023_07_2.pdf
2023,7,2023-07,Comerciais leves,41,VW,KOMBI,3,https://www.fenabrave.org.br/portal/files/2023_07_2.pdf
2023,7,2023-07,Comerciais leves,42,GM,SILVERADO,2,https://www.fenabrave.org.br/portal/files/2023_07_2.pdf
2023,7,2023-07,Comerciais leves,43,IVECO,DAILY 35-150,2,https://www.fenabrave.org.br/portal/files/2023_07_2.pdf
2023,7,2023-07,Comerciais leves,44,M.BENZ,SPRINTER 416,2,https://www.fenabrave.org.br/portal/files/2023_07_2.pdf
2023,7,2023-07,Comerciais leves,45,M.BENZ,SPRINTER 417,2,https://www.fenabrave.org.br/portal/files/2023_07_2.pdf
2023,7,2023-07,Comerciais leves,46,BYD,T3,2,https://www.fenabrave.org.br/portal/files/2023_07_2.pdf
2023,7,2023-07,Comerciais leves,47,CITROEN,BERLINGO,1,https://www.fenabrave.org.br/portal/files/2023_07_2.pdf
2023,7,2023-07,Comerciais leves,48,FORD,F1000,1,https://www.fenabrave.org.br/portal/files/2023_07_2.pdf
2023,7,2023-07,Comerciais leves,49,GMC,HUMMER EV EDITION 1,1,https://www.fenabrave.org.br/portal/files/2023_07_2.pdf
2023,7,2023-07,Comerciais leves,50,GMC,SIERRA,1,https://www.fenabrave.org.br/portal/files/2023_07_2.pdf
2023,8,2023-08,Automóveis,1,GM,ONIX,8345,https://www.fenabrave.org.br/portal/files/2023_08_2.pdf
2023,8,2023-08,Automóveis,2,VW,POLO,8220,https://www.fenabrave.org.br/portal/files/2023_08_2.pdf
2023,8,2023-08,Automóveis,3,HYUNDAI,HB20,8053,https://www.fenabrave.org.br/portal/files/2023_08_2.pdf
2023,8,2023-08,Automóveis,4,GM,ONIX PLUS,7055,https://www.fenabrave.org.br/portal/files/2023_08_2.pdf
2023,8,2023-08,Automóveis,5,FIAT,MOBI,6593,https://www.fenabrave.org.br/portal/files/2023_08_2.pdf
2023,8,2023-08,Automóveis,6,GM,TRACKER,6372,https://www.fenabrave.org.br/portal/files/2023_08_2.pdf
2023,8,2023-08,Automóveis,7,FIAT,ARGO,5892,https://www.fenabrave.org.br/portal/files/2023_08_2.pdf
2023,8,2023-08,Automóveis,8,HONDA,HR-V,5775,https://www.fenabrave.org.br/portal/files/2023_08_2.pdf
2023,8,2023-08,Automóveis,9,VW,T CROSS,5452,https://www.fenabrave.org.br/portal/files/2023_08_2.pdf
2023,8,2023-08,Automóveis,10,JEEP,COMPASS,5315,https://www.fenabrave.org.br/portal/files/2023_08_2.pdf
2023,8,2023-08,Automóveis,11,HYUNDAI,CRETA,5195,https://www.fenabrave.org.br/portal/files/2023_08_2.pdf
2023,8,2023-08,Automóveis,12,FIAT,CRONOS,5093,https://www.fenabrave.org.br/portal/files/2023_08_2.pdf
2023,8,2023-08,Automóveis,13,JEEP,RENEGADE,5044,https://www.fenabrave.org.br/portal/files/2023_08_2.pdf
2023,8,2023-08,Automóveis,14,VW,NIVUS,4936,https://www.fenabrave.org.br/portal/files/2023_08_2.pdf
2023,8,2023-08,Automóveis,15,RENAULT,KWID,4569,https://www.fenabrave.org.br/portal/files/2023_08_2.pdf
2023,8,2023-08,Automóveis,16,FIAT,FASTBACK,4308,https://www.fenabrave.org.br/portal/files/2023_08_2.pdf
2023,8,2023-08,Automóveis,17,TOYOTA,COROLLA,4175,https://www.fenabrave.org.br/portal/files/2023_08_2.pdf
2023,8,2023-08,Automóveis,18,NISSAN,KICKS,4136,https://www.fenabrave.org.br/portal/files/2023_08_2.pdf
2023,8,2023-08,Automóveis,19,FIAT,PULSE,3742,https://www.fenabrave.org.br/portal/files/2023_08_2.pdf
2023,8,2023-08,Automóveis,20,PEUGEOT,208,3318,https://www.fenabrave.org.br/portal/files/2023_08_2.pdf
2023,8,2023-08,Automóveis,21,TOYOTA,COROLLA CROSS,3247,https://www.fenabrave.org.br/portal/files/2023_08_2.pdf
2023,8,2023-08,Automóveis,22,VW,VIRTUS,3107,https://www.fenabrave.org.br/portal/files/2023_08_2.pdf
2023,8,2023-08,Automóveis,23,TOYOTA,YARIS SEDAN,2597,https://www.fenabrave.org.br/portal/files/2023_08_2.pdf
2023,8,2023-08,Automóveis,24,GM,SPIN,2341,https://www.fenabrave.org.br/portal/files/2023_08_2.pdf
2023,8,2023-08,Automóveis,25,HYUNDAI,HB20S,2294,https://www.fenabrave.org.br/portal/files/2023_08_2.pdf
2023,8,2023-08,Automóveis,26,CITROEN,C3,2182,https://www.fenabrave.org.br/portal/files/2023_08_2.pdf
2023,8,2023-08,Automóveis,27,TOYOTA,YARIS HB,1996,https://www.fenabrave.org.br/portal/files/2023_08_2.pdf
2023,8,2023-08,Automóveis,28,RENAULT,DUSTER,1973,https://www.fenabrave.org.br/portal/files/2023_08_2.pdf
2023,8,2023-08,Automóveis,29,JEEP,COMMANDER,1922,https://www.fenabrave.org.br/portal/files/2023_08_2.pdf
2023,8,2023-08,Automóveis,30,TOYOTA,HILUX SW4,1491,https://www.fenabrave.org.br/portal/files/2023_08_2.pdf
2023,8,2023-08,Automóveis,31,VW,TAOS,1481,https://www.fenabrave.org.br/portal/files/2023_08_2.pdf
2023,8,2023-08,Automóveis,32,GWM,HAVAL H6,1452,https://www.fenabrave.org.br/portal/files/2023_08_2.pdf
2023,8,2023-08,Automóveis,33,CAOA CHERY,TIGGO 8,1290,https://www.fenabrave.org.br/portal/files/2023_08_2.pdf
2023,8,2023-08,Automóveis,34,NISSAN,VERSA,977,https://www.fenabrave.org.br/portal/files/2023_08_2.pdf
2023,8,2023-08,Automóveis,35,CAOA CHERY,TIGGO 5X,968,https://www.fenabrave.org.br/portal/files/2023_08_2.pdf
2023,8,2023-08,Automóveis,36,HONDA,CITY,935,https://www.fenabrave.org.br/portal/files/2023_08_2.pdf
2023,8,2023-08,Automóveis,37,BYD,SONG PLUS,762,https://www.fenabrave.org.br/portal/files/2023_08_2.pdf
2023,8,2023-08,Automóveis,38,CAOA CHERY,TIGGO 7,693,https://www.fenabrave.org.br/portal/files/2023_08_2.pdf
2023,8,2023-08,Automóveis,39,RENAULT,SANDERO,677,https://www.fenabrave.org.br/portal/files/2023_08_2.pdf
2023,8,2023-08,Automóveis,40,HONDA,CITY HATCH,647,https://www.fenabrave.org.br/portal/files/2023_08_2.pdf
2023,8,2023-08,Automóveis,41,CITROEN,C4 CACTUS,428,https://www.fenabrave.org.br/portal/files/2023_08_2.pdf
2023,8,2023-08,Automóveis,42,BMW,320I,425,https://www.fenabrave.org.br/portal/files/2023_08_2.pdf
2023,8,2023-08,Automóveis,43,VOLVO,XC60,412,https://www.fenabrave.org.br/portal/files/2023_08_2.pdf
2023,8,2023-08,Automóveis,44,BMW,X1,385,https://www.fenabrave.org.br/portal/files/2023_08_2.pdf
2023,8,2023-08,Automóveis,45,NISSAN,SENTRA,376,https://www.fenabrave.org.br/portal/files/2023_08_2.pdf
2023,8,2023-08,Automóveis,46,VW,JETTA,371,https://www.fenabrave.org.br/portal/files/2023_08_2.pdf
2023,8,2023-08,Automóveis,47,BYD,DOLPHIN,371,https://www.fenabrave.org.br/portal/files/2023_08_2.pdf
2023,8,2023-08,Automóveis,48,MITSUBISHI,ECLIPSE CROSS,366,https://www.fenabrave.org.br/portal/files/2023_08_2.pdf
2023,8,2023-08,Automóveis,49,GM,EQUINOX,328,https://www.fenabrave.org.br/portal/files/2023_08_2.pdf
2023,8,2023-08,Automóveis,50,MITSUBISHI,PAJERO,207,https://www.fenabrave.org.br/portal/files/2023_08_2.pdf
2023,8,2023-08,Comerciais leves,1,FIAT,STRADA,12870,https://www.fenabrave.org.br/portal/files/2023_08_2.pdf
2023,8,2023-08,Comerciais leves,2,FIAT,TORO,4639,https://www.fenabrave.org.br/portal/files/2023_08_2.pdf
2023,8,2023-08,Comerciais leves,3,VW,SAVEIRO,4593,https://www.fenabrave.org.br/portal/files/2023_08_2.pdf
2023,8,2023-08,Comerciais leves,4,TOYOTA,HILUX,4435,https://www.fenabrave.org.br/portal/files/2023_08_2.pdf
2023,8,2023-08,Comerciais leves,5,GM,MONTANA,2884,https://www.fenabrave.org.br/portal/files/2023_08_2.pdf
2023,8,2023-08,Comerciais leves,6,GM,S10,2037,https://www.fenabrave.org.br/portal/files/2023_08_2.pdf
2023,8,2023-08,Comerciais leves,7,FIAT,FIORINO,1884,https://www.fenabrave.org.br/portal/files/2023_08_2.pdf
2023,8,2023-08,Comerciais leves,8,FORD,RANGER,1825,https://www.fenabrave.org.br/portal/files/2023_08_2.pdf
2023,8,2023-08,Comerciais leves,9,RENAULT,OROCH,1395,https://www.fenabrave.org.br/portal/files/2023_08_2.pdf
2023,8,2023-08,Comerciais leves,10,RENAULT,MASTER,1128,https://www.fenabrave.org.br/portal/files/2023_08_2.pdf
2023,8,2023-08,Comerciais leves,11,MITSUBISHI,L200,1004,https://www.fenabrave.org.br/portal/files/2023_08_2.pdf
2023,8,2023-08,Comerciais leves,12,NISSAN,FRONTIER,803,https://www.fenabrave.org.br/portal/files/2023_08_2.pdf
2023,8,2023-08,Comerciais leves,13,VW,AMAROK,554,https://www.fenabrave.org.br/portal/files/2023_08_2.pdf
2023,8,2023-08,Comerciais leves,14,FIAT,SCUDO,340,https://www.fenabrave.org.br/portal/files/2023_08_2.pdf
2023,8,2023-08,Comerciais leves,15,RAM,2500,255,https://www.fenabrave.org.br/portal/files/2023_08_2.pdf
2023,8,2023-08,Comerciais leves,16,M.BENZ,SPRINTER 315,213,https://www.fenabrave.org.br/portal/files/2023_08_2.pdf
2023,8,2023-08,Comerciais leves,17,FORD,TRANSIT,211,https://www.fenabrave.org.br/portal/files/2023_08_2.pdf
2023,8,2023-08,Comerciais leves,18,RAM,CLASSIC,209,https://www.fenabrave.org.br/portal/files/2023_08_2.pdf
2023,8,2023-08,Comerciais leves,19,PEUGEOT,EXPERT,207,https://www.fenabrave.org.br/portal/files/2023_08_2.pdf
2023,8,2023-08,Comerciais leves,20,RAM,3500,202,https://www.fenabrave.org.br/portal/files/2023_08_2.pdf
2023,8,2023-08,Comerciais leves,21,PEUGEOT,PARTNER,186,https://www.fenabrave.org.br/portal/files/2023_08_2.pdf
2023,8,2023-08,Comerciais leves,22,RAM,RAMPAGE,175,https://www.fenabrave.org.br/portal/files/2023_08_2.pdf
2023,8,2023-08,Comerciais leves,23,IVECO,DAILY,168,https://www.fenabrave.org.br/portal/files/2023_08_2.pdf
2023,8,2023-08,Comerciais leves,24,VW TRUCK E BUS,EXPRESS,163,https://www.fenabrave.org.br/portal/files/2023_08_2.pdf
2023,8,2023-08,Comerciais leves,25,FORD,MAVERICK,153,https://www.fenabrave.org.br/portal/files/2023_08_2.pdf
2023,8,2023-08,Comerciais leves,26,RAM,1500,146,https://www.fenabrave.org.br/portal/files/2023_08_2.pdf
2023,8,2023-08,Comerciais leves,27,CITROEN,JUMPY,132,https://www.fenabrave.org.br/portal/files/2023_08_2.pdf
2023,8,2023-08,Comerciais leves,28,KIA,K2500,111,https://www.fenabrave.org.br/portal/files/2023_08_2.pdf
2023,8,2023-08,Comerciais leves,29,FIAT,DUCATO,107,https://www.fenabrave.org.br/portal/files/2023_08_2.pdf
2023,8,2023-08,Comerciais leves,30,EFFA,V21,97,https://www.fenabrave.org.br/portal/files/2023_08_2.pdf
2023,8,2023-08,Comerciais leves,31,FORD,F150,87,https://www.fenabrave.org.br/portal/files/2023_08_2.pdf
2023,8,2023-08,Comerciais leves,32,JEEP,GLADIATOR,38,https://www.fenabrave.org.br/portal/files/2023_08_2.pdf
2023,8,2023-08,Comerciais leves,33,EFFA,V22,35,https://www.fenabrave.org.br/portal/files/2023_08_2.pdf
2023,8,2023-08,Comerciais leves,34,PEUGEOT,BOXER,31,https://www.fenabrave.org.br/portal/files/2023_08_2.pdf
2023,8,2023-08,Comerciais leves,35,IVECO,DAILY 30-130,14,https://www.fenabrave.org.br/portal/files/2023_08_2.pdf
2023,8,2023-08,Comerciais leves,36,JAC,EJV5.5,11,https://www.fenabrave.org.br/portal/files/2023_08_2.pdf
2023,8,2023-08,Comerciais leves,37,M.BENZ,SPRINTER 517,9,https://www.fenabrave.org.br/portal/files/2023_08_2.pdf
2023,8,2023-08,Comerciais leves,38,CITROEN,JUMPER,8,https://www.fenabrave.org.br/portal/files/2023_08_2.pdf
2023,8,2023-08,Comerciais leves,39,HYUNDAI,HR,8,https://www.fenabrave.org.br/portal/files/2023_08_2.pdf
2023,8,2023-08,Comerciais leves,40,M.BENZ,SPRINTER,7,https://www.fenabrave.org.br/portal/files/2023_08_2.pdf
2023,8,2023-08,Comerciais leves,41,EFFA,V25,7,https://www.fenabrave.org.br/portal/files/2023_08_2.pdf
2023,8,2023-08,Comerciais leves,42,M.BENZ,SPRINTER 417,5,https://www.fenabrave.org.br/portal/files/2023_08_2.pdf
2023,8,2023-08,Comerciais leves,43,VW,KOMBI,3,https://www.fenabrave.org.br/portal/files/2023_08_2.pdf
2023,8,2023-08,Comerciais leves,44,IVECO,DAILY 30S13,2,https://www.fenabrave.org.br/portal/files/2023_08_2.pdf
2023,8,2023-08,Comerciais leves,45,IVECO,DAILY 35-150,2,https://www.fenabrave.org.br/portal/files/2023_08_2.pdf
2023,8,2023-08,Comerciais leves,46,IVECO,DAILY 5516,2,https://www.fenabrave.org.br/portal/files/2023_08_2.pdf
2023,8,2023-08,Comerciais leves,47,FORD,F250,1,https://www.fenabrave.org.br/portal/files/2023_08_2.pdf
2023,8,2023-08,Comerciais leves,48,GM,SILVERADO,1,https://www.fenabrave.org.br/portal/files/2023_08_2.pdf
2023,8,2023-08,Comerciais leves,49,M.BENZ,SPRINTER 314,1,https://www.fenabrave.org.br/portal/files/2023_08_2.pdf
2023,8,2023-08,Comerciais leves,50,FOTON,AUMARK 3.5-14DT,1,https://www.fenabrave.org.br/portal/files/2023_08_2.pdf
2023,9,2023-09,Automóveis,1,VW,POLO,9515,https://www.fenabrave.org.br/portal/files/2023_09_2.pdf
2023,9,2023-09,Automóveis,2,GM,ONIX,8033,https://www.fenabrave.org.br/portal/files/2023_09_2.pdf
2023,9,2023-09,Automóveis,3,HYUNDAI,HB20,7622,https://www.fenabrave.org.br/portal/files/2023_09_2.pdf
2023,9,2023-09,Automóveis,4,GM,ONIX PLUS,6788,https://www.fenabrave.org.br/portal/files/2023_09_2.pdf
2023,9,2023-09,Automóveis,5,GM,TRACKER,6537,https://www.fenabrave.org.br/portal/files/2023_09_2.pdf
2023,9,2023-09,Automóveis,6,FIAT,MOBI,6016,https://www.fenabrave.org.br/portal/files/2023_09_2.pdf
2023,9,2023-09,Automóveis,7,FIAT,ARGO,5938,https://www.fenabrave.org.br/portal/files/2023_09_2.pdf
2023,9,2023-09,Automóveis,8,VW,T CROSS,5365,https://www.fenabrave.org.br/portal/files/2023_09_2.pdf
2023,9,2023-09,Automóveis,9,RENAULT,KWID,5032,https://www.fenabrave.org.br/portal/files/2023_09_2.pdf
2023,9,2023-09,Automóveis,10,VW,NIVUS,4771,https://www.fenabrave.org.br/portal/files/2023_09_2.pdf
2023,9,2023-09,Automóveis,11,NISSAN,KICKS,4706,https://www.fenabrave.org.br/portal/files/2023_09_2.pdf
2023,9,2023-09,Automóveis,12,FIAT,CRONOS,4602,https://www.fenabrave.org.br/portal/files/2023_09_2.pdf
2023,9,2023-09,Automóveis,13,HONDA,HR-V,4583,https://www.fenabrave.org.br/portal/files/2023_09_2.pdf
2023,9,2023-09,Automóveis,14,HYUNDAI,CRETA,4444,https://www.fenabrave.org.br/portal/files/2023_09_2.pdf
2023,9,2023-09,Automóveis,15,JEEP,COMPASS,4415,https://www.fenabrave.org.br/portal/files/2023_09_2.pdf
2023,9,2023-09,Automóveis,16,HYUNDAI,HB20S,3855,https://www.fenabrave.org.br/portal/files/2023_09_2.pdf
2023,9,2023-09,Automóveis,17,JEEP,RENEGADE,3757,https://www.fenabrave.org.br/portal/files/2023_09_2.pdf
2023,9,2023-09,Automóveis,18,FIAT,FASTBACK,3670,https://www.fenabrave.org.br/portal/files/2023_09_2.pdf
2023,9,2023-09,Automóveis,19,TOYOTA,COROLLA,3471,https://www.fenabrave.org.br/portal/files/2023_09_2.pdf
2023,9,2023-09,Automóveis,20,FIAT,PULSE,3216,https://www.fenabrave.org.br/portal/files/2023_09_2.pdf
2023,9,2023-09,Automóveis,21,TOYOTA,COROLLA CROSS,2996,https://www.fenabrave.org.br/portal/files/2023_09_2.pdf
2023,9,2023-09,Automóveis,22,VW,VIRTUS,2601,https://www.fenabrave.org.br/portal/files/2023_09_2.pdf
2023,9,2023-09,Automóveis,23,RENAULT,DUSTER,2598,https://www.fenabrave.org.br/portal/files/2023_09_2.pdf
2023,9,2023-09,Automóveis,24,TOYOTA,YARIS SEDAN,2551,https://www.fenabrave.org.br/portal/files/2023_09_2.pdf
2023,9,2023-09,Automóveis,25,PEUGEOT,208,2287,https://www.fenabrave.org.br/portal/files/2023_09_2.pdf
2023,9,2023-09,Automóveis,26,CITROEN,C3,1990,https://www.fenabrave.org.br/portal/files/2023_09_2.pdf
2023,9,2023-09,Automóveis,27,GM,SPIN,1862,https://www.fenabrave.org.br/portal/files/2023_09_2.pdf
2023,9,2023-09,Automóveis,28,TOYOTA,YARIS HB,1826,https://www.fenabrave.org.br/portal/files/2023_09_2.pdf
2023,9,2023-09,Automóveis,29,JEEP,COMMANDER,1545,https://www.fenabrave.org.br/portal/files/2023_09_2.pdf
2023,9,2023-09,Automóveis,30,VW,TAOS,1387,https://www.fenabrave.org.br/portal/files/2023_09_2.pdf
2023,9,2023-09,Automóveis,31,TOYOTA,HILUX SW4,1370,https://www.fenabrave.org.br/portal/files/2023_09_2.pdf
2023,9,2023-09,Automóveis,32,GWM,HAVAL H6,1307,https://www.fenabrave.org.br/portal/files/2023_09_2.pdf
2023,9,2023-09,Automóveis,33,CAOA CHERY,TIGGO 5X,1293,https://www.fenabrave.org.br/portal/files/2023_09_2.pdf
2023,9,2023-09,Automóveis,34,BYD,DOLPHIN,1036,https://www.fenabrave.org.br/portal/files/2023_09_2.pdf
2023,9,2023-09,Automóveis,35,BYD,SONG PLUS,863,https://www.fenabrave.org.br/portal/files/2023_09_2.pdf
2023,9,2023-09,Automóveis,36,CAOA CHERY,TIGGO 8,750,https://www.fenabrave.org.br/portal/files/2023_09_2.pdf
2023,9,2023-09,Automóveis,37,HONDA,CITY HATCH,683,https://www.fenabrave.org.br/portal/files/2023_09_2.pdf
2023,9,2023-09,Automóveis,38,HONDA,CITY,682,https://www.fenabrave.org.br/portal/files/2023_09_2.pdf
2023,9,2023-09,Automóveis,39,NISSAN,VERSA,662,https://www.fenabrave.org.br/portal/files/2023_09_2.pdf
2023,9,2023-09,Automóveis,40,CAOA CHERY,TIGGO 7,637,https://www.fenabrave.org.br/portal/files/2023_09_2.pdf
2023,9,2023-09,Automóveis,41,RENAULT,SANDERO,551,https://www.fenabrave.org.br/portal/files/2023_09_2.pdf
2023,9,2023-09,Automóveis,42,GM,EQUINOX,377,https://www.fenabrave.org.br/portal/files/2023_09_2.pdf
2023,9,2023-09,Automóveis,43,BMW,X1,367,https://www.fenabrave.org.br/portal/files/2023_09_2.pdf
2023,9,2023-09,Automóveis,44,CITROEN,C4 CACTUS,364,https://www.fenabrave.org.br/portal/files/2023_09_2.pdf
2023,9,2023-09,Automóveis,45,BMW,320I,350,https://www.fenabrave.org.br/portal/files/2023_09_2.pdf
2023,9,2023-09,Automóveis,46,NISSAN,SENTRA,342,https://www.fenabrave.org.br/portal/files/2023_09_2.pdf
2023,9,2023-09,Automóveis,47,MITSUBISHI,ECLIPSE CROSS,283,https://www.fenabrave.org.br/portal/files/2023_09_2.pdf
2023,9,2023-09,Automóveis,48,VOLVO,XC60,271,https://www.fenabrave.org.br/portal/files/2023_09_2.pdf
2023,9,2023-09,Automóveis,49,RENAULT,LOGAN,240,https://www.fenabrave.org.br/portal/files/2023_09_2.pdf
2023,9,2023-09,Automóveis,50,CAOA CHERY,ARRIZO 6,231,https://www.fenabrave.org.br/portal/files/2023_09_2.pdf
2023,9,2023-09,Comerciais leves,1,FIAT,STRADA,12835,https://www.fenabrave.org.br/portal/files/2023_09_2.pdf
2023,9,2023-09,Comerciais leves,2,VW,SAVEIRO,4973,https://www.fenabrave.org.br/portal/files/2023_09_2.pdf
2023,9,2023-09,Comerciais leves,3,FIAT,TORO,4042,https://www.fenabrave.org.br/portal/files/2023_09_2.pdf
2023,9,2023-09,Comerciais leves,4,TOYOTA,HILUX,3735,https://www.fenabrave.org.br/portal/files/2023_09_2.pdf
2023,9,2023-09,Comerciais leves,5,FIAT,FIORINO,2524,https://www.fenabrave.org.br/portal/files/2023_09_2.pdf
2023,9,2023-09,Comerciais leves,6,GM,MONTANA,2455,https://www.fenabrave.org.br/portal/files/2023_09_2.pdf
2023,9,2023-09,Comerciais leves,7,FORD,RANGER,1890,https://www.fenabrave.org.br/portal/files/2023_09_2.pdf
2023,9,2023-09,Comerciais leves,8,GM,S10,1635,https://www.fenabrave.org.br/portal/files/2023_09_2.pdf
2023,9,2023-09,Comerciais leves,9,MITSUBISHI,L200,1282,https://www.fenabrave.org.br/portal/files/2023_09_2.pdf
2023,9,2023-09,Comerciais leves,10,RENAULT,OROCH,1073,https://www.fenabrave.org.br/portal/files/2023_09_2.pdf
2023,9,2023-09,Comerciais leves,11,RENAULT,MASTER,874,https://www.fenabrave.org.br/portal/files/2023_09_2.pdf
2023,9,2023-09,Comerciais leves,12,VW,AMAROK,816,https://www.fenabrave.org.br/portal/files/2023_09_2.pdf
2023,9,2023-09,Comerciais leves,13,NISSAN,FRONTIER,601,https://www.fenabrave.org.br/portal/files/2023_09_2.pdf
2023,9,2023-09,Comerciais leves,14,RAM,RAMPAGE,376,https://www.fenabrave.org.br/portal/files/2023_09_2.pdf
2023,9,2023-09,Comerciais leves,15,FIAT,SCUDO,306,https://www.fenabrave.org.br/portal/files/2023_09_2.pdf
2023,9,2023-09,Comerciais leves,16,KIA,K2500,249,https://www.fenabrave.org.br/portal/files/2023_09_2.pdf
2023,9,2023-09,Comerciais leves,17,PEUGEOT,PARTNER,230,https://www.fenabrave.org.br/portal/files/2023_09_2.pdf
2023,9,2023-09,Comerciais leves,18,PEUGEOT,EXPERT,194,https://www.fenabrave.org.br/portal/files/2023_09_2.pdf
2023,9,2023-09,Comerciais leves,19,RAM,CLASSIC,181,https://www.fenabrave.org.br/portal/files/2023_09_2.pdf
2023,9,2023-09,Comerciais leves,20,RAM,2500,173,https://www.fenabrave.org.br/portal/files/2023_09_2.pdf
2023,9,2023-09,Comerciais leves,21,RAM,3500,169,https://www.fenabrave.org.br/portal/files/2023_09_2.pdf
2023,9,2023-09,Comerciais leves,22,VW TRUCK E BUS,EXPRESS,165,https://www.fenabrave.org.br/portal/files/2023_09_2.pdf
2023,9,2023-09,Comerciais leves,23,FORD,TRANSIT,129,https://www.fenabrave.org.br/portal/files/2023_09_2.pdf
2023,9,2023-09,Comerciais leves,24,IVECO,DAILY,101,https://www.fenabrave.org.br/portal/files/2023_09_2.pdf
2023,9,2023-09,Comerciais leves,25,CITROEN,JUMPY,94,https://www.fenabrave.org.br/portal/files/2023_09_2.pdf
2023,9,2023-09,Comerciais leves,26,M.BENZ,SPRINTER 315,90,https://www.fenabrave.org.br/portal/files/2023_09_2.pdf
2023,9,2023-09,Comerciais leves,27,EFFA,V21,83,https://www.fenabrave.org.br/portal/files/2023_09_2.pdf
2023,9,2023-09,Comerciais leves,28,FIAT,DUCATO,79,https://www.fenabrave.org.br/portal/files/2023_09_2.pdf
2023,9,2023-09,Comerciais leves,29,RAM,1500,77,https://www.fenabrave.org.br/portal/files/2023_09_2.pdf
2023,9,2023-09,Comerciais leves,30,FORD,F150,72,https://www.fenabrave.org.br/portal/files/2023_09_2.pdf
2023,9,2023-09,Comerciais leves,31,FORD,MAVERICK,70,https://www.fenabrave.org.br/portal/files/2023_09_2.pdf
2023,9,2023-09,Comerciais leves,32,JEEP,GLADIATOR,44,https://www.fenabrave.org.br/portal/files/2023_09_2.pdf
2023,9,2023-09,Comerciais leves,33,EFFA,V22,29,https://www.fenabrave.org.br/portal/files/2023_09_2.pdf
2023,9,2023-09,Comerciais leves,34,PEUGEOT,BOXER,23,https://www.fenabrave.org.br/portal/files/2023_09_2.pdf
2023,9,2023-09,Comerciais leves,35,M.BENZ,SPRINTER 517,9,https://www.fenabrave.org.br/portal/files/2023_09_2.pdf
2023,9,2023-09,Comerciais leves,36,IVECO,DAILY 30-130,8,https://www.fenabrave.org.br/portal/files/2023_09_2.pdf
2023,9,2023-09,Comerciais leves,37,M.BENZ,SPRINTER,8,https://www.fenabrave.org.br/portal/files/2023_09_2.pdf
2023,9,2023-09,Comerciais leves,38,M.BENZ,SPRINTER 417,8,https://www.fenabrave.org.br/portal/files/2023_09_2.pdf
2023,9,2023-09,Comerciais leves,39,JAC,EJV5.5,8,https://www.fenabrave.org.br/portal/files/2023_09_2.pdf
2023,9,2023-09,Comerciais leves,40,CITROEN,JUMPER,7,https://www.fenabrave.org.br/portal/files/2023_09_2.pdf
2023,9,2023-09,Comerciais leves,41,EFFA,V25,6,https://www.fenabrave.org.br/portal/files/2023_09_2.pdf
2023,9,2023-09,Comerciais leves,42,HYUNDAI,HR,5,https://www.fenabrave.org.br/portal/files/2023_09_2.pdf
2023,9,2023-09,Comerciais leves,43,BYD,T3,3,https://www.fenabrave.org.br/portal/files/2023_09_2.pdf
2023,9,2023-09,Comerciais leves,44,HITECH,ECOCARGO,3,https://www.fenabrave.org.br/portal/files/2023_09_2.pdf
2023,9,2023-09,Comerciais leves,45,M.BENZ,SPRINTER 416,2,https://www.fenabrave.org.br/portal/files/2023_09_2.pdf
2023,9,2023-09,Comerciais leves,46,TOYOTA,BANDEIRANTE,2,https://www.fenabrave.org.br/portal/files/2023_09_2.pdf
2023,9,2023-09,Comerciais leves,47,TOYOTA,TUNDRA,2,https://www.fenabrave.org.br/portal/files/2023_09_2.pdf
2023,9,2023-09,Comerciais leves,48,JAC,IEV 330P,2,https://www.fenabrave.org.br/portal/files/2023_09_2.pdf
2023,9,2023-09,Comerciais leves,49,RIVIAN,R1T,2,https://www.fenabrave.org.br/portal/files/2023_09_2.pdf
2023,9,2023-09,Comerciais leves,50,FORD,JEEP,1,https://www.fenabrave.org.br/portal/files/2023_09_2.pdf
2023,10,2023-10,Automóveis,1,VW,POLO,11123,https://www.fenabrave.org.br/portal/files/2023_10_2.pdf
2023,10,2023-10,Automóveis,2,GM,ONIX,10657,https://www.fenabrave.org.br/portal/files/2023_10_2.pdf
2023,10,2023-10,Automóveis,3,FIAT,MOBI,8037,https://www.fenabrave.org.br/portal/files/2023_10_2.pdf
2023,10,2023-10,Automóveis,4,HYUNDAI,HB20,7421,https://www.fenabrave.org.br/portal/files/2023_10_2.pdf
2023,10,2023-10,Automóveis,5,GM,ONIX PLUS,7114,https://www.fenabrave.org.br/portal/files/2023_10_2.pdf
2023,10,2023-10,Automóveis,6,VW,T CROSS,6724,https://www.fenabrave.org.br/portal/files/2023_10_2.pdf
2023,10,2023-10,Automóveis,7,GM,TRACKER,6669,https://www.fenabrave.org.br/portal/files/2023_10_2.pdf
2023,10,2023-10,Automóveis,8,RENAULT,KWID,6394,https://www.fenabrave.org.br/portal/files/2023_10_2.pdf
2023,10,2023-10,Automóveis,9,NISSAN,KICKS,6115,https://www.fenabrave.org.br/portal/files/2023_10_2.pdf
2023,10,2023-10,Automóveis,10,HYUNDAI,CRETA,5354,https://www.fenabrave.org.br/portal/files/2023_10_2.pdf
2023,10,2023-10,Automóveis,11,FIAT,ARGO,5257,https://www.fenabrave.org.br/portal/files/2023_10_2.pdf
2023,10,2023-10,Automóveis,12,VW,NIVUS,4957,https://www.fenabrave.org.br/portal/files/2023_10_2.pdf
2023,10,2023-10,Automóveis,13,FIAT,CRONOS,4929,https://www.fenabrave.org.br/portal/files/2023_10_2.pdf
2023,10,2023-10,Automóveis,14,JEEP,COMPASS,4640,https://www.fenabrave.org.br/portal/files/2023_10_2.pdf
2023,10,2023-10,Automóveis,15,FIAT,PULSE,4157,https://www.fenabrave.org.br/portal/files/2023_10_2.pdf
2023,10,2023-10,Automóveis,16,HONDA,HR-V,4049,https://www.fenabrave.org.br/portal/files/2023_10_2.pdf
2023,10,2023-10,Automóveis,17,TOYOTA,COROLLA,3996,https://www.fenabrave.org.br/portal/files/2023_10_2.pdf
2023,10,2023-10,Automóveis,18,TOYOTA,COROLLA CROSS,3682,https://www.fenabrave.org.br/portal/files/2023_10_2.pdf
2023,10,2023-10,Automóveis,19,FIAT,FASTBACK,3640,https://www.fenabrave.org.br/portal/files/2023_10_2.pdf
2023,10,2023-10,Automóveis,20,HYUNDAI,HB20S,3442,https://www.fenabrave.org.br/portal/files/2023_10_2.pdf
2023,10,2023-10,Automóveis,21,JEEP,RENEGADE,3249,https://www.fenabrave.org.br/portal/files/2023_10_2.pdf
2023,10,2023-10,Automóveis,22,VW,VIRTUS,2910,https://www.fenabrave.org.br/portal/files/2023_10_2.pdf
2023,10,2023-10,Automóveis,23,RENAULT,DUSTER,2891,https://www.fenabrave.org.br/portal/files/2023_10_2.pdf
2023,10,2023-10,Automóveis,24,PEUGEOT,208,2832,https://www.fenabrave.org.br/portal/files/2023_10_2.pdf
2023,10,2023-10,Automóveis,25,CITROEN,C3,2714,https://www.fenabrave.org.br/portal/files/2023_10_2.pdf
2023,10,2023-10,Automóveis,26,CAOA CHERY,TIGGO 5X,2483,https://www.fenabrave.org.br/portal/files/2023_10_2.pdf
2023,10,2023-10,Automóveis,27,TOYOTA,YARIS SEDAN,2426,https://www.fenabrave.org.br/portal/files/2023_10_2.pdf
2023,10,2023-10,Automóveis,28,GM,SPIN,2051,https://www.fenabrave.org.br/portal/files/2023_10_2.pdf
2023,10,2023-10,Automóveis,29,VW,TAOS,1865,https://www.fenabrave.org.br/portal/files/2023_10_2.pdf
2023,10,2023-10,Automóveis,30,TOYOTA,YARIS HB,1862,https://www.fenabrave.org.br/portal/files/2023_10_2.pdf
2023,10,2023-10,Automóveis,31,JEEP,COMMANDER,1577,https://www.fenabrave.org.br/portal/files/2023_10_2.pdf
2023,10,2023-10,Automóveis,32,TOYOTA,HILUX SW4,1548,https://www.fenabrave.org.br/portal/files/2023_10_2.pdf
2023,10,2023-10,Automóveis,33,GWM,HAVAL H6,1450,https://www.fenabrave.org.br/portal/files/2023_10_2.pdf
2023,10,2023-10,Automóveis,34,BYD,DOLPHIN,1366,https://www.fenabrave.org.br/portal/files/2023_10_2.pdf
2023,10,2023-10,Automóveis,35,BYD,SONG PLUS,1100,https://www.fenabrave.org.br/portal/files/2023_10_2.pdf
2023,10,2023-10,Automóveis,36,NISSAN,VERSA,767,https://www.fenabrave.org.br/portal/files/2023_10_2.pdf
2023,10,2023-10,Automóveis,37,HONDA,CITY,751,https://www.fenabrave.org.br/portal/files/2023_10_2.pdf
2023,10,2023-10,Automóveis,38,HONDA,CITY HATCH,684,https://www.fenabrave.org.br/portal/files/2023_10_2.pdf
2023,10,2023-10,Automóveis,39,CAOA CHERY,TIGGO 8,678,https://www.fenabrave.org.br/portal/files/2023_10_2.pdf
2023,10,2023-10,Automóveis,40,CAOA CHERY,TIGGO 7,510,https://www.fenabrave.org.br/portal/files/2023_10_2.pdf
2023,10,2023-10,Automóveis,41,NISSAN,SENTRA,490,https://www.fenabrave.org.br/portal/files/2023_10_2.pdf
2023,10,2023-10,Automóveis,42,MITSUBISHI,ECLIPSE CROSS,464,https://www.fenabrave.org.br/portal/files/2023_10_2.pdf
2023,10,2023-10,Automóveis,43,RENAULT,SANDERO,443,https://www.fenabrave.org.br/portal/files/2023_10_2.pdf
2023,10,2023-10,Automóveis,44,GM,EQUINOX,425,https://www.fenabrave.org.br/portal/files/2023_10_2.pdf
2023,10,2023-10,Automóveis,45,BMW,X1,418,https://www.fenabrave.org.br/portal/files/2023_10_2.pdf
2023,10,2023-10,Automóveis,46,CITROEN,C4 CACTUS,332,https://www.fenabrave.org.br/portal/files/2023_10_2.pdf
2023,10,2023-10,Automóveis,47,VOLVO,XC60,323,https://www.fenabrave.org.br/portal/files/2023_10_2.pdf
2023,10,2023-10,Automóveis,48,VW,JETTA,313,https://www.fenabrave.org.br/portal/files/2023_10_2.pdf
2023,10,2023-10,Automóveis,49,BMW,320I,310,https://www.fenabrave.org.br/portal/files/2023_10_2.pdf
2023,10,2023-10,Automóveis,50,FORD,BRONCO,257,https://www.fenabrave.org.br/portal/files/2023_10_2.pdf
2023,10,2023-10,Comerciais leves,1,FIAT,STRADA,11874,https://www.fenabrave.org.br/portal/files/2023_10_2.pdf
2023,10,2023-10,Comerciais leves,2,VW,SAVEIRO,4214,https://www.fenabrave.org.br/portal/files/2023_10_2.pdf
2023,10,2023-10,Comerciais leves,3,FIAT,TORO,4087,https://www.fenabrave.org.br/portal/files/2023_10_2.pdf
2023,10,2023-10,Comerciais leves,4,TOYOTA,HILUX,4026,https://www.fenabrave.org.br/portal/files/2023_10_2.pdf
2023,10,2023-10,Comerciais leves,5,GM,MONTANA,2924,https://www.fenabrave.org.br/portal/files/2023_10_2.pdf
2023,10,2023-10,Comerciais leves,6,FORD,RANGER,2591,https://www.fenabrave.org.br/portal/files/2023_10_2.pdf
2023,10,2023-10,Comerciais leves,7,RAM,RAMPAGE,2542,https://www.fenabrave.org.br/portal/files/2023_10_2.pdf
2023,10,2023-10,Comerciais leves,8,FIAT,FIORINO,2051,https://www.fenabrave.org.br/portal/files/2023_10_2.pdf
2023,10,2023-10,Comerciais leves,9,GM,S10,2037,https://www.fenabrave.org.br/portal/files/2023_10_2.pdf
2023,10,2023-10,Comerciais leves,10,MITSUBISHI,L200,1206,https://www.fenabrave.org.br/portal/files/2023_10_2.pdf
2023,10,2023-10,Comerciais leves,11,RENAULT,OROCH,991,https://www.fenabrave.org.br/portal/files/2023_10_2.pdf
2023,10,2023-10,Comerciais leves,12,RENAULT,MASTER,980,https://www.fenabrave.org.br/portal/files/2023_10_2.pdf
2023,10,2023-10,Comerciais leves,13,VW,AMAROK,735,https://www.fenabrave.org.br/portal/files/2023_10_2.pdf
2023,10,2023-10,Comerciais leves,14,NISSAN,FRONTIER,648,https://www.fenabrave.org.br/portal/files/2023_10_2.pdf
2023,10,2023-10,Comerciais leves,15,FIAT,SCUDO,311,https://www.fenabrave.org.br/portal/files/2023_10_2.pdf
2023,10,2023-10,Comerciais leves,16,KIA,K2500,236,https://www.fenabrave.org.br/portal/files/2023_10_2.pdf
2023,10,2023-10,Comerciais leves,17,FORD,MAVERICK,197,https://www.fenabrave.org.br/portal/files/2023_10_2.pdf
2023,10,2023-10,Comerciais leves,18,PEUGEOT,EXPERT,197,https://www.fenabrave.org.br/portal/files/2023_10_2.pdf
2023,10,2023-10,Comerciais leves,19,RAM,3500,168,https://www.fenabrave.org.br/portal/files/2023_10_2.pdf
2023,10,2023-10,Comerciais leves,20,RAM,CLASSIC,163,https://www.fenabrave.org.br/portal/files/2023_10_2.pdf
2023,10,2023-10,Comerciais leves,21,RAM,2500,159,https://www.fenabrave.org.br/portal/files/2023_10_2.pdf
2023,10,2023-10,Comerciais leves,22,VW TRUCK E BUS,EXPRESS,149,https://www.fenabrave.org.br/portal/files/2023_10_2.pdf
2023,10,2023-10,Comerciais leves,23,FORD,TRANSIT,140,https://www.fenabrave.org.br/portal/files/2023_10_2.pdf
2023,10,2023-10,Comerciais leves,24,IVECO,DAILY,116,https://www.fenabrave.org.br/portal/files/2023_10_2.pdf
2023,10,2023-10,Comerciais leves,25,FIAT,DUCATO,105,https://www.fenabrave.org.br/portal/files/2023_10_2.pdf
2023,10,2023-10,Comerciais leves,26,M.BENZ,SPRINTER 315,104,https://www.fenabrave.org.br/portal/files/2023_10_2.pdf
2023,10,2023-10,Comerciais leves,27,PEUGEOT,PARTNER,87,https://www.fenabrave.org.br/portal/files/2023_10_2.pdf
2023,10,2023-10,Comerciais leves,28,EFFA,V21,86,https://www.fenabrave.org.br/portal/files/2023_10_2.pdf
2023,10,2023-10,Comerciais leves,29,CITROEN,JUMPY,83,https://www.fenabrave.org.br/portal/files/2023_10_2.pdf
2023,10,2023-10,Comerciais leves,30,FORD,F150,78,https://www.fenabrave.org.br/portal/files/2023_10_2.pdf
2023,10,2023-10,Comerciais leves,31,RAM,1500,45,https://www.fenabrave.org.br/portal/files/2023_10_2.pdf
2023,10,2023-10,Comerciais leves,32,JEEP,GLADIATOR,34,https://www.fenabrave.org.br/portal/files/2023_10_2.pdf
2023,10,2023-10,Comerciais leves,33,PEUGEOT,BOXER,22,https://www.fenabrave.org.br/portal/files/2023_10_2.pdf
2023,10,2023-10,Comerciais leves,34,IVECO,DAILY 30-130,20,https://www.fenabrave.org.br/portal/files/2023_10_2.pdf
2023,10,2023-10,Comerciais leves,35,EFFA,V22,18,https://www.fenabrave.org.br/portal/files/2023_10_2.pdf
2023,10,2023-10,Comerciais leves,36,HYUNDAI,HR,15,https://www.fenabrave.org.br/portal/files/2023_10_2.pdf
2023,10,2023-10,Comerciais leves,37,M.BENZ,SPRINTER 517,12,https://www.fenabrave.org.br/portal/files/2023_10_2.pdf
2023,10,2023-10,Comerciais leves,38,M.BENZ,SPRINTER,11,https://www.fenabrave.org.br/portal/files/2023_10_2.pdf
2023,10,2023-10,Comerciais leves,39,EFFA,V25,11,https://www.fenabrave.org.br/portal/files/2023_10_2.pdf
2023,10,2023-10,Comerciais leves,40,JAC,EJV5.5,10,https://www.fenabrave.org.br/portal/files/2023_10_2.pdf
2023,10,2023-10,Comerciais leves,41,VW,KOMBI,7,https://www.fenabrave.org.br/portal/files/2023_10_2.pdf
2023,10,2023-10,Comerciais leves,42,CITROEN,JUMPER,6,https://www.fenabrave.org.br/portal/files/2023_10_2.pdf
2023,10,2023-10,Comerciais leves,43,M.BENZ,SPRINTER 417,5,https://www.fenabrave.org.br/portal/files/2023_10_2.pdf
2023,10,2023-10,Comerciais leves,44,JAC,IEV750,5,https://www.fenabrave.org.br/portal/files/2023_10_2.pdf
2023,10,2023-10,Comerciais leves,45,CITROEN,BERLINGO,4,https://www.fenabrave.org.br/portal/files/2023_10_2.pdf
2023,10,2023-10,Comerciais leves,46,JAC,IEV 330P,3,https://www.fenabrave.org.br/portal/files/2023_10_2.pdf
2023,10,2023-10,Comerciais leves,47,HITECH,ECOCARGO,3,https://www.fenabrave.org.br/portal/files/2023_10_2.pdf
2023,10,2023-10,Comerciais leves,48,IVECO,DAILY 35-150,2,https://www.fenabrave.org.br/portal/files/2023_10_2.pdf
2023,10,2023-10,Comerciais leves,49,WILLYS,OVERLAND,2,https://www.fenabrave.org.br/portal/files/2023_10_2.pdf
2023,10,2023-10,Comerciais leves,50,BYD,T3,2,https://www.fenabrave.org.br/portal/files/2023_10_2.pdf
2023,11,2023-11,Automóveis,1,VW,POLO,10197,https://www.fenabrave.org.br/portal/files/2023_11_2.pdf
2023,11,2023-11,Automóveis,2,HYUNDAI,HB20,10057,https://www.fenabrave.org.br/portal/files/2023_11_2.pdf
2023,11,2023-11,Automóveis,3,GM,ONIX,9802,https://www.fenabrave.org.br/portal/files/2023_11_2.pdf
2023,11,2023-11,Automóveis,4,HYUNDAI,CRETA,6989,https://www.fenabrave.org.br/portal/files/2023_11_2.pdf
2023,11,2023-11,Automóveis,5,VW,T CROSS,6525,https://www.fenabrave.org.br/portal/files/2023_11_2.pdf
2023,11,2023-11,Automóveis,6,FIAT,MOBI,6367,https://www.fenabrave.org.br/portal/files/2023_11_2.pdf
2023,11,2023-11,Automóveis,7,RENAULT,KWID,5972,https://www.fenabrave.org.br/portal/files/2023_11_2.pdf
2023,11,2023-11,Automóveis,8,GM,TRACKER,5899,https://www.fenabrave.org.br/portal/files/2023_11_2.pdf
2023,11,2023-11,Automóveis,9,JEEP,COMPASS,5751,https://www.fenabrave.org.br/portal/files/2023_11_2.pdf
2023,11,2023-11,Automóveis,10,FIAT,CRONOS,5572,https://www.fenabrave.org.br/portal/files/2023_11_2.pdf
2023,11,2023-11,Automóveis,11,GM,ONIX PLUS,5423,https://www.fenabrave.org.br/portal/files/2023_11_2.pdf
2023,11,2023-11,Automóveis,12,FIAT,ARGO,5335,https://www.fenabrave.org.br/portal/files/2023_11_2.pdf
2023,11,2023-11,Automóveis,13,FIAT,PULSE,4719,https://www.fenabrave.org.br/portal/files/2023_11_2.pdf
2023,11,2023-11,Automóveis,14,VW,NIVUS,4421,https://www.fenabrave.org.br/portal/files/2023_11_2.pdf
2023,11,2023-11,Automóveis,15,JEEP,RENEGADE,4236,https://www.fenabrave.org.br/portal/files/2023_11_2.pdf
2023,11,2023-11,Automóveis,16,NISSAN,KICKS,4189,https://www.fenabrave.org.br/portal/files/2023_11_2.pdf
2023,11,2023-11,Automóveis,17,HONDA,HR-V,3924,https://www.fenabrave.org.br/portal/files/2023_11_2.pdf
2023,11,2023-11,Automóveis,18,FIAT,FASTBACK,3709,https://www.fenabrave.org.br/portal/files/2023_11_2.pdf
2023,11,2023-11,Automóveis,19,TOYOTA,COROLLA,3571,https://www.fenabrave.org.br/portal/files/2023_11_2.pdf
2023,11,2023-11,Automóveis,20,HYUNDAI,HB20S,3345,https://www.fenabrave.org.br/portal/files/2023_11_2.pdf
2023,11,2023-11,Automóveis,21,CITROEN,C3,3307,https://www.fenabrave.org.br/portal/files/2023_11_2.pdf
2023,11,2023-11,Automóveis,22,RENAULT,DUSTER,3295,https://www.fenabrave.org.br/portal/files/2023_11_2.pdf
2023,11,2023-11,Automóveis,23,PEUGEOT,208,2910,https://www.fenabrave.org.br/portal/files/2023_11_2.pdf
2023,11,2023-11,Automóveis,24,TOYOTA,COROLLA CROSS,2648,https://www.fenabrave.org.br/portal/files/2023_11_2.pdf
2023,11,2023-11,Automóveis,25,CAOA CHERY,TIGGO 5X,2433,https://www.fenabrave.org.br/portal/files/2023_11_2.pdf
2023,11,2023-11,Automóveis,26,VW,VIRTUS,2431,https://www.fenabrave.org.br/portal/files/2023_11_2.pdf
2023,11,2023-11,Automóveis,27,VW,TAOS,1863,https://www.fenabrave.org.br/portal/files/2023_11_2.pdf
2023,11,2023-11,Automóveis,28,JEEP,COMMANDER,1736,https://www.fenabrave.org.br/portal/files/2023_11_2.pdf
2023,11,2023-11,Automóveis,29,TOYOTA,YARIS SEDAN,1734,https://www.fenabrave.org.br/portal/files/2023_11_2.pdf
2023,11,2023-11,Automóveis,30,BYD,DOLPHIN,1694,https://www.fenabrave.org.br/portal/files/2023_11_2.pdf
2023,11,2023-11,Automóveis,31,GM,SPIN,1630,https://www.fenabrave.org.br/portal/files/2023_11_2.pdf
2023,11,2023-11,Automóveis,32,TOYOTA,HILUX SW4,1544,https://www.fenabrave.org.br/portal/files/2023_11_2.pdf
2023,11,2023-11,Automóveis,33,BYD,SONG PLUS,1523,https://www.fenabrave.org.br/portal/files/2023_11_2.pdf
2023,11,2023-11,Automóveis,34,TOYOTA,YARIS HB,1405,https://www.fenabrave.org.br/portal/files/2023_11_2.pdf
2023,11,2023-11,Automóveis,35,GWM,HAVAL H6,1295,https://www.fenabrave.org.br/portal/files/2023_11_2.pdf
2023,11,2023-11,Automóveis,36,CAOA CHERY,TIGGO 8,1057,https://www.fenabrave.org.br/portal/files/2023_11_2.pdf
2023,11,2023-11,Automóveis,37,HONDA,CITY,887,https://www.fenabrave.org.br/portal/files/2023_11_2.pdf
2023,11,2023-11,Automóveis,38,NISSAN,VERSA,772,https://www.fenabrave.org.br/portal/files/2023_11_2.pdf
2023,11,2023-11,Automóveis,39,HONDA,CITY HATCH,662,https://www.fenabrave.org.br/portal/files/2023_11_2.pdf
2023,11,2023-11,Automóveis,40,CAOA CHERY,TIGGO 7,600,https://www.fenabrave.org.br/portal/files/2023_11_2.pdf
2023,11,2023-11,Automóveis,41,MITSUBISHI,ECLIPSE CROSS,539,https://www.fenabrave.org.br/portal/files/2023_11_2.pdf
2023,11,2023-11,Automóveis,42,RENAULT,SANDERO,524,https://www.fenabrave.org.br/portal/files/2023_11_2.pdf
2023,11,2023-11,Automóveis,43,BMW,X1,382,https://www.fenabrave.org.br/portal/files/2023_11_2.pdf
2023,11,2023-11,Automóveis,44,GM,EQUINOX,350,https://www.fenabrave.org.br/portal/files/2023_11_2.pdf
2023,11,2023-11,Automóveis,45,RENAULT,LOGAN,350,https://www.fenabrave.org.br/portal/files/2023_11_2.pdf
2023,11,2023-11,Automóveis,46,VW,TIGUAN,334,https://www.fenabrave.org.br/portal/files/2023_11_2.pdf
2023,11,2023-11,Automóveis,47,NISSAN,SENTRA,326,https://www.fenabrave.org.br/portal/files/2023_11_2.pdf
2023,11,2023-11,Automóveis,48,BYD,YUAN PLUS,286,https://www.fenabrave.org.br/portal/files/2023_11_2.pdf
2023,11,2023-11,Automóveis,49,VW,JETTA,280,https://www.fenabrave.org.br/portal/files/2023_11_2.pdf
2023,11,2023-11,Automóveis,50,BMW,320I,256,https://www.fenabrave.org.br/portal/files/2023_11_2.pdf
2023,11,2023-11,Comerciais leves,1,FIAT,STRADA,11518,https://www.fenabrave.org.br/portal/files/2023_11_2.pdf
2023,11,2023-11,Comerciais leves,2,FIAT,TORO,4418,https://www.fenabrave.org.br/portal/files/2023_11_2.pdf
2023,11,2023-11,Comerciais leves,3,TOYOTA,HILUX,3783,https://www.fenabrave.org.br/portal/files/2023_11_2.pdf
2023,11,2023-11,Comerciais leves,4,VW,SAVEIRO,3095,https://www.fenabrave.org.br/portal/files/2023_11_2.pdf
2023,11,2023-11,Comerciais leves,5,RAM,RAMPAGE,3026,https://www.fenabrave.org.br/portal/files/2023_11_2.pdf
2023,11,2023-11,Comerciais leves,6,GM,MONTANA,2263,https://www.fenabrave.org.br/portal/files/2023_11_2.pdf
2023,11,2023-11,Comerciais leves,7,FIAT,FIORINO,2194,https://www.fenabrave.org.br/portal/files/2023_11_2.pdf
2023,11,2023-11,Comerciais leves,8,FORD,RANGER,2141,https://www.fenabrave.org.br/portal/files/2023_11_2.pdf
2023,11,2023-11,Comerciais leves,9,GM,S10,1373,https://www.fenabrave.org.br/portal/files/2023_11_2.pdf
2023,11,2023-11,Comerciais leves,10,MITSUBISHI,L200,1152,https://www.fenabrave.org.br/portal/files/2023_11_2.pdf
2023,11,2023-11,Comerciais leves,11,VW,AMAROK,932,https://www.fenabrave.org.br/portal/files/2023_11_2.pdf
2023,11,2023-11,Comerciais leves,12,RENAULT,OROCH,891,https://www.fenabrave.org.br/portal/files/2023_11_2.pdf
2023,11,2023-11,Comerciais leves,13,RENAULT,MASTER,774,https://www.fenabrave.org.br/portal/files/2023_11_2.pdf
2023,11,2023-11,Comerciais leves,14,NISSAN,FRONTIER,689,https://www.fenabrave.org.br/portal/files/2023_11_2.pdf
2023,11,2023-11,Comerciais leves,15,PEUGEOT,EXPERT,254,https://www.fenabrave.org.br/portal/files/2023_11_2.pdf
2023,11,2023-11,Comerciais leves,16,FORD,TRANSIT,241,https://www.fenabrave.org.br/portal/files/2023_11_2.pdf
2023,11,2023-11,Comerciais leves,17,FIAT,SCUDO,218,https://www.fenabrave.org.br/portal/files/2023_11_2.pdf
2023,11,2023-11,Comerciais leves,18,KIA,K2500,213,https://www.fenabrave.org.br/portal/files/2023_11_2.pdf
2023,11,2023-11,Comerciais leves,19,FIAT,DUCATO,211,https://www.fenabrave.org.br/portal/files/2023_11_2.pdf
2023,11,2023-11,Comerciais leves,20,CITROEN,JUMPY,162,https://www.fenabrave.org.br/portal/files/2023_11_2.pdf
2023,11,2023-11,Comerciais leves,21,VW TRUCK E BUS,EXPRESS,161,https://www.fenabrave.org.br/portal/files/2023_11_2.pdf
2023,11,2023-11,Comerciais leves,22,FORD,MAVERICK,159,https://www.fenabrave.org.br/portal/files/2023_11_2.pdf
2023,11,2023-11,Comerciais leves,23,RAM,CLASSIC,149,https://www.fenabrave.org.br/portal/files/2023_11_2.pdf
2023,11,2023-11,Comerciais leves,24,RAM,2500,124,https://www.fenabrave.org.br/portal/files/2023_11_2.pdf
2023,11,2023-11,Comerciais leves,25,IVECO,DAILY,119,https://www.fenabrave.org.br/portal/files/2023_11_2.pdf
2023,11,2023-11,Comerciais leves,26,RAM,3500,117,https://www.fenabrave.org.br/portal/files/2023_11_2.pdf
2023,11,2023-11,Comerciais leves,27,PEUGEOT,PARTNER,89,https://www.fenabrave.org.br/portal/files/2023_11_2.pdf
2023,11,2023-11,Comerciais leves,28,EFFA,V21,75,https://www.fenabrave.org.br/portal/files/2023_11_2.pdf
2023,11,2023-11,Comerciais leves,29,HYUNDAI,HR,65,https://www.fenabrave.org.br/portal/files/2023_11_2.pdf
2023,11,2023-11,Comerciais leves,30,FORD,F150,61,https://www.fenabrave.org.br/portal/files/2023_11_2.pdf
2023,11,2023-11,Comerciais leves,31,M.BENZ,SPRINTER 315,56,https://www.fenabrave.org.br/portal/files/2023_11_2.pdf
2023,11,2023-11,Comerciais leves,32,RENAULT,KANGOO E-TECH,49,https://www.fenabrave.org.br/portal/files/2023_11_2.pdf
2023,11,2023-11,Comerciais leves,33,IVECO,DAILY 30-130,40,https://www.fenabrave.org.br/portal/files/2023_11_2.pdf
2023,11,2023-11,Comerciais leves,34,RAM,1500,25,https://www.fenabrave.org.br/portal/files/2023_11_2.pdf
2023,11,2023-11,Comerciais leves,35,EFFA,V22,24,https://www.fenabrave.org.br/portal/files/2023_11_2.pdf
2023,11,2023-11,Comerciais leves,36,JEEP,GLADIATOR,16,https://www.fenabrave.org.br/portal/files/2023_11_2.pdf
2023,11,2023-11,Comerciais leves,37,M.BENZ,SPRINTER 417,14,https://www.fenabrave.org.br/portal/files/2023_11_2.pdf
2023,11,2023-11,Comerciais leves,38,M.BENZ,SPRINTER 517,12,https://www.fenabrave.org.br/portal/files/2023_11_2.pdf
2023,11,2023-11,Comerciais leves,39,JAC,EJV5.5,12,https://www.fenabrave.org.br/portal/files/2023_11_2.pdf
2023,11,2023-11,Comerciais leves,40,PEUGEOT,BOXER,8,https://www.fenabrave.org.br/portal/files/2023_11_2.pdf
2023,11,2023-11,Comerciais leves,41,CITROEN,JUMPER,6,https://www.fenabrave.org.br/portal/files/2023_11_2.pdf
2023,11,2023-11,Comerciais leves,42,GMC,HUMMER EV EDITION 1,3,https://www.fenabrave.org.br/portal/files/2023_11_2.pdf
2023,11,2023-11,Comerciais leves,43,M.BENZ,SPRINTER 416,2,https://www.fenabrave.org.br/portal/files/2023_11_2.pdf
2023,11,2023-11,Comerciais leves,44,EFFA,V25,2,https://www.fenabrave.org.br/portal/files/2023_11_2.pdf
2023,11,2023-11,Comerciais leves,45,JAC,IEV750,2,https://www.fenabrave.org.br/portal/files/2023_11_2.pdf
2023,11,2023-11,Comerciais leves,46,BYD,T3,2,https://www.fenabrave.org.br/portal/files/2023_11_2.pdf
2023,11,2023-11,Comerciais leves,47,HITECH,ECOCARGO,2,https://www.fenabrave.org.br/portal/files/2023_11_2.pdf
2023,11,2023-11,Comerciais leves,48,DODGE,CHARGER,1,https://www.fenabrave.org.br/portal/files/2023_11_2.pdf
2023,11,2023-11,Comerciais leves,49,FORD,F250,1,https://www.fenabrave.org.br/portal/files/2023_11_2.pdf
2023,11,2023-11,Comerciais leves,50,GM,D20,1,https://www.fenabrave.org.br/portal/files/2023_11_2.pdf
2023,12,2023-12,Automóveis,1,VW,POLO,17999,https://www.fenabrave.org.br/portal/files/2023_12_2.pdf
2023,12,2023-12,Automóveis,2,GM,ONIX,10839,https://www.fenabrave.org.br/portal/files/2023_12_2.pdf
2023,12,2023-12,Automóveis,3,HYUNDAI,HB20,9627,https://www.fenabrave.org.br/portal/files/2023_12_2.pdf
2023,12,2023-12,Automóveis,4,HYUNDAI,CRETA,8579,https://www.fenabrave.org.br/portal/files/2023_12_2.pdf
2023,12,2023-12,Automóveis,5,RENAULT,KWID,8104,https://www.fenabrave.org.br/portal/files/2023_12_2.pdf
2023,12,2023-12,Automóveis,6,VW,T CROSS,7792,https://www.fenabrave.org.br/portal/files/2023_12_2.pdf
2023,12,2023-12,Automóveis,7,FIAT,MOBI,7395,https://www.fenabrave.org.br/portal/files/2023_12_2.pdf
2023,12,2023-12,Automóveis,8,GM,TRACKER,6769,https://www.fenabrave.org.br/portal/files/2023_12_2.pdf
2023,12,2023-12,Automóveis,9,GM,ONIX PLUS,6375,https://www.fenabrave.org.br/portal/files/2023_12_2.pdf
2023,12,2023-12,Automóveis,10,FIAT,CRONOS,6332,https://www.fenabrave.org.br/portal/files/2023_12_2.pdf
2023,12,2023-12,Automóveis,11,VW,NIVUS,5646,https://www.fenabrave.org.br/portal/files/2023_12_2.pdf
2023,12,2023-12,Automóveis,12,FIAT,ARGO,5218,https://www.fenabrave.org.br/portal/files/2023_12_2.pdf
2023,12,2023-12,Automóveis,13,NISSAN,KICKS,4820,https://www.fenabrave.org.br/portal/files/2023_12_2.pdf
2023,12,2023-12,Automóveis,14,FIAT,PULSE,4537,https://www.fenabrave.org.br/portal/files/2023_12_2.pdf
2023,12,2023-12,Automóveis,15,TOYOTA,COROLLA CROSS,4389,https://www.fenabrave.org.br/portal/files/2023_12_2.pdf
2023,12,2023-12,Automóveis,16,HONDA,HR-V,4201,https://www.fenabrave.org.br/portal/files/2023_12_2.pdf
2023,12,2023-12,Automóveis,17,TOYOTA,COROLLA,4050,https://www.fenabrave.org.br/portal/files/2023_12_2.pdf
2023,12,2023-12,Automóveis,18,FIAT,FASTBACK,3949,https://www.fenabrave.org.br/portal/files/2023_12_2.pdf
2023,12,2023-12,Automóveis,19,JEEP,COMPASS,3937,https://www.fenabrave.org.br/portal/files/2023_12_2.pdf
2023,12,2023-12,Automóveis,20,VW,VIRTUS,3629,https://www.fenabrave.org.br/portal/files/2023_12_2.pdf
2023,12,2023-12,Automóveis,21,JEEP,RENEGADE,3234,https://www.fenabrave.org.br/portal/files/2023_12_2.pdf
2023,12,2023-12,Automóveis,22,RENAULT,DUSTER,3175,https://www.fenabrave.org.br/portal/files/2023_12_2.pdf
2023,12,2023-12,Automóveis,23,HYUNDAI,HB20S,3035,https://www.fenabrave.org.br/portal/files/2023_12_2.pdf
2023,12,2023-12,Automóveis,24,TOYOTA,YARIS HB,2762,https://www.fenabrave.org.br/portal/files/2023_12_2.pdf
2023,12,2023-12,Automóveis,25,TOYOTA,YARIS SEDAN,2702,https://www.fenabrave.org.br/portal/files/2023_12_2.pdf
2023,12,2023-12,Automóveis,26,PEUGEOT,208,2636,https://www.fenabrave.org.br/portal/files/2023_12_2.pdf
2023,12,2023-12,Automóveis,27,BYD,DOLPHIN,2248,https://www.fenabrave.org.br/portal/files/2023_12_2.pdf
2023,12,2023-12,Automóveis,28,CAOA CHERY,TIGGO 5X,2225,https://www.fenabrave.org.br/portal/files/2023_12_2.pdf
2023,12,2023-12,Automóveis,29,GWM,HAVAL H6,2085,https://www.fenabrave.org.br/portal/files/2023_12_2.pdf
2023,12,2023-12,Automóveis,30,CITROEN,C3,2020,https://www.fenabrave.org.br/portal/files/2023_12_2.pdf
2023,12,2023-12,Automóveis,31,TOYOTA,HILUX SW4,1922,https://www.fenabrave.org.br/portal/files/2023_12_2.pdf
2023,12,2023-12,Automóveis,32,BYD,SONG PLUS,1883,https://www.fenabrave.org.br/portal/files/2023_12_2.pdf
2023,12,2023-12,Automóveis,33,GM,SPIN,1814,https://www.fenabrave.org.br/portal/files/2023_12_2.pdf
2023,12,2023-12,Automóveis,34,VW,TAOS,1761,https://www.fenabrave.org.br/portal/files/2023_12_2.pdf
2023,12,2023-12,Automóveis,35,JEEP,COMMANDER,1185,https://www.fenabrave.org.br/portal/files/2023_12_2.pdf
2023,12,2023-12,Automóveis,36,CAOA CHERY,TIGGO 8,1155,https://www.fenabrave.org.br/portal/files/2023_12_2.pdf
2023,12,2023-12,Automóveis,37,NISSAN,VERSA,1024,https://www.fenabrave.org.br/portal/files/2023_12_2.pdf
2023,12,2023-12,Automóveis,38,HONDA,CITY,931,https://www.fenabrave.org.br/portal/files/2023_12_2.pdf
2023,12,2023-12,Automóveis,39,BYD,SEAL,857,https://www.fenabrave.org.br/portal/files/2023_12_2.pdf
2023,12,2023-12,Automóveis,40,HONDA,CITY HATCH,813,https://www.fenabrave.org.br/portal/files/2023_12_2.pdf
2023,12,2023-12,Automóveis,41,RENAULT,SANDERO,758,https://www.fenabrave.org.br/portal/files/2023_12_2.pdf
2023,12,2023-12,Automóveis,42,GWM,ORA 03,711,https://www.fenabrave.org.br/portal/files/2023_12_2.pdf
2023,12,2023-12,Automóveis,43,CAOA CHERY,TIGGO 7,676,https://www.fenabrave.org.br/portal/files/2023_12_2.pdf
2023,12,2023-12,Automóveis,44,MITSUBISHI,ECLIPSE CROSS,655,https://www.fenabrave.org.br/portal/files/2023_12_2.pdf
2023,12,2023-12,Automóveis,45,HONDA,ZR-V,563,https://www.fenabrave.org.br/portal/files/2023_12_2.pdf
2023,12,2023-12,Automóveis,46,VOLVO,XC60,499,https://www.fenabrave.org.br/portal/files/2023_12_2.pdf
2023,12,2023-12,Automóveis,47,BYD,YUAN PLUS,475,https://www.fenabrave.org.br/portal/files/2023_12_2.pdf
2023,12,2023-12,Automóveis,48,VW,TIGUAN,450,https://www.fenabrave.org.br/portal/files/2023_12_2.pdf
2023,12,2023-12,Automóveis,49,BMW,X1,440,https://www.fenabrave.org.br/portal/files/2023_12_2.pdf
2023,12,2023-12,Automóveis,50,BMW,320I,434,https://www.fenabrave.org.br/portal/files/2023_12_2.pdf
2023,12,2023-12,Comerciais leves,1,FIAT,STRADA,10573,https://www.fenabrave.org.br/portal/files/2023_12_2.pdf
2023,12,2023-12,Comerciais leves,2,VW,SAVEIRO,5283,https://www.fenabrave.org.br/portal/files/2023_12_2.pdf
2023,12,2023-12,Comerciais leves,3,FIAT,TORO,4708,https://www.fenabrave.org.br/portal/files/2023_12_2.pdf
2023,12,2023-12,Comerciais leves,4,TOYOTA,HILUX,4344,https://www.fenabrave.org.br/portal/files/2023_12_2.pdf
2023,12,2023-12,Comerciais leves,5,FIAT,FIORINO,3485,https://www.fenabrave.org.br/portal/files/2023_12_2.pdf
2023,12,2023-12,Comerciais leves,6,GM,S10,3133,https://www.fenabrave.org.br/portal/files/2023_12_2.pdf
2023,12,2023-12,Comerciais leves,7,RAM,RAMPAGE,2490,https://www.fenabrave.org.br/portal/files/2023_12_2.pdf
2023,12,2023-12,Comerciais leves,8,GM,MONTANA,2483,https://www.fenabrave.org.br/portal/files/2023_12_2.pdf
2023,12,2023-12,Comerciais leves,9,FORD,RANGER,2451,https://www.fenabrave.org.br/portal/files/2023_12_2.pdf
2023,12,2023-12,Comerciais leves,10,MITSUBISHI,L200,1821,https://www.fenabrave.org.br/portal/files/2023_12_2.pdf
2023,12,2023-12,Comerciais leves,11,RENAULT,OROCH,1359,https://www.fenabrave.org.br/portal/files/2023_12_2.pdf
2023,12,2023-12,Comerciais leves,12,RENAULT,MASTER,1133,https://www.fenabrave.org.br/portal/files/2023_12_2.pdf
2023,12,2023-12,Comerciais leves,13,NISSAN,FRONTIER,1024,https://www.fenabrave.org.br/portal/files/2023_12_2.pdf
2023,12,2023-12,Comerciais leves,14,VW,AMAROK,699,https://www.fenabrave.org.br/portal/files/2023_12_2.pdf
2023,12,2023-12,Comerciais leves,15,FIAT,SCUDO,367,https://www.fenabrave.org.br/portal/files/2023_12_2.pdf
2023,12,2023-12,Comerciais leves,16,GM,SILVERADO,295,https://www.fenabrave.org.br/portal/files/2023_12_2.pdf
2023,12,2023-12,Comerciais leves,17,KIA,K2500,240,https://www.fenabrave.org.br/portal/files/2023_12_2.pdf
2023,12,2023-12,Comerciais leves,18,FORD,TRANSIT,239,https://www.fenabrave.org.br/portal/files/2023_12_2.pdf
2023,12,2023-12,Comerciais leves,19,FIAT,DUCATO,238,https://www.fenabrave.org.br/portal/files/2023_12_2.pdf
2023,12,2023-12,Comerciais leves,20,M.BENZ,SPRINTER 315,234,https://www.fenabrave.org.br/portal/files/2023_12_2.pdf
2023,12,2023-12,Comerciais leves,21,PEUGEOT,PARTNER,204,https://www.fenabrave.org.br/portal/files/2023_12_2.pdf
2023,12,2023-12,Comerciais leves,22,RAM,CLASSIC,203,https://www.fenabrave.org.br/portal/files/2023_12_2.pdf
2023,12,2023-12,Comerciais leves,23,PEUGEOT,EXPERT,200,https://www.fenabrave.org.br/portal/files/2023_12_2.pdf
2023,12,2023-12,Comerciais leves,24,VW TRUCK E BUS,EXPRESS,194,https://www.fenabrave.org.br/portal/files/2023_12_2.pdf
2023,12,2023-12,Comerciais leves,25,RAM,2500,179,https://www.fenabrave.org.br/portal/files/2023_12_2.pdf
2023,12,2023-12,Comerciais leves,26,CITROEN,JUMPY,178,https://www.fenabrave.org.br/portal/files/2023_12_2.pdf
2023,12,2023-12,Comerciais leves,27,FORD,MAVERICK,155,https://www.fenabrave.org.br/portal/files/2023_12_2.pdf
2023,12,2023-12,Comerciais leves,28,RAM,3500,153,https://www.fenabrave.org.br/portal/files/2023_12_2.pdf
2023,12,2023-12,Comerciais leves,29,RENAULT,KANGOO E-TECH,141,https://www.fenabrave.org.br/portal/files/2023_12_2.pdf
2023,12,2023-12,Comerciais leves,30,JEEP,GLADIATOR,111,https://www.fenabrave.org.br/portal/files/2023_12_2.pdf
2023,12,2023-12,Comerciais leves,31,IVECO,DAILY,107,https://www.fenabrave.org.br/portal/files/2023_12_2.pdf
2023,12,2023-12,Comerciais leves,32,EFFA,V21,81,https://www.fenabrave.org.br/portal/files/2023_12_2.pdf
2023,12,2023-12,Comerciais leves,33,RAM,1500,76,https://www.fenabrave.org.br/portal/files/2023_12_2.pdf
2023,12,2023-12,Comerciais leves,34,HYUNDAI,HR,57,https://www.fenabrave.org.br/portal/files/2023_12_2.pdf
2023,12,2023-12,Comerciais leves,35,IVECO,DAILY 30-130,53,https://www.fenabrave.org.br/portal/files/2023_12_2.pdf
2023,12,2023-12,Comerciais leves,36,FORD,F150,44,https://www.fenabrave.org.br/portal/files/2023_12_2.pdf
2023,12,2023-12,Comerciais leves,37,EFFA,V22,30,https://www.fenabrave.org.br/portal/files/2023_12_2.pdf
2023,12,2023-12,Comerciais leves,38,PEUGEOT,BOXER,16,https://www.fenabrave.org.br/portal/files/2023_12_2.pdf
2023,12,2023-12,Comerciais leves,39,JAC,EJV5.5,10,https://www.fenabrave.org.br/portal/files/2023_12_2.pdf
2023,12,2023-12,Comerciais leves,40,M.BENZ,SPRINTER,8,https://www.fenabrave.org.br/portal/files/2023_12_2.pdf
2023,12,2023-12,Comerciais leves,41,M.BENZ,SPRINTER 417,8,https://www.fenabrave.org.br/portal/files/2023_12_2.pdf
2023,12,2023-12,Comerciais leves,42,M.BENZ,SPRINTER 517,7,https://www.fenabrave.org.br/portal/files/2023_12_2.pdf
2023,12,2023-12,Comerciais leves,43,CITROEN,JUMPER,5,https://www.fenabrave.org.br/portal/files/2023_12_2.pdf
2023,12,2023-12,Comerciais leves,44,BYD,T3,5,https://www.fenabrave.org.br/portal/files/2023_12_2.pdf
2023,12,2023-12,Comerciais leves,45,ARROW,ONE,4,https://www.fenabrave.org.br/portal/files/2023_12_2.pdf
2023,12,2023-12,Comerciais leves,46,GMC,HUMMER EV EDITION 1,3,https://www.fenabrave.org.br/portal/files/2023_12_2.pdf
2023,12,2023-12,Comerciais leves,47,VW,KOMBI,2,https://www.fenabrave.org.br/portal/files/2023_12_2.pdf
2023,12,2023-12,Comerciais leves,48,JAC,EJV7L,2,https://www.fenabrave.org.br/portal/files/2023_12_2.pdf
2023,12,2023-12,Comerciais leves,49,JAC,IEV750,2,https://www.fenabrave.org.br/portal/files/2023_12_2.pdf
2023,12,2023-12,Comerciais leves,50,CITROEN,BERLINGO,1,https://www.fenabrave.org.br/portal/files/2023_12_2.pdf
2024,1,2024-01,Automóveis,1,HYUNDAI,HB20,7478,https://www.fenabrave.org.br/portal/files/2024_01_02.pdf
2024,1,2024-01,Automóveis,2,VW,POLO,7258,https://www.fenabrave.org.br/portal/files/2024_01_02.pdf
2024,1,2024-01,Automóveis,3,GM,ONIX,5714,https://www.fenabrave.org.br/portal/files/2024_01_02.pdf
2024,1,2024-01,Automóveis,4,HYUNDAI,CRETA,4898,https://www.fenabrave.org.br/portal/files/2024_01_02.pdf
2024,1,2024-01,Automóveis,5,FIAT,ARGO,4696,https://www.fenabrave.org.br/portal/files/2024_01_02.pdf
2024,1,2024-01,Automóveis,6,GM,TRACKER,4280,https://www.fenabrave.org.br/portal/files/2024_01_02.pdf
2024,1,2024-01,Automóveis,7,NISSAN,KICKS,4074,https://www.fenabrave.org.br/portal/files/2024_01_02.pdf
2024,1,2024-01,Automóveis,8,FIAT,MOBI,3719,https://www.fenabrave.org.br/portal/files/2024_01_02.pdf
2024,1,2024-01,Automóveis,9,JEEP,COMPASS,3592,https://www.fenabrave.org.br/portal/files/2024_01_02.pdf
2024,1,2024-01,Automóveis,10,GM,ONIX PLUS,3559,https://www.fenabrave.org.br/portal/files/2024_01_02.pdf
2024,1,2024-01,Automóveis,11,VW,NIVUS,3538,https://www.fenabrave.org.br/portal/files/2024_01_02.pdf
2024,1,2024-01,Automóveis,12,VW,T CROSS,3358,https://www.fenabrave.org.br/portal/files/2024_01_02.pdf
2024,1,2024-01,Automóveis,13,FIAT,FASTBACK,3292,https://www.fenabrave.org.br/portal/files/2024_01_02.pdf
2024,1,2024-01,Automóveis,14,RENAULT,KWID,3096,https://www.fenabrave.org.br/portal/files/2024_01_02.pdf
2024,1,2024-01,Automóveis,15,TOYOTA,COROLLA CROSS,3084,https://www.fenabrave.org.br/portal/files/2024_01_02.pdf
2024,1,2024-01,Automóveis,16,JEEP,RENEGADE,3019,https://www.fenabrave.org.br/portal/files/2024_01_02.pdf
2024,1,2024-01,Automóveis,17,FIAT,CRONOS,2926,https://www.fenabrave.org.br/portal/files/2024_01_02.pdf
2024,1,2024-01,Automóveis,18,FIAT,PULSE,2833,https://www.fenabrave.org.br/portal/files/2024_01_02.pdf
2024,1,2024-01,Automóveis,19,HONDA,HR-V,2831,https://www.fenabrave.org.br/portal/files/2024_01_02.pdf
2024,1,2024-01,Automóveis,20,VW,VIRTUS,2372,https://www.fenabrave.org.br/portal/files/2024_01_02.pdf
2024,1,2024-01,Automóveis,21,TOYOTA,COROLLA,2142,https://www.fenabrave.org.br/portal/files/2024_01_02.pdf
2024,1,2024-01,Automóveis,22,TOYOTA,YARIS HB,2003,https://www.fenabrave.org.br/portal/files/2024_01_02.pdf
2024,1,2024-01,Automóveis,23,CAOA CHERY,TIGGO 5X,1979,https://www.fenabrave.org.br/portal/files/2024_01_02.pdf
2024,1,2024-01,Automóveis,24,CITROEN,C3,1879,https://www.fenabrave.org.br/portal/files/2024_01_02.pdf
2024,1,2024-01,Automóveis,25,PEUGEOT,208,1825,https://www.fenabrave.org.br/portal/files/2024_01_02.pdf
2024,1,2024-01,Automóveis,26,BYD,DOLPHIN,1820,https://www.fenabrave.org.br/portal/files/2024_01_02.pdf
2024,1,2024-01,Automóveis,27,RENAULT,DUSTER,1782,https://www.fenabrave.org.br/portal/files/2024_01_02.pdf
2024,1,2024-01,Automóveis,28,HYUNDAI,HB20S,1702,https://www.fenabrave.org.br/portal/files/2024_01_02.pdf
2024,1,2024-01,Automóveis,29,TOYOTA,YARIS SEDAN,1685,https://www.fenabrave.org.br/portal/files/2024_01_02.pdf
2024,1,2024-01,Automóveis,30,GWM,HAVAL H6,1619,https://www.fenabrave.org.br/portal/files/2024_01_02.pdf
2024,1,2024-01,Automóveis,31,BYD,SONG PLUS,1520,https://www.fenabrave.org.br/portal/files/2024_01_02.pdf
2024,1,2024-01,Automóveis,32,TOYOTA,HILUX SW4,1393,https://www.fenabrave.org.br/portal/files/2024_01_02.pdf
2024,1,2024-01,Automóveis,33,JEEP,COMMANDER,1116,https://www.fenabrave.org.br/portal/files/2024_01_02.pdf
2024,1,2024-01,Automóveis,34,GM,SPIN,1101,https://www.fenabrave.org.br/portal/files/2024_01_02.pdf
2024,1,2024-01,Automóveis,35,VW,TAOS,1094,https://www.fenabrave.org.br/portal/files/2024_01_02.pdf
2024,1,2024-01,Automóveis,36,NISSAN,VERSA,938,https://www.fenabrave.org.br/portal/files/2024_01_02.pdf
2024,1,2024-01,Automóveis,37,HONDA,CITY,927,https://www.fenabrave.org.br/portal/files/2024_01_02.pdf
2024,1,2024-01,Automóveis,38,CAOA CHERY,TIGGO 8,874,https://www.fenabrave.org.br/portal/files/2024_01_02.pdf
2024,1,2024-01,Automóveis,39,HONDA,CITY HATCH,794,https://www.fenabrave.org.br/portal/files/2024_01_02.pdf
2024,1,2024-01,Automóveis,40,GWM,ORA 03,696,https://www.fenabrave.org.br/portal/files/2024_01_02.pdf
2024,1,2024-01,Automóveis,41,BYD,SEAL,612,https://www.fenabrave.org.br/portal/files/2024_01_02.pdf
2024,1,2024-01,Automóveis,42,CAOA CHERY,TIGGO 7,587,https://www.fenabrave.org.br/portal/files/2024_01_02.pdf
2024,1,2024-01,Automóveis,43,FORD,TERRITORY,510,https://www.fenabrave.org.br/portal/files/2024_01_02.pdf
2024,1,2024-01,Automóveis,44,MITSUBISHI,ECLIPSE CROSS,503,https://www.fenabrave.org.br/portal/files/2024_01_02.pdf
2024,1,2024-01,Automóveis,45,RENAULT,SANDERO,439,https://www.fenabrave.org.br/portal/files/2024_01_02.pdf
2024,1,2024-01,Automóveis,46,HONDA,ZR-V,396,https://www.fenabrave.org.br/portal/files/2024_01_02.pdf
2024,1,2024-01,Automóveis,47,NISSAN,SENTRA,308,https://www.fenabrave.org.br/portal/files/2024_01_02.pdf
2024,1,2024-01,Automóveis,48,VOLVO,XC60,285,https://www.fenabrave.org.br/portal/files/2024_01_02.pdf
2024,1,2024-01,Automóveis,49,VW,TIGUAN,285,https://www.fenabrave.org.br/portal/files/2024_01_02.pdf
2024,1,2024-01,Automóveis,50,BYD,YUAN PLUS,274,https://www.fenabrave.org.br/portal/files/2024_01_02.pdf
2024,1,2024-01,Comerciais leves,1,FIAT,STRADA,8022,https://www.fenabrave.org.br/portal/files/2024_01_02.pdf
2024,1,2024-01,Comerciais leves,2,VW,SAVEIRO,3631,https://www.fenabrave.org.br/portal/files/2024_01_02.pdf
2024,1,2024-01,Comerciais leves,3,TOYOTA,HILUX,3277,https://www.fenabrave.org.br/portal/files/2024_01_02.pdf
2024,1,2024-01,Comerciais leves,4,FIAT,TORO,3219,https://www.fenabrave.org.br/portal/files/2024_01_02.pdf
2024,1,2024-01,Comerciais leves,5,GM,MONTANA,1792,https://www.fenabrave.org.br/portal/files/2024_01_02.pdf
2024,1,2024-01,Comerciais leves,6,FORD,RANGER,1776,https://www.fenabrave.org.br/portal/files/2024_01_02.pdf
2024,1,2024-01,Comerciais leves,7,RAM,RAMPAGE,1685,https://www.fenabrave.org.br/portal/files/2024_01_02.pdf
2024,1,2024-01,Comerciais leves,8,GM,S10,1620,https://www.fenabrave.org.br/portal/files/2024_01_02.pdf
2024,1,2024-01,Comerciais leves,9,FIAT,FIORINO,1542,https://www.fenabrave.org.br/portal/files/2024_01_02.pdf
2024,1,2024-01,Comerciais leves,10,RENAULT,OROCH,1064,https://www.fenabrave.org.br/portal/files/2024_01_02.pdf
2024,1,2024-01,Comerciais leves,11,RENAULT,MASTER,815,https://www.fenabrave.org.br/portal/files/2024_01_02.pdf
2024,1,2024-01,Comerciais leves,12,MITSUBISHI,L200,755,https://www.fenabrave.org.br/portal/files/2024_01_02.pdf
2024,1,2024-01,Comerciais leves,13,NISSAN,FRONTIER,742,https://www.fenabrave.org.br/portal/files/2024_01_02.pdf
2024,1,2024-01,Comerciais leves,14,GM,SILVERADO,437,https://www.fenabrave.org.br/portal/files/2024_01_02.pdf
2024,1,2024-01,Comerciais leves,15,VW,AMAROK,359,https://www.fenabrave.org.br/portal/files/2024_01_02.pdf
2024,1,2024-01,Comerciais leves,16,FIAT,SCUDO,336,https://www.fenabrave.org.br/portal/files/2024_01_02.pdf
2024,1,2024-01,Comerciais leves,17,FIAT,DUCATO,260,https://www.fenabrave.org.br/portal/files/2024_01_02.pdf
2024,1,2024-01,Comerciais leves,18,KIA,K2500,202,https://www.fenabrave.org.br/portal/files/2024_01_02.pdf
2024,1,2024-01,Comerciais leves,19,RAM,1500,188,https://www.fenabrave.org.br/portal/files/2024_01_02.pdf
2024,1,2024-01,Comerciais leves,20,VW TRUCK E BUS,EXPRESS,183,https://www.fenabrave.org.br/portal/files/2024_01_02.pdf
2024,1,2024-01,Comerciais leves,21,FORD,TRANSIT,171,https://www.fenabrave.org.br/portal/files/2024_01_02.pdf
2024,1,2024-01,Comerciais leves,22,RAM,CLASSIC,156,https://www.fenabrave.org.br/portal/files/2024_01_02.pdf
2024,1,2024-01,Comerciais leves,23,RAM,3500,134,https://www.fenabrave.org.br/portal/files/2024_01_02.pdf
2024,1,2024-01,Comerciais leves,24,FORD,MAVERICK,132,https://www.fenabrave.org.br/portal/files/2024_01_02.pdf
2024,1,2024-01,Comerciais leves,25,JEEP,GLADIATOR,121,https://www.fenabrave.org.br/portal/files/2024_01_02.pdf
2024,1,2024-01,Comerciais leves,26,EFFA,V21,121,https://www.fenabrave.org.br/portal/files/2024_01_02.pdf
2024,1,2024-01,Comerciais leves,27,PEUGEOT,EXPERT,113,https://www.fenabrave.org.br/portal/files/2024_01_02.pdf
2024,1,2024-01,Comerciais leves,28,RAM,2500,110,https://www.fenabrave.org.br/portal/files/2024_01_02.pdf
2024,1,2024-01,Comerciais leves,29,CITROEN,JUMPY,89,https://www.fenabrave.org.br/portal/files/2024_01_02.pdf
2024,1,2024-01,Comerciais leves,30,IVECO,DAILY,88,https://www.fenabrave.org.br/portal/files/2024_01_02.pdf
2024,1,2024-01,Comerciais leves,31,IVECO,DAILY 30-130,86,https://www.fenabrave.org.br/portal/files/2024_01_02.pdf
2024,1,2024-01,Comerciais leves,32,M.BENZ,SPRINTER 315,77,https://www.fenabrave.org.br/portal/files/2024_01_02.pdf
2024,1,2024-01,Comerciais leves,33,PEUGEOT,PARTNER,76,https://www.fenabrave.org.br/portal/files/2024_01_02.pdf
2024,1,2024-01,Comerciais leves,34,HYUNDAI,HR,48,https://www.fenabrave.org.br/portal/files/2024_01_02.pdf
2024,1,2024-01,Comerciais leves,35,EFFA,V22,29,https://www.fenabrave.org.br/portal/files/2024_01_02.pdf
2024,1,2024-01,Comerciais leves,36,FORD,F150,17,https://www.fenabrave.org.br/portal/files/2024_01_02.pdf
2024,1,2024-01,Comerciais leves,37,M.BENZ,SPRINTER 517,15,https://www.fenabrave.org.br/portal/files/2024_01_02.pdf
2024,1,2024-01,Comerciais leves,38,PEUGEOT,BOXER,13,https://www.fenabrave.org.br/portal/files/2024_01_02.pdf
2024,1,2024-01,Comerciais leves,39,EFFA,V25,9,https://www.fenabrave.org.br/portal/files/2024_01_02.pdf
2024,1,2024-01,Comerciais leves,40,CITROEN,JUMPER,7,https://www.fenabrave.org.br/portal/files/2024_01_02.pdf
2024,1,2024-01,Comerciais leves,41,M.BENZ,SPRINTER 417,7,https://www.fenabrave.org.br/portal/files/2024_01_02.pdf
2024,1,2024-01,Comerciais leves,42,JAC,EJV5.5,5,https://www.fenabrave.org.br/portal/files/2024_01_02.pdf
2024,1,2024-01,Comerciais leves,43,BYD,T3,5,https://www.fenabrave.org.br/portal/files/2024_01_02.pdf
2024,1,2024-01,Comerciais leves,44,IVECO,DAILY 35-180,3,https://www.fenabrave.org.br/portal/files/2024_01_02.pdf
2024,1,2024-01,Comerciais leves,45,RENAULT,KANGOO E-TECH,3,https://www.fenabrave.org.br/portal/files/2024_01_02.pdf
2024,1,2024-01,Comerciais leves,46,JAC,IEV750,3,https://www.fenabrave.org.br/portal/files/2024_01_02.pdf
2024,1,2024-01,Comerciais leves,47,JAC,IEV 330P,2,https://www.fenabrave.org.br/portal/files/2024_01_02.pdf
2024,1,2024-01,Comerciais leves,48,HITECH,ECOCARGO,2,https://www.fenabrave.org.br/portal/files/2024_01_02.pdf
2024,1,2024-01,Comerciais leves,49,FIAT,DOBLO,1,https://www.fenabrave.org.br/portal/files/2024_01_02.pdf
2024,1,2024-01,Comerciais leves,50,FORD,F100,1,https://www.fenabrave.org.br/portal/files/2024_01_02.pdf
2024,2,2024-02,Automóveis,1,VW,POLO,8063,https://www.fenabrave.org.br/portal/files/2024_02_02.pdf
2024,2,2024-02,Automóveis,2,FIAT,ARGO,6507,https://www.fenabrave.org.br/portal/files/2024_02_02.pdf
2024,2,2024-02,Automóveis,3,FIAT,MOBI,6288,https://www.fenabrave.org.br/portal/files/2024_02_02.pdf
2024,2,2024-02,Automóveis,4,RENAULT,KWID,6046,https://www.fenabrave.org.br/portal/files/2024_02_02.pdf
2024,2,2024-02,Automóveis,5,HYUNDAI,HB20,5287,https://www.fenabrave.org.br/portal/files/2024_02_02.pdf
2024,2,2024-02,Automóveis,6,HYUNDAI,CRETA,4385,https://www.fenabrave.org.br/portal/files/2024_02_02.pdf
2024,2,2024-02,Automóveis,7,GM,ONIX,4299,https://www.fenabrave.org.br/portal/files/2024_02_02.pdf
2024,2,2024-02,Automóveis,8,JEEP,COMPASS,4074,https://www.fenabrave.org.br/portal/files/2024_02_02.pdf
2024,2,2024-02,Automóveis,9,VW,T CROSS,4039,https://www.fenabrave.org.br/portal/files/2024_02_02.pdf
2024,2,2024-02,Automóveis,10,NISSAN,KICKS,3907,https://www.fenabrave.org.br/portal/files/2024_02_02.pdf
2024,2,2024-02,Automóveis,11,GM,TRACKER,3674,https://www.fenabrave.org.br/portal/files/2024_02_02.pdf
2024,2,2024-02,Automóveis,12,FIAT,FASTBACK,3594,https://www.fenabrave.org.br/portal/files/2024_02_02.pdf
2024,2,2024-02,Automóveis,13,JEEP,RENEGADE,3502,https://www.fenabrave.org.br/portal/files/2024_02_02.pdf
2024,2,2024-02,Automóveis,14,GM,ONIX PLUS,3259,https://www.fenabrave.org.br/portal/files/2024_02_02.pdf
2024,2,2024-02,Automóveis,15,VW,NIVUS,3250,https://www.fenabrave.org.br/portal/files/2024_02_02.pdf
2024,2,2024-02,Automóveis,16,HONDA,HR-V,3221,https://www.fenabrave.org.br/portal/files/2024_02_02.pdf
2024,2,2024-02,Automóveis,17,TOYOTA,COROLLA CROSS,2878,https://www.fenabrave.org.br/portal/files/2024_02_02.pdf
2024,2,2024-02,Automóveis,18,FIAT,PULSE,2652,https://www.fenabrave.org.br/portal/files/2024_02_02.pdf
2024,2,2024-02,Automóveis,19,VW,VIRTUS,2538,https://www.fenabrave.org.br/portal/files/2024_02_02.pdf
2024,2,2024-02,Automóveis,20,TOYOTA,COROLLA,2501,https://www.fenabrave.org.br/portal/files/2024_02_02.pdf
2024,2,2024-02,Automóveis,21,HYUNDAI,HB20S,2205,https://www.fenabrave.org.br/portal/files/2024_02_02.pdf
2024,2,2024-02,Automóveis,22,CAOA CHERY,TIGGO 5X,1991,https://www.fenabrave.org.br/portal/files/2024_02_02.pdf
2024,2,2024-02,Automóveis,23,BYD,SONG PLUS,1901,https://www.fenabrave.org.br/portal/files/2024_02_02.pdf
2024,2,2024-02,Automóveis,24,TOYOTA,YARIS HB,1841,https://www.fenabrave.org.br/portal/files/2024_02_02.pdf
2024,2,2024-02,Automóveis,25,BYD,DOLPHIN,1807,https://www.fenabrave.org.br/portal/files/2024_02_02.pdf
2024,2,2024-02,Automóveis,26,FIAT,CRONOS,1657,https://www.fenabrave.org.br/portal/files/2024_02_02.pdf
2024,2,2024-02,Automóveis,27,RENAULT,DUSTER,1556,https://www.fenabrave.org.br/portal/files/2024_02_02.pdf
2024,2,2024-02,Automóveis,28,PEUGEOT,208,1548,https://www.fenabrave.org.br/portal/files/2024_02_02.pdf
2024,2,2024-02,Automóveis,29,CITROEN,C3,1515,https://www.fenabrave.org.br/portal/files/2024_02_02.pdf
2024,2,2024-02,Automóveis,30,TOYOTA,YARIS SEDAN,1436,https://www.fenabrave.org.br/portal/files/2024_02_02.pdf
2024,2,2024-02,Automóveis,31,GWM,HAVAL H6,1127,https://www.fenabrave.org.br/portal/files/2024_02_02.pdf
2024,2,2024-02,Automóveis,32,TOYOTA,HILUX SW4,1085,https://www.fenabrave.org.br/portal/files/2024_02_02.pdf
2024,2,2024-02,Automóveis,33,JEEP,COMMANDER,1075,https://www.fenabrave.org.br/portal/files/2024_02_02.pdf
2024,2,2024-02,Automóveis,34,VW,TAOS,1068,https://www.fenabrave.org.br/portal/files/2024_02_02.pdf
2024,2,2024-02,Automóveis,35,HONDA,CITY,914,https://www.fenabrave.org.br/portal/files/2024_02_02.pdf
2024,2,2024-02,Automóveis,36,NISSAN,VERSA,888,https://www.fenabrave.org.br/portal/files/2024_02_02.pdf
2024,2,2024-02,Automóveis,37,CAOA CHERY,TIGGO 8,807,https://www.fenabrave.org.br/portal/files/2024_02_02.pdf
2024,2,2024-02,Automóveis,38,HONDA,CITY HATCH,775,https://www.fenabrave.org.br/portal/files/2024_02_02.pdf
2024,2,2024-02,Automóveis,39,GM,SPIN,755,https://www.fenabrave.org.br/portal/files/2024_02_02.pdf
2024,2,2024-02,Automóveis,40,GWM,ORA 03,588,https://www.fenabrave.org.br/portal/files/2024_02_02.pdf
2024,2,2024-02,Automóveis,41,MITSUBISHI,ECLIPSE CROSS,562,https://www.fenabrave.org.br/portal/files/2024_02_02.pdf
2024,2,2024-02,Automóveis,42,FORD,TERRITORY,545,https://www.fenabrave.org.br/portal/files/2024_02_02.pdf
2024,2,2024-02,Automóveis,43,CAOA CHERY,TIGGO 7,522,https://www.fenabrave.org.br/portal/files/2024_02_02.pdf
2024,2,2024-02,Automóveis,44,BYD,SEAL,455,https://www.fenabrave.org.br/portal/files/2024_02_02.pdf
2024,2,2024-02,Automóveis,45,RENAULT,SANDERO,398,https://www.fenabrave.org.br/portal/files/2024_02_02.pdf
2024,2,2024-02,Automóveis,46,HONDA,ZR-V,390,https://www.fenabrave.org.br/portal/files/2024_02_02.pdf
2024,2,2024-02,Automóveis,47,BMW,X1,384,https://www.fenabrave.org.br/portal/files/2024_02_02.pdf
2024,2,2024-02,Automóveis,48,NISSAN,SENTRA,356,https://www.fenabrave.org.br/portal/files/2024_02_02.pdf
2024,2,2024-02,Automóveis,49,VW,TIGUAN,279,https://www.fenabrave.org.br/portal/files/2024_02_02.pdf
2024,2,2024-02,Automóveis,50,VW,JETTA,277,https://www.fenabrave.org.br/portal/files/2024_02_02.pdf
2024,2,2024-02,Comerciais leves,1,FIAT,STRADA,8568,https://www.fenabrave.org.br/portal/files/2024_02_02.pdf
2024,2,2024-02,Comerciais leves,2,VW,SAVEIRO,4127,https://www.fenabrave.org.br/portal/files/2024_02_02.pdf
2024,2,2024-02,Comerciais leves,3,TOYOTA,HILUX,3436,https://www.fenabrave.org.br/portal/files/2024_02_02.pdf
2024,2,2024-02,Comerciais leves,4,FIAT,TORO,3044,https://www.fenabrave.org.br/portal/files/2024_02_02.pdf
2024,2,2024-02,Comerciais leves,5,RAM,RAMPAGE,2101,https://www.fenabrave.org.br/portal/files/2024_02_02.pdf
2024,2,2024-02,Comerciais leves,6,GM,S10,2020,https://www.fenabrave.org.br/portal/files/2024_02_02.pdf
2024,2,2024-02,Comerciais leves,7,FORD,RANGER,1885,https://www.fenabrave.org.br/portal/files/2024_02_02.pdf
2024,2,2024-02,Comerciais leves,8,GM,MONTANA,1858,https://www.fenabrave.org.br/portal/files/2024_02_02.pdf
2024,2,2024-02,Comerciais leves,9,FIAT,FIORINO,1422,https://www.fenabrave.org.br/portal/files/2024_02_02.pdf
2024,2,2024-02,Comerciais leves,10,RENAULT,OROCH,977,https://www.fenabrave.org.br/portal/files/2024_02_02.pdf
2024,2,2024-02,Comerciais leves,11,MITSUBISHI,L200,889,https://www.fenabrave.org.br/portal/files/2024_02_02.pdf
2024,2,2024-02,Comerciais leves,12,RENAULT,MASTER,833,https://www.fenabrave.org.br/portal/files/2024_02_02.pdf
2024,2,2024-02,Comerciais leves,13,NISSAN,FRONTIER,715,https://www.fenabrave.org.br/portal/files/2024_02_02.pdf
2024,2,2024-02,Comerciais leves,14,FIAT,SCUDO,362,https://www.fenabrave.org.br/portal/files/2024_02_02.pdf
2024,2,2024-02,Comerciais leves,15,VW,AMAROK,245,https://www.fenabrave.org.br/portal/files/2024_02_02.pdf
2024,2,2024-02,Comerciais leves,16,FORD,MAVERICK,232,https://www.fenabrave.org.br/portal/files/2024_02_02.pdf
2024,2,2024-02,Comerciais leves,17,KIA,K2500,195,https://www.fenabrave.org.br/portal/files/2024_02_02.pdf
2024,2,2024-02,Comerciais leves,18,FIAT,DUCATO,182,https://www.fenabrave.org.br/portal/files/2024_02_02.pdf
2024,2,2024-02,Comerciais leves,19,FORD,TRANSIT,162,https://www.fenabrave.org.br/portal/files/2024_02_02.pdf
2024,2,2024-02,Comerciais leves,20,VW TRUCK E BUS,EXPRESS,155,https://www.fenabrave.org.br/portal/files/2024_02_02.pdf
2024,2,2024-02,Comerciais leves,21,RAM,3500,132,https://www.fenabrave.org.br/portal/files/2024_02_02.pdf
2024,2,2024-02,Comerciais leves,22,RAM,CLASSIC,126,https://www.fenabrave.org.br/portal/files/2024_02_02.pdf
2024,2,2024-02,Comerciais leves,23,RAM,1500,125,https://www.fenabrave.org.br/portal/files/2024_02_02.pdf
2024,2,2024-02,Comerciais leves,24,GM,SILVERADO,124,https://www.fenabrave.org.br/portal/files/2024_02_02.pdf
2024,2,2024-02,Comerciais leves,25,CITROEN,JUMPY,111,https://www.fenabrave.org.br/portal/files/2024_02_02.pdf
2024,2,2024-02,Comerciais leves,26,IVECO,DAILY,102,https://www.fenabrave.org.br/portal/files/2024_02_02.pdf
2024,2,2024-02,Comerciais leves,27,PEUGEOT,EXPERT,100,https://www.fenabrave.org.br/portal/files/2024_02_02.pdf
2024,2,2024-02,Comerciais leves,28,M.BENZ,SPRINTER 315,93,https://www.fenabrave.org.br/portal/files/2024_02_02.pdf
2024,2,2024-02,Comerciais leves,29,RAM,2500,90,https://www.fenabrave.org.br/portal/files/2024_02_02.pdf
2024,2,2024-02,Comerciais leves,30,JEEP,GLADIATOR,85,https://www.fenabrave.org.br/portal/files/2024_02_02.pdf
2024,2,2024-02,Comerciais leves,31,EFFA,V21,81,https://www.fenabrave.org.br/portal/files/2024_02_02.pdf
2024,2,2024-02,Comerciais leves,32,HYUNDAI,HR,80,https://www.fenabrave.org.br/portal/files/2024_02_02.pdf
2024,2,2024-02,Comerciais leves,33,PEUGEOT,PARTNER,70,https://www.fenabrave.org.br/portal/files/2024_02_02.pdf
2024,2,2024-02,Comerciais leves,34,FIAT,TITANO,49,https://www.fenabrave.org.br/portal/files/2024_02_02.pdf
2024,2,2024-02,Comerciais leves,35,IVECO,DAILY 30-130,44,https://www.fenabrave.org.br/portal/files/2024_02_02.pdf
2024,2,2024-02,Comerciais leves,36,FORD,F150,31,https://www.fenabrave.org.br/portal/files/2024_02_02.pdf
2024,2,2024-02,Comerciais leves,37,EFFA,V22,29,https://www.fenabrave.org.br/portal/files/2024_02_02.pdf
2024,2,2024-02,Comerciais leves,38,JAC,EJV5.5,14,https://www.fenabrave.org.br/portal/files/2024_02_02.pdf
2024,2,2024-02,Comerciais leves,39,M.BENZ,SPRINTER 517,11,https://www.fenabrave.org.br/portal/files/2024_02_02.pdf
2024,2,2024-02,Comerciais leves,40,PEUGEOT,BOXER,8,https://www.fenabrave.org.br/portal/files/2024_02_02.pdf
2024,2,2024-02,Comerciais leves,41,M.BENZ,SPRINTER,7,https://www.fenabrave.org.br/portal/files/2024_02_02.pdf
2024,2,2024-02,Comerciais leves,42,CITROEN,JUMPER,6,https://www.fenabrave.org.br/portal/files/2024_02_02.pdf
2024,2,2024-02,Comerciais leves,43,M.BENZ,SPRINTER 417,6,https://www.fenabrave.org.br/portal/files/2024_02_02.pdf
2024,2,2024-02,Comerciais leves,44,BYD,T3,5,https://www.fenabrave.org.br/portal/files/2024_02_02.pdf
2024,2,2024-02,Comerciais leves,45,ARROW,ONE,4,https://www.fenabrave.org.br/portal/files/2024_02_02.pdf
2024,2,2024-02,Comerciais leves,46,CITROEN,BERLINGO,3,https://www.fenabrave.org.br/portal/files/2024_02_02.pdf
2024,2,2024-02,Comerciais leves,47,GMC,HUMMER EV EDITION 1,3,https://www.fenabrave.org.br/portal/files/2024_02_02.pdf
2024,2,2024-02,Comerciais leves,48,IVECO,DAILY 35-180,3,https://www.fenabrave.org.br/portal/files/2024_02_02.pdf
2024,2,2024-02,Comerciais leves,49,MON,PROTOTIPO,3,https://www.fenabrave.org.br/portal/files/2024_02_02.pdf
2024,2,2024-02,Comerciais leves,50,EFFA,V25,3,https://www.fenabrave.org.br/portal/files/2024_02_02.pdf
2024,3,2024-03,Automóveis,1,VW,POLO,11943,https://www.fenabrave.org.br/portal/files/2024_03_02.pdf
2024,3,2024-03,Automóveis,2,GM,ONIX,7753,https://www.fenabrave.org.br/portal/files/2024_03_02.pdf
2024,3,2024-03,Automóveis,3,FIAT,ARGO,6850,https://www.fenabrave.org.br/portal/files/2024_03_02.pdf
2024,3,2024-03,Automóveis,4,VW,T CROSS,5462,https://www.fenabrave.org.br/portal/files/2024_03_02.pdf
2024,3,2024-03,Automóveis,5,HYUNDAI,HB20,5288,https://www.fenabrave.org.br/portal/files/2024_03_02.pdf
2024,3,2024-03,Automóveis,6,NISSAN,KICKS,5034,https://www.fenabrave.org.br/portal/files/2024_03_02.pdf
2024,3,2024-03,Automóveis,7,GM,TRACKER,4711,https://www.fenabrave.org.br/portal/files/2024_03_02.pdf
2024,3,2024-03,Automóveis,8,FIAT,MOBI,4658,https://www.fenabrave.org.br/portal/files/2024_03_02.pdf
2024,3,2024-03,Automóveis,9,HYUNDAI,CRETA,4317,https://www.fenabrave.org.br/portal/files/2024_03_02.pdf
2024,3,2024-03,Automóveis,10,RENAULT,KWID,3992,https://www.fenabrave.org.br/portal/files/2024_03_02.pdf
2024,3,2024-03,Automóveis,11,GM,ONIX PLUS,3986,https://www.fenabrave.org.br/portal/files/2024_03_02.pdf
2024,3,2024-03,Automóveis,12,JEEP,COMPASS,3971,https://www.fenabrave.org.br/portal/files/2024_03_02.pdf
2024,3,2024-03,Automóveis,13,VW,NIVUS,3915,https://www.fenabrave.org.br/portal/files/2024_03_02.pdf
2024,3,2024-03,Automóveis,14,JEEP,RENEGADE,3881,https://www.fenabrave.org.br/portal/files/2024_03_02.pdf
2024,3,2024-03,Automóveis,15,FIAT,FASTBACK,3819,https://www.fenabrave.org.br/portal/files/2024_03_02.pdf
2024,3,2024-03,Automóveis,16,HONDA,HR-V,3656,https://www.fenabrave.org.br/portal/files/2024_03_02.pdf
2024,3,2024-03,Automóveis,17,TOYOTA,COROLLA CROSS,3326,https://www.fenabrave.org.br/portal/files/2024_03_02.pdf
2024,3,2024-03,Automóveis,18,TOYOTA,COROLLA,3166,https://www.fenabrave.org.br/portal/files/2024_03_02.pdf
2024,3,2024-03,Automóveis,19,FIAT,PULSE,3038,https://www.fenabrave.org.br/portal/files/2024_03_02.pdf
2024,3,2024-03,Automóveis,20,VW,VIRTUS,3017,https://www.fenabrave.org.br/portal/files/2024_03_02.pdf
2024,3,2024-03,Automóveis,21,BYD,DOLPHIN MINI,2469,https://www.fenabrave.org.br/portal/files/2024_03_02.pdf
2024,3,2024-03,Automóveis,22,CAOA CHERY,TIGGO 5X,2464,https://www.fenabrave.org.br/portal/files/2024_03_02.pdf
2024,3,2024-03,Automóveis,23,RENAULT,DUSTER,2208,https://www.fenabrave.org.br/portal/files/2024_03_02.pdf
2024,3,2024-03,Automóveis,24,TOYOTA,YARIS HB,2151,https://www.fenabrave.org.br/portal/files/2024_03_02.pdf
2024,3,2024-03,Automóveis,25,FIAT,CRONOS,1884,https://www.fenabrave.org.br/portal/files/2024_03_02.pdf
2024,3,2024-03,Automóveis,26,CAOA CHERY,TIGGO 7,1745,https://www.fenabrave.org.br/portal/files/2024_03_02.pdf
2024,3,2024-03,Automóveis,27,BYD,DOLPHIN,1707,https://www.fenabrave.org.br/portal/files/2024_03_02.pdf
2024,3,2024-03,Automóveis,28,CITROEN,C3,1637,https://www.fenabrave.org.br/portal/files/2024_03_02.pdf
2024,3,2024-03,Automóveis,29,BYD,SONG PLUS,1450,https://www.fenabrave.org.br/portal/files/2024_03_02.pdf
2024,3,2024-03,Automóveis,30,TOYOTA,YARIS SEDAN,1444,https://www.fenabrave.org.br/portal/files/2024_03_02.pdf
2024,3,2024-03,Automóveis,31,HYUNDAI,HB20S,1221,https://www.fenabrave.org.br/portal/files/2024_03_02.pdf
2024,3,2024-03,Automóveis,32,NISSAN,VERSA,1161,https://www.fenabrave.org.br/portal/files/2024_03_02.pdf
2024,3,2024-03,Automóveis,33,PEUGEOT,208,1129,https://www.fenabrave.org.br/portal/files/2024_03_02.pdf
2024,3,2024-03,Automóveis,34,GWM,HAVAL H6,1097,https://www.fenabrave.org.br/portal/files/2024_03_02.pdf
2024,3,2024-03,Automóveis,35,TOYOTA,HILUX SW4,1077,https://www.fenabrave.org.br/portal/files/2024_03_02.pdf
2024,3,2024-03,Automóveis,36,JEEP,COMMANDER,1026,https://www.fenabrave.org.br/portal/files/2024_03_02.pdf
2024,3,2024-03,Automóveis,37,HONDA,CITY,954,https://www.fenabrave.org.br/portal/files/2024_03_02.pdf
2024,3,2024-03,Automóveis,38,VW,TAOS,930,https://www.fenabrave.org.br/portal/files/2024_03_02.pdf
2024,3,2024-03,Automóveis,39,HONDA,CITY HATCH,912,https://www.fenabrave.org.br/portal/files/2024_03_02.pdf
2024,3,2024-03,Automóveis,40,CITROEN,C3 AIRCROSS,710,https://www.fenabrave.org.br/portal/files/2024_03_02.pdf
2024,3,2024-03,Automóveis,41,MITSUBISHI,ECLIPSE CROSS,703,https://www.fenabrave.org.br/portal/files/2024_03_02.pdf
2024,3,2024-03,Automóveis,42,HONDA,ZR-V,619,https://www.fenabrave.org.br/portal/files/2024_03_02.pdf
2024,3,2024-03,Automóveis,43,RENAULT,KARDIAN,616,https://www.fenabrave.org.br/portal/files/2024_03_02.pdf
2024,3,2024-03,Automóveis,44,CAOA CHERY,TIGGO 8,615,https://www.fenabrave.org.br/portal/files/2024_03_02.pdf
2024,3,2024-03,Automóveis,45,GWM,ORA 03,608,https://www.fenabrave.org.br/portal/files/2024_03_02.pdf
2024,3,2024-03,Automóveis,46,BMW,X1,502,https://www.fenabrave.org.br/portal/files/2024_03_02.pdf
2024,3,2024-03,Automóveis,47,NISSAN,SENTRA,500,https://www.fenabrave.org.br/portal/files/2024_03_02.pdf
2024,3,2024-03,Automóveis,48,GM,SPIN,457,https://www.fenabrave.org.br/portal/files/2024_03_02.pdf
2024,3,2024-03,Automóveis,49,RENAULT,SANDERO,396,https://www.fenabrave.org.br/portal/files/2024_03_02.pdf
2024,3,2024-03,Automóveis,50,BYD,SEAL,350,https://www.fenabrave.org.br/portal/files/2024_03_02.pdf
2024,3,2024-03,Comerciais leves,1,FIAT,STRADA,9990,https://www.fenabrave.org.br/portal/files/2024_03_02.pdf
2024,3,2024-03,Comerciais leves,2,VW,SAVEIRO,4607,https://www.fenabrave.org.br/portal/files/2024_03_02.pdf
2024,3,2024-03,Comerciais leves,3,FIAT,TORO,3957,https://www.fenabrave.org.br/portal/files/2024_03_02.pdf
2024,3,2024-03,Comerciais leves,4,TOYOTA,HILUX,3498,https://www.fenabrave.org.br/portal/files/2024_03_02.pdf
2024,3,2024-03,Comerciais leves,5,GM,MONTANA,2165,https://www.fenabrave.org.br/portal/files/2024_03_02.pdf
2024,3,2024-03,Comerciais leves,6,RAM,RAMPAGE,2133,https://www.fenabrave.org.br/portal/files/2024_03_02.pdf
2024,3,2024-03,Comerciais leves,7,GM,S10,1740,https://www.fenabrave.org.br/portal/files/2024_03_02.pdf
2024,3,2024-03,Comerciais leves,8,FIAT,FIORINO,1666,https://www.fenabrave.org.br/portal/files/2024_03_02.pdf
2024,3,2024-03,Comerciais leves,9,FORD,RANGER,1395,https://www.fenabrave.org.br/portal/files/2024_03_02.pdf
2024,3,2024-03,Comerciais leves,10,RENAULT,OROCH,1095,https://www.fenabrave.org.br/portal/files/2024_03_02.pdf
2024,3,2024-03,Comerciais leves,11,RENAULT,MASTER,932,https://www.fenabrave.org.br/portal/files/2024_03_02.pdf
2024,3,2024-03,Comerciais leves,12,NISSAN,FRONTIER,910,https://www.fenabrave.org.br/portal/files/2024_03_02.pdf
2024,3,2024-03,Comerciais leves,13,MITSUBISHI,L200,886,https://www.fenabrave.org.br/portal/files/2024_03_02.pdf
2024,3,2024-03,Comerciais leves,14,FIAT,SCUDO,267,https://www.fenabrave.org.br/portal/files/2024_03_02.pdf
2024,3,2024-03,Comerciais leves,15,VW,AMAROK,263,https://www.fenabrave.org.br/portal/files/2024_03_02.pdf
2024,3,2024-03,Comerciais leves,16,FORD,MAVERICK,261,https://www.fenabrave.org.br/portal/files/2024_03_02.pdf
2024,3,2024-03,Comerciais leves,17,FORD,TRANSIT,246,https://www.fenabrave.org.br/portal/files/2024_03_02.pdf
2024,3,2024-03,Comerciais leves,18,FIAT,DUCATO,203,https://www.fenabrave.org.br/portal/files/2024_03_02.pdf
2024,3,2024-03,Comerciais leves,19,KIA,K2500,192,https://www.fenabrave.org.br/portal/files/2024_03_02.pdf
2024,3,2024-03,Comerciais leves,20,VW TRUCK E BUS,EXPRESS,160,https://www.fenabrave.org.br/portal/files/2024_03_02.pdf
2024,3,2024-03,Comerciais leves,21,CITROEN,JUMPY,157,https://www.fenabrave.org.br/portal/files/2024_03_02.pdf
2024,3,2024-03,Comerciais leves,22,RAM,3500,136,https://www.fenabrave.org.br/portal/files/2024_03_02.pdf
2024,3,2024-03,Comerciais leves,23,RAM,CLASSIC,128,https://www.fenabrave.org.br/portal/files/2024_03_02.pdf
2024,3,2024-03,Comerciais leves,24,IVECO,DAILY,114,https://www.fenabrave.org.br/portal/files/2024_03_02.pdf
2024,3,2024-03,Comerciais leves,25,RAM,2500,108,https://www.fenabrave.org.br/portal/files/2024_03_02.pdf
2024,3,2024-03,Comerciais leves,26,JEEP,GLADIATOR,106,https://www.fenabrave.org.br/portal/files/2024_03_02.pdf
2024,3,2024-03,Comerciais leves,27,HYUNDAI,HR,95,https://www.fenabrave.org.br/portal/files/2024_03_02.pdf
2024,3,2024-03,Comerciais leves,28,EFFA,V21,82,https://www.fenabrave.org.br/portal/files/2024_03_02.pdf
2024,3,2024-03,Comerciais leves,29,M.BENZ,SPRINTER 315,79,https://www.fenabrave.org.br/portal/files/2024_03_02.pdf
2024,3,2024-03,Comerciais leves,30,PEUGEOT,PARTNER,76,https://www.fenabrave.org.br/portal/files/2024_03_02.pdf
2024,3,2024-03,Comerciais leves,31,RAM,1500,75,https://www.fenabrave.org.br/portal/files/2024_03_02.pdf
2024,3,2024-03,Comerciais leves,32,IVECO,DAILY 30-130,74,https://www.fenabrave.org.br/portal/files/2024_03_02.pdf
2024,3,2024-03,Comerciais leves,33,GM,SILVERADO,67,https://www.fenabrave.org.br/portal/files/2024_03_02.pdf
2024,3,2024-03,Comerciais leves,34,PEUGEOT,EXPERT,48,https://www.fenabrave.org.br/portal/files/2024_03_02.pdf
2024,3,2024-03,Comerciais leves,35,FORD,F150,41,https://www.fenabrave.org.br/portal/files/2024_03_02.pdf
2024,3,2024-03,Comerciais leves,36,EFFA,V22,38,https://www.fenabrave.org.br/portal/files/2024_03_02.pdf
2024,3,2024-03,Comerciais leves,37,PEUGEOT,BOXER,19,https://www.fenabrave.org.br/portal/files/2024_03_02.pdf
2024,3,2024-03,Comerciais leves,38,M.BENZ,SPRINTER 517,16,https://www.fenabrave.org.br/portal/files/2024_03_02.pdf
2024,3,2024-03,Comerciais leves,39,M.BENZ,SPRINTER 417,9,https://www.fenabrave.org.br/portal/files/2024_03_02.pdf
2024,3,2024-03,Comerciais leves,40,JAC,IEV750,8,https://www.fenabrave.org.br/portal/files/2024_03_02.pdf
2024,3,2024-03,Comerciais leves,41,EFFA,V25,7,https://www.fenabrave.org.br/portal/files/2024_03_02.pdf
2024,3,2024-03,Comerciais leves,42,CITROEN,JUMPER,6,https://www.fenabrave.org.br/portal/files/2024_03_02.pdf
2024,3,2024-03,Comerciais leves,43,NISSAN,TOWNSTAR,4,https://www.fenabrave.org.br/portal/files/2024_03_02.pdf
2024,3,2024-03,Comerciais leves,44,RENAULT,KWID,4,https://www.fenabrave.org.br/portal/files/2024_03_02.pdf
2024,3,2024-03,Comerciais leves,45,IVECO,DAILY 35-180,3,https://www.fenabrave.org.br/portal/files/2024_03_02.pdf
2024,3,2024-03,Comerciais leves,46,JAC,HUNTER,3,https://www.fenabrave.org.br/portal/files/2024_03_02.pdf
2024,3,2024-03,Comerciais leves,47,BYD,T3,3,https://www.fenabrave.org.br/portal/files/2024_03_02.pdf
2024,3,2024-03,Comerciais leves,48,CITROEN,BERLINGO,2,https://www.fenabrave.org.br/portal/files/2024_03_02.pdf
2024,3,2024-03,Comerciais leves,49,GMC,HUMMER EV EDITION 1,2,https://www.fenabrave.org.br/portal/files/2024_03_02.pdf
2024,3,2024-03,Comerciais leves,50,VW,KOMBI,2,https://www.fenabrave.org.br/portal/files/2024_03_02.pdf
2024,4,2024-04,Automóveis,1,VW,POLO,12434,https://www.fenabrave.org.br/portal/files/2024_04_02.pdf
2024,4,2024-04,Automóveis,2,GM,ONIX,9087,https://www.fenabrave.org.br/portal/files/2024_04_02.pdf
2024,4,2024-04,Automóveis,3,FIAT,ARGO,8599,https://www.fenabrave.org.br/portal/files/2024_04_02.pdf
2024,4,2024-04,Automóveis,4,HYUNDAI,HB20,8194,https://www.fenabrave.org.br/portal/files/2024_04_02.pdf
2024,4,2024-04,Automóveis,5,GM,ONIX PLUS,7049,https://www.fenabrave.org.br/portal/files/2024_04_02.pdf
2024,4,2024-04,Automóveis,6,VW,T CROSS,6224,https://www.fenabrave.org.br/portal/files/2024_04_02.pdf
2024,4,2024-04,Automóveis,7,GM,TRACKER,5670,https://www.fenabrave.org.br/portal/files/2024_04_02.pdf
2024,4,2024-04,Automóveis,8,FIAT,MOBI,5420,https://www.fenabrave.org.br/portal/files/2024_04_02.pdf
2024,4,2024-04,Automóveis,9,HYUNDAI,CRETA,5335,https://www.fenabrave.org.br/portal/files/2024_04_02.pdf
2024,4,2024-04,Automóveis,10,VW,NIVUS,5259,https://www.fenabrave.org.br/portal/files/2024_04_02.pdf
2024,4,2024-04,Automóveis,11,RENAULT,KWID,5185,https://www.fenabrave.org.br/portal/files/2024_04_02.pdf
2024,4,2024-04,Automóveis,12,NISSAN,KICKS,4582,https://www.fenabrave.org.br/portal/files/2024_04_02.pdf
2024,4,2024-04,Automóveis,13,JEEP,RENEGADE,4382,https://www.fenabrave.org.br/portal/files/2024_04_02.pdf
2024,4,2024-04,Automóveis,14,HONDA,HR-V,4285,https://www.fenabrave.org.br/portal/files/2024_04_02.pdf
2024,4,2024-04,Automóveis,15,JEEP,COMPASS,3914,https://www.fenabrave.org.br/portal/files/2024_04_02.pdf
2024,4,2024-04,Automóveis,16,FIAT,FASTBACK,3885,https://www.fenabrave.org.br/portal/files/2024_04_02.pdf
2024,4,2024-04,Automóveis,17,TOYOTA,COROLLA CROSS,3754,https://www.fenabrave.org.br/portal/files/2024_04_02.pdf
2024,4,2024-04,Automóveis,18,FIAT,PULSE,3539,https://www.fenabrave.org.br/portal/files/2024_04_02.pdf
2024,4,2024-04,Automóveis,19,FIAT,CRONOS,3403,https://www.fenabrave.org.br/portal/files/2024_04_02.pdf
2024,4,2024-04,Automóveis,20,BYD,DOLPHIN MINI,3143,https://www.fenabrave.org.br/portal/files/2024_04_02.pdf
2024,4,2024-04,Automóveis,21,TOYOTA,COROLLA,3104,https://www.fenabrave.org.br/portal/files/2024_04_02.pdf
2024,4,2024-04,Automóveis,22,CAOA CHERY,TIGGO 7,3026,https://www.fenabrave.org.br/portal/files/2024_04_02.pdf
2024,4,2024-04,Automóveis,23,CAOA CHERY,TIGGO 5X,2731,https://www.fenabrave.org.br/portal/files/2024_04_02.pdf
2024,4,2024-04,Automóveis,24,VW,VIRTUS,2456,https://www.fenabrave.org.br/portal/files/2024_04_02.pdf
2024,4,2024-04,Automóveis,25,GM,SPIN,2321,https://www.fenabrave.org.br/portal/files/2024_04_02.pdf
2024,4,2024-04,Automóveis,26,TOYOTA,YARIS HB,2227,https://www.fenabrave.org.br/portal/files/2024_04_02.pdf
2024,4,2024-04,Automóveis,27,RENAULT,DUSTER,2070,https://www.fenabrave.org.br/portal/files/2024_04_02.pdf
2024,4,2024-04,Automóveis,28,HYUNDAI,HB20S,2065,https://www.fenabrave.org.br/portal/files/2024_04_02.pdf
2024,4,2024-04,Automóveis,29,BYD,SONG PLUS,1699,https://www.fenabrave.org.br/portal/files/2024_04_02.pdf
2024,4,2024-04,Automóveis,30,TOYOTA,YARIS SEDAN,1670,https://www.fenabrave.org.br/portal/files/2024_04_02.pdf
2024,4,2024-04,Automóveis,31,BYD,DOLPHIN,1619,https://www.fenabrave.org.br/portal/files/2024_04_02.pdf
2024,4,2024-04,Automóveis,32,GWM,HAVAL H6,1609,https://www.fenabrave.org.br/portal/files/2024_04_02.pdf
2024,4,2024-04,Automóveis,33,RENAULT,KARDIAN,1581,https://www.fenabrave.org.br/portal/files/2024_04_02.pdf
2024,4,2024-04,Automóveis,34,TOYOTA,HILUX SW4,1561,https://www.fenabrave.org.br/portal/files/2024_04_02.pdf
2024,4,2024-04,Automóveis,35,CITROEN,C3,1537,https://www.fenabrave.org.br/portal/files/2024_04_02.pdf
2024,4,2024-04,Automóveis,36,PEUGEOT,208,1472,https://www.fenabrave.org.br/portal/files/2024_04_02.pdf
2024,4,2024-04,Automóveis,37,CITROEN,C3 AIRCROSS,1120,https://www.fenabrave.org.br/portal/files/2024_04_02.pdf
2024,4,2024-04,Automóveis,38,JEEP,COMMANDER,1093,https://www.fenabrave.org.br/portal/files/2024_04_02.pdf
2024,4,2024-04,Automóveis,39,HONDA,CITY,1004,https://www.fenabrave.org.br/portal/files/2024_04_02.pdf
2024,4,2024-04,Automóveis,40,HONDA,CITY HATCH,1004,https://www.fenabrave.org.br/portal/files/2024_04_02.pdf
2024,4,2024-04,Automóveis,41,NISSAN,VERSA,991,https://www.fenabrave.org.br/portal/files/2024_04_02.pdf
2024,4,2024-04,Automóveis,42,VW,TAOS,795,https://www.fenabrave.org.br/portal/files/2024_04_02.pdf
2024,4,2024-04,Automóveis,43,MITSUBISHI,ECLIPSE CROSS,723,https://www.fenabrave.org.br/portal/files/2024_04_02.pdf
2024,4,2024-04,Automóveis,44,CAOA CHERY,TIGGO 8,697,https://www.fenabrave.org.br/portal/files/2024_04_02.pdf
2024,4,2024-04,Automóveis,45,RENAULT,LOGAN,675,https://www.fenabrave.org.br/portal/files/2024_04_02.pdf
2024,4,2024-04,Automóveis,46,GWM,ORA 03,672,https://www.fenabrave.org.br/portal/files/2024_04_02.pdf
2024,4,2024-04,Automóveis,47,HONDA,ZR-V,544,https://www.fenabrave.org.br/portal/files/2024_04_02.pdf
2024,4,2024-04,Automóveis,48,FORD,TERRITORY,431,https://www.fenabrave.org.br/portal/files/2024_04_02.pdf
2024,4,2024-04,Automóveis,49,BMW,320I,410,https://www.fenabrave.org.br/portal/files/2024_04_02.pdf
2024,4,2024-04,Automóveis,50,NISSAN,SENTRA,380,https://www.fenabrave.org.br/portal/files/2024_04_02.pdf
2024,4,2024-04,Comerciais leves,1,FIAT,STRADA,11497,https://www.fenabrave.org.br/portal/files/2024_04_02.pdf
2024,4,2024-04,Comerciais leves,2,VW,SAVEIRO,5373,https://www.fenabrave.org.br/portal/files/2024_04_02.pdf
2024,4,2024-04,Comerciais leves,3,TOYOTA,HILUX,4792,https://www.fenabrave.org.br/portal/files/2024_04_02.pdf
2024,4,2024-04,Comerciais leves,4,FIAT,TORO,3896,https://www.fenabrave.org.br/portal/files/2024_04_02.pdf
2024,4,2024-04,Comerciais leves,5,GM,MONTANA,2534,https://www.fenabrave.org.br/portal/files/2024_04_02.pdf
2024,4,2024-04,Comerciais leves,6,GM,S10,2473,https://www.fenabrave.org.br/portal/files/2024_04_02.pdf
2024,4,2024-04,Comerciais leves,7,FORD,RANGER,2382,https://www.fenabrave.org.br/portal/files/2024_04_02.pdf
2024,4,2024-04,Comerciais leves,8,RAM,RAMPAGE,1756,https://www.fenabrave.org.br/portal/files/2024_04_02.pdf
2024,4,2024-04,Comerciais leves,9,FIAT,FIORINO,1454,https://www.fenabrave.org.br/portal/files/2024_04_02.pdf
2024,4,2024-04,Comerciais leves,10,MITSUBISHI,L200,1257,https://www.fenabrave.org.br/portal/files/2024_04_02.pdf
2024,4,2024-04,Comerciais leves,11,NISSAN,FRONTIER,1119,https://www.fenabrave.org.br/portal/files/2024_04_02.pdf
2024,4,2024-04,Comerciais leves,12,RENAULT,OROCH,1095,https://www.fenabrave.org.br/portal/files/2024_04_02.pdf
2024,4,2024-04,Comerciais leves,13,RENAULT,MASTER,853,https://www.fenabrave.org.br/portal/files/2024_04_02.pdf
2024,4,2024-04,Comerciais leves,14,KIA,K2500,255,https://www.fenabrave.org.br/portal/files/2024_04_02.pdf
2024,4,2024-04,Comerciais leves,15,FORD,TRANSIT,254,https://www.fenabrave.org.br/portal/files/2024_04_02.pdf
2024,4,2024-04,Comerciais leves,16,VW,AMAROK,247,https://www.fenabrave.org.br/portal/files/2024_04_02.pdf
2024,4,2024-04,Comerciais leves,17,IVECO,DAILY,230,https://www.fenabrave.org.br/portal/files/2024_04_02.pdf
2024,4,2024-04,Comerciais leves,18,FIAT,SCUDO,229,https://www.fenabrave.org.br/portal/files/2024_04_02.pdf
2024,4,2024-04,Comerciais leves,19,FORD,MAVERICK,186,https://www.fenabrave.org.br/portal/files/2024_04_02.pdf
2024,4,2024-04,Comerciais leves,20,RAM,3500,150,https://www.fenabrave.org.br/portal/files/2024_04_02.pdf
2024,4,2024-04,Comerciais leves,21,VW TRUCK E BUS,EXPRESS,144,https://www.fenabrave.org.br/portal/files/2024_04_02.pdf
2024,4,2024-04,Comerciais leves,22,RAM,CLASSIC,137,https://www.fenabrave.org.br/portal/files/2024_04_02.pdf
2024,4,2024-04,Comerciais leves,23,FIAT,DUCATO,125,https://www.fenabrave.org.br/portal/files/2024_04_02.pdf
2024,4,2024-04,Comerciais leves,24,RAM,2500,118,https://www.fenabrave.org.br/portal/files/2024_04_02.pdf
2024,4,2024-04,Comerciais leves,25,EFFA,V21,110,https://www.fenabrave.org.br/portal/files/2024_04_02.pdf
2024,4,2024-04,Comerciais leves,26,M.BENZ,SPRINTER 315,106,https://www.fenabrave.org.br/portal/files/2024_04_02.pdf
2024,4,2024-04,Comerciais leves,27,FORD,ETRANSIT,102,https://www.fenabrave.org.br/portal/files/2024_04_02.pdf
2024,4,2024-04,Comerciais leves,28,CITROEN,JUMPY,101,https://www.fenabrave.org.br/portal/files/2024_04_02.pdf
2024,4,2024-04,Comerciais leves,29,PEUGEOT,PARTNER,89,https://www.fenabrave.org.br/portal/files/2024_04_02.pdf
2024,4,2024-04,Comerciais leves,30,GM,SILVERADO,84,https://www.fenabrave.org.br/portal/files/2024_04_02.pdf
2024,4,2024-04,Comerciais leves,31,BYD,T3,81,https://www.fenabrave.org.br/portal/files/2024_04_02.pdf
2024,4,2024-04,Comerciais leves,32,HYUNDAI,HR,73,https://www.fenabrave.org.br/portal/files/2024_04_02.pdf
2024,4,2024-04,Comerciais leves,33,IVECO,DAILY 30-130,68,https://www.fenabrave.org.br/portal/files/2024_04_02.pdf
2024,4,2024-04,Comerciais leves,34,FORD,F150,67,https://www.fenabrave.org.br/portal/files/2024_04_02.pdf
2024,4,2024-04,Comerciais leves,35,PEUGEOT,EXPERT,44,https://www.fenabrave.org.br/portal/files/2024_04_02.pdf
2024,4,2024-04,Comerciais leves,36,FIAT,TITANO,43,https://www.fenabrave.org.br/portal/files/2024_04_02.pdf
2024,4,2024-04,Comerciais leves,37,EFFA,V22,36,https://www.fenabrave.org.br/portal/files/2024_04_02.pdf
2024,4,2024-04,Comerciais leves,38,RAM,1500,32,https://www.fenabrave.org.br/portal/files/2024_04_02.pdf
2024,4,2024-04,Comerciais leves,39,CITROEN,JUMPER,14,https://www.fenabrave.org.br/portal/files/2024_04_02.pdf
2024,4,2024-04,Comerciais leves,40,JEEP,GLADIATOR,14,https://www.fenabrave.org.br/portal/files/2024_04_02.pdf
2024,4,2024-04,Comerciais leves,41,EFFA,V25,13,https://www.fenabrave.org.br/portal/files/2024_04_02.pdf
2024,4,2024-04,Comerciais leves,42,PEUGEOT,BOXER,12,https://www.fenabrave.org.br/portal/files/2024_04_02.pdf
2024,4,2024-04,Comerciais leves,43,M.BENZ,SPRINTER 417,10,https://www.fenabrave.org.br/portal/files/2024_04_02.pdf
2024,4,2024-04,Comerciais leves,44,IVECO,DAILY 35-180,8,https://www.fenabrave.org.br/portal/files/2024_04_02.pdf
2024,4,2024-04,Comerciais leves,45,M.BENZ,SPRINTER 517,8,https://www.fenabrave.org.br/portal/files/2024_04_02.pdf
2024,4,2024-04,Comerciais leves,46,RENAULT,KANGOO,7,https://www.fenabrave.org.br/portal/files/2024_04_02.pdf
2024,4,2024-04,Comerciais leves,47,RENAULT,KWID,7,https://www.fenabrave.org.br/portal/files/2024_04_02.pdf
2024,4,2024-04,Comerciais leves,48,JAC,EJV5.5,5,https://www.fenabrave.org.br/portal/files/2024_04_02.pdf
2024,4,2024-04,Comerciais leves,49,IVECO,DAILY 5516,3,https://www.fenabrave.org.br/portal/files/2024_04_02.pdf
2024,4,2024-04,Comerciais leves,50,GM,D10,2,https://www.fenabrave.org.br/portal/files/2024_04_02.pdf
2024,5,2024-05,Automóveis,1,VW,POLO,8484,https://www.fenabrave.org.br/portal/files/2024_05_02.pdf
2024,5,2024-05,Automóveis,2,GM,ONIX,7901,https://www.fenabrave.org.br/portal/files/2024_05_02.pdf
2024,5,2024-05,Automóveis,3,HYUNDAI,HB20,6691,https://www.fenabrave.org.br/portal/files/2024_05_02.pdf
2024,5,2024-05,Automóveis,4,VW,T CROSS,6501,https://www.fenabrave.org.br/portal/files/2024_05_02.pdf
2024,5,2024-05,Automóveis,5,FIAT,MOBI,6148,https://www.fenabrave.org.br/portal/files/2024_05_02.pdf
2024,5,2024-05,Automóveis,6,NISSAN,KICKS,5910,https://www.fenabrave.org.br/portal/files/2024_05_02.pdf
2024,5,2024-05,Automóveis,7,HYUNDAI,CRETA,5739,https://www.fenabrave.org.br/portal/files/2024_05_02.pdf
2024,5,2024-05,Automóveis,8,FIAT,ARGO,5552,https://www.fenabrave.org.br/portal/files/2024_05_02.pdf
2024,5,2024-05,Automóveis,9,GM,ONIX PLUS,5517,https://www.fenabrave.org.br/portal/files/2024_05_02.pdf
2024,5,2024-05,Automóveis,10,GM,TRACKER,4613,https://www.fenabrave.org.br/portal/files/2024_05_02.pdf
2024,5,2024-05,Automóveis,11,TOYOTA,COROLLA CROSS,4565,https://www.fenabrave.org.br/portal/files/2024_05_02.pdf
2024,5,2024-05,Automóveis,12,VW,NIVUS,4546,https://www.fenabrave.org.br/portal/files/2024_05_02.pdf
2024,5,2024-05,Automóveis,13,JEEP,RENEGADE,4173,https://www.fenabrave.org.br/portal/files/2024_05_02.pdf
2024,5,2024-05,Automóveis,14,HONDA,HR-V,3660,https://www.fenabrave.org.br/portal/files/2024_05_02.pdf
2024,5,2024-05,Automóveis,15,FIAT,FASTBACK,3589,https://www.fenabrave.org.br/portal/files/2024_05_02.pdf
2024,5,2024-05,Automóveis,16,FIAT,CRONOS,3494,https://www.fenabrave.org.br/portal/files/2024_05_02.pdf
2024,5,2024-05,Automóveis,17,JEEP,COMPASS,3282,https://www.fenabrave.org.br/portal/files/2024_05_02.pdf
2024,5,2024-05,Automóveis,18,HYUNDAI,HB20S,3130,https://www.fenabrave.org.br/portal/files/2024_05_02.pdf
2024,5,2024-05,Automóveis,19,FIAT,PULSE,3084,https://www.fenabrave.org.br/portal/files/2024_05_02.pdf
2024,5,2024-05,Automóveis,20,RENAULT,KWID,2797,https://www.fenabrave.org.br/portal/files/2024_05_02.pdf
2024,5,2024-05,Automóveis,21,GM,SPIN,2529,https://www.fenabrave.org.br/portal/files/2024_05_02.pdf
2024,5,2024-05,Automóveis,22,CAOA CHERY,TIGGO 5X,2446,https://www.fenabrave.org.br/portal/files/2024_05_02.pdf
2024,5,2024-05,Automóveis,23,TOYOTA,COROLLA,2400,https://www.fenabrave.org.br/portal/files/2024_05_02.pdf
2024,5,2024-05,Automóveis,24,BYD,DOLPHIN MINI,2104,https://www.fenabrave.org.br/portal/files/2024_05_02.pdf
2024,5,2024-05,Automóveis,25,VW,VIRTUS,2045,https://www.fenabrave.org.br/portal/files/2024_05_02.pdf
2024,5,2024-05,Automóveis,26,TOYOTA,YARIS HB,1757,https://www.fenabrave.org.br/portal/files/2024_05_02.pdf
2024,5,2024-05,Automóveis,27,CAOA CHERY,TIGGO 7,1694,https://www.fenabrave.org.br/portal/files/2024_05_02.pdf
2024,5,2024-05,Automóveis,28,CITROEN,C3,1580,https://www.fenabrave.org.br/portal/files/2024_05_02.pdf
2024,5,2024-05,Automóveis,29,BYD,SONG PLUS,1560,https://www.fenabrave.org.br/portal/files/2024_05_02.pdf
2024,5,2024-05,Automóveis,30,PEUGEOT,208,1531,https://www.fenabrave.org.br/portal/files/2024_05_02.pdf
2024,5,2024-05,Automóveis,31,TOYOTA,YARIS SEDAN,1449,https://www.fenabrave.org.br/portal/files/2024_05_02.pdf
2024,5,2024-05,Automóveis,32,GWM,HAVAL H6,1438,https://www.fenabrave.org.br/portal/files/2024_05_02.pdf
2024,5,2024-05,Automóveis,33,VW,TAOS,1235,https://www.fenabrave.org.br/portal/files/2024_05_02.pdf
2024,5,2024-05,Automóveis,34,RENAULT,KARDIAN,1203,https://www.fenabrave.org.br/portal/files/2024_05_02.pdf
2024,5,2024-05,Automóveis,35,RENAULT,DUSTER,1189,https://www.fenabrave.org.br/portal/files/2024_05_02.pdf
2024,5,2024-05,Automóveis,36,JEEP,COMMANDER,1176,https://www.fenabrave.org.br/portal/files/2024_05_02.pdf
2024,5,2024-05,Automóveis,37,BYD,DOLPHIN,1145,https://www.fenabrave.org.br/portal/files/2024_05_02.pdf
2024,5,2024-05,Automóveis,38,TOYOTA,HILUX SW4,1063,https://www.fenabrave.org.br/portal/files/2024_05_02.pdf
2024,5,2024-05,Automóveis,39,HONDA,CITY,1058,https://www.fenabrave.org.br/portal/files/2024_05_02.pdf
2024,5,2024-05,Automóveis,40,HONDA,CITY HATCH,957,https://www.fenabrave.org.br/portal/files/2024_05_02.pdf
2024,5,2024-05,Automóveis,41,CITROEN,C3 AIRCROSS,845,https://www.fenabrave.org.br/portal/files/2024_05_02.pdf
2024,5,2024-05,Automóveis,42,CAOA CHERY,TIGGO 8,774,https://www.fenabrave.org.br/portal/files/2024_05_02.pdf
2024,5,2024-05,Automóveis,43,MITSUBISHI,ECLIPSE CROSS,734,https://www.fenabrave.org.br/portal/files/2024_05_02.pdf
2024,5,2024-05,Automóveis,44,NISSAN,VERSA,699,https://www.fenabrave.org.br/portal/files/2024_05_02.pdf
2024,5,2024-05,Automóveis,45,GWM,ORA 03,534,https://www.fenabrave.org.br/portal/files/2024_05_02.pdf
2024,5,2024-05,Automóveis,46,NISSAN,SENTRA,497,https://www.fenabrave.org.br/portal/files/2024_05_02.pdf
2024,5,2024-05,Automóveis,47,HONDA,ZR-V,491,https://www.fenabrave.org.br/portal/files/2024_05_02.pdf
2024,5,2024-05,Automóveis,48,BMW,320I,470,https://www.fenabrave.org.br/portal/files/2024_05_02.pdf
2024,5,2024-05,Automóveis,49,VOLVO,EX30,468,https://www.fenabrave.org.br/portal/files/2024_05_02.pdf
2024,5,2024-05,Automóveis,50,BMW,X1,439,https://www.fenabrave.org.br/portal/files/2024_05_02.pdf
2024,5,2024-05,Comerciais leves,1,FIAT,STRADA,10973,https://www.fenabrave.org.br/portal/files/2024_05_02.pdf
2024,5,2024-05,Comerciais leves,2,FIAT,TORO,4315,https://www.fenabrave.org.br/portal/files/2024_05_02.pdf
2024,5,2024-05,Comerciais leves,3,VW,SAVEIRO,3557,https://www.fenabrave.org.br/portal/files/2024_05_02.pdf
2024,5,2024-05,Comerciais leves,4,TOYOTA,HILUX,3393,https://www.fenabrave.org.br/portal/files/2024_05_02.pdf
2024,5,2024-05,Comerciais leves,5,GM,S10,2311,https://www.fenabrave.org.br/portal/files/2024_05_02.pdf
2024,5,2024-05,Comerciais leves,6,FORD,RANGER,2306,https://www.fenabrave.org.br/portal/files/2024_05_02.pdf
2024,5,2024-05,Comerciais leves,7,GM,MONTANA,2306,https://www.fenabrave.org.br/portal/files/2024_05_02.pdf
2024,5,2024-05,Comerciais leves,8,RAM,RAMPAGE,1733,https://www.fenabrave.org.br/portal/files/2024_05_02.pdf
2024,5,2024-05,Comerciais leves,9,RENAULT,OROCH,1107,https://www.fenabrave.org.br/portal/files/2024_05_02.pdf
2024,5,2024-05,Comerciais leves,10,FIAT,FIORINO,1102,https://www.fenabrave.org.br/portal/files/2024_05_02.pdf
2024,5,2024-05,Comerciais leves,11,NISSAN,FRONTIER,1054,https://www.fenabrave.org.br/portal/files/2024_05_02.pdf
2024,5,2024-05,Comerciais leves,12,MITSUBISHI,L200,938,https://www.fenabrave.org.br/portal/files/2024_05_02.pdf
2024,5,2024-05,Comerciais leves,13,RENAULT,MASTER,628,https://www.fenabrave.org.br/portal/files/2024_05_02.pdf
2024,5,2024-05,Comerciais leves,14,VW,AMAROK,582,https://www.fenabrave.org.br/portal/files/2024_05_02.pdf
2024,5,2024-05,Comerciais leves,15,FORD,TRANSIT,308,https://www.fenabrave.org.br/portal/files/2024_05_02.pdf
2024,5,2024-05,Comerciais leves,16,FORD,MAVERICK,303,https://www.fenabrave.org.br/portal/files/2024_05_02.pdf
2024,5,2024-05,Comerciais leves,17,FIAT,TITANO,260,https://www.fenabrave.org.br/portal/files/2024_05_02.pdf
2024,5,2024-05,Comerciais leves,18,KIA,K2500,185,https://www.fenabrave.org.br/portal/files/2024_05_02.pdf
2024,5,2024-05,Comerciais leves,19,RAM,CLASSIC,144,https://www.fenabrave.org.br/portal/files/2024_05_02.pdf
2024,5,2024-05,Comerciais leves,20,RAM,1500,139,https://www.fenabrave.org.br/portal/files/2024_05_02.pdf
2024,5,2024-05,Comerciais leves,21,RAM,3500,137,https://www.fenabrave.org.br/portal/files/2024_05_02.pdf
2024,5,2024-05,Comerciais leves,22,IVECO,DAILY,131,https://www.fenabrave.org.br/portal/files/2024_05_02.pdf
2024,5,2024-05,Comerciais leves,23,VW TRUCK E BUS,EXPRESS,123,https://www.fenabrave.org.br/portal/files/2024_05_02.pdf
2024,5,2024-05,Comerciais leves,24,RAM,2500,122,https://www.fenabrave.org.br/portal/files/2024_05_02.pdf
2024,5,2024-05,Comerciais leves,25,IVECO,DAILY 30-130,112,https://www.fenabrave.org.br/portal/files/2024_05_02.pdf
2024,5,2024-05,Comerciais leves,26,EFFA,V21,112,https://www.fenabrave.org.br/portal/files/2024_05_02.pdf
2024,5,2024-05,Comerciais leves,27,M.BENZ,SPRINTER 315,111,https://www.fenabrave.org.br/portal/files/2024_05_02.pdf
2024,5,2024-05,Comerciais leves,28,FIAT,SCUDO,101,https://www.fenabrave.org.br/portal/files/2024_05_02.pdf
2024,5,2024-05,Comerciais leves,29,CITROEN,JUMPY,74,https://www.fenabrave.org.br/portal/files/2024_05_02.pdf
2024,5,2024-05,Comerciais leves,30,GM,SILVERADO,71,https://www.fenabrave.org.br/portal/files/2024_05_02.pdf
2024,5,2024-05,Comerciais leves,31,FIAT,DUCATO,70,https://www.fenabrave.org.br/portal/files/2024_05_02.pdf
2024,5,2024-05,Comerciais leves,32,PEUGEOT,PARTNER,64,https://www.fenabrave.org.br/portal/files/2024_05_02.pdf
2024,5,2024-05,Comerciais leves,33,FORD,F150,61,https://www.fenabrave.org.br/portal/files/2024_05_02.pdf
2024,5,2024-05,Comerciais leves,34,HYUNDAI,HR,58,https://www.fenabrave.org.br/portal/files/2024_05_02.pdf
2024,5,2024-05,Comerciais leves,35,PEUGEOT,EXPERT,42,https://www.fenabrave.org.br/portal/files/2024_05_02.pdf
2024,5,2024-05,Comerciais leves,36,EFFA,V22,27,https://www.fenabrave.org.br/portal/files/2024_05_02.pdf
2024,5,2024-05,Comerciais leves,37,M.BENZ,SPRINTER 517,25,https://www.fenabrave.org.br/portal/files/2024_05_02.pdf
2024,5,2024-05,Comerciais leves,38,M.BENZ,SPRINTER 417,13,https://www.fenabrave.org.br/portal/files/2024_05_02.pdf
2024,5,2024-05,Comerciais leves,39,CITROEN,JUMPER,11,https://www.fenabrave.org.br/portal/files/2024_05_02.pdf
2024,5,2024-05,Comerciais leves,40,PEUGEOT,BOXER,11,https://www.fenabrave.org.br/portal/files/2024_05_02.pdf
2024,5,2024-05,Comerciais leves,41,JAC,EJV5.5,9,https://www.fenabrave.org.br/portal/files/2024_05_02.pdf
2024,5,2024-05,Comerciais leves,42,RENAULT,KANGOO,8,https://www.fenabrave.org.br/portal/files/2024_05_02.pdf
2024,5,2024-05,Comerciais leves,43,EFFA,V25,7,https://www.fenabrave.org.br/portal/files/2024_05_02.pdf
2024,5,2024-05,Comerciais leves,44,VW,KOMBI,5,https://www.fenabrave.org.br/portal/files/2024_05_02.pdf
2024,5,2024-05,Comerciais leves,45,IVECO,DAILY 35-180,4,https://www.fenabrave.org.br/portal/files/2024_05_02.pdf
2024,5,2024-05,Comerciais leves,46,M.BENZ,SPRINTER,4,https://www.fenabrave.org.br/portal/files/2024_05_02.pdf
2024,5,2024-05,Comerciais leves,47,HITECH,ECOCARGO,3,https://www.fenabrave.org.br/portal/files/2024_05_02.pdf
2024,5,2024-05,Comerciais leves,48,MON,PROTOTIPO,2,https://www.fenabrave.org.br/portal/files/2024_05_02.pdf
2024,5,2024-05,Comerciais leves,49,RENAULT,KWID,2,https://www.fenabrave.org.br/portal/files/2024_05_02.pdf
2024,5,2024-05,Comerciais leves,50,SHINERAY,P TRUCKS,2,https://www.fenabrave.org.br/portal/files/2024_05_02.pdf
2024,6,2024-06,Automóveis,1,HYUNDAI,HB20,9760,https://www.fenabrave.org.br/portal/files/2024_06_02.pdf
2024,6,2024-06,Automóveis,2,VW,POLO,9683,https://www.fenabrave.org.br/portal/files/2024_06_02.pdf
2024,6,2024-06,Automóveis,3,GM,ONIX,8852,https://www.fenabrave.org.br/portal/files/2024_06_02.pdf
2024,6,2024-06,Automóveis,4,FIAT,ARGO,7423,https://www.fenabrave.org.br/portal/files/2024_06_02.pdf
2024,6,2024-06,Automóveis,5,GM,ONIX PLUS,6538,https://www.fenabrave.org.br/portal/files/2024_06_02.pdf
2024,6,2024-06,Automóveis,6,FIAT,MOBI,6007,https://www.fenabrave.org.br/portal/files/2024_06_02.pdf
2024,6,2024-06,Automóveis,7,VW,T CROSS,5936,https://www.fenabrave.org.br/portal/files/2024_06_02.pdf
2024,6,2024-06,Automóveis,8,GM,TRACKER,5918,https://www.fenabrave.org.br/portal/files/2024_06_02.pdf
2024,6,2024-06,Automóveis,9,HYUNDAI,CRETA,5858,https://www.fenabrave.org.br/portal/files/2024_06_02.pdf
2024,6,2024-06,Automóveis,10,VW,NIVUS,5359,https://www.fenabrave.org.br/portal/files/2024_06_02.pdf
2024,6,2024-06,Automóveis,11,NISSAN,KICKS,4677,https://www.fenabrave.org.br/portal/files/2024_06_02.pdf
2024,6,2024-06,Automóveis,12,JEEP,RENEGADE,4535,https://www.fenabrave.org.br/portal/files/2024_06_02.pdf
2024,6,2024-06,Automóveis,13,RENAULT,KWID,4520,https://www.fenabrave.org.br/portal/files/2024_06_02.pdf
2024,6,2024-06,Automóveis,14,HONDA,HR-V,4299,https://www.fenabrave.org.br/portal/files/2024_06_02.pdf
2024,6,2024-06,Automóveis,15,TOYOTA,COROLLA CROSS,4239,https://www.fenabrave.org.br/portal/files/2024_06_02.pdf
2024,6,2024-06,Automóveis,16,JEEP,COMPASS,3960,https://www.fenabrave.org.br/portal/files/2024_06_02.pdf
2024,6,2024-06,Automóveis,17,HYUNDAI,HB20S,3759,https://www.fenabrave.org.br/portal/files/2024_06_02.pdf
2024,6,2024-06,Automóveis,18,FIAT,FASTBACK,3557,https://www.fenabrave.org.br/portal/files/2024_06_02.pdf
2024,6,2024-06,Automóveis,19,FIAT,CRONOS,3400,https://www.fenabrave.org.br/portal/files/2024_06_02.pdf
2024,6,2024-06,Automóveis,20,TOYOTA,COROLLA,3189,https://www.fenabrave.org.br/portal/files/2024_06_02.pdf
2024,6,2024-06,Automóveis,21,FIAT,PULSE,2957,https://www.fenabrave.org.br/portal/files/2024_06_02.pdf
2024,6,2024-06,Automóveis,22,VW,VIRTUS,2560,https://www.fenabrave.org.br/portal/files/2024_06_02.pdf
2024,6,2024-06,Automóveis,23,CAOA CHERY,TIGGO 5X,2521,https://www.fenabrave.org.br/portal/files/2024_06_02.pdf
2024,6,2024-06,Automóveis,24,PEUGEOT,208,2368,https://www.fenabrave.org.br/portal/files/2024_06_02.pdf
2024,6,2024-06,Automóveis,25,TOYOTA,YARIS HB,2336,https://www.fenabrave.org.br/portal/files/2024_06_02.pdf
2024,6,2024-06,Automóveis,26,GM,SPIN,2253,https://www.fenabrave.org.br/portal/files/2024_06_02.pdf
2024,6,2024-06,Automóveis,27,GWM,HAVAL H6,2153,https://www.fenabrave.org.br/portal/files/2024_06_02.pdf
2024,6,2024-06,Automóveis,28,TOYOTA,YARIS SEDAN,2088,https://www.fenabrave.org.br/portal/files/2024_06_02.pdf
2024,6,2024-06,Automóveis,29,CITROEN,C3,1985,https://www.fenabrave.org.br/portal/files/2024_06_02.pdf
2024,6,2024-06,Automóveis,30,BYD,SONG PLUS,1911,https://www.fenabrave.org.br/portal/files/2024_06_02.pdf
2024,6,2024-06,Automóveis,31,VW,TAOS,1891,https://www.fenabrave.org.br/portal/files/2024_06_02.pdf
2024,6,2024-06,Automóveis,32,CAOA CHERY,TIGGO 7,1875,https://www.fenabrave.org.br/portal/files/2024_06_02.pdf
2024,6,2024-06,Automóveis,33,RENAULT,KARDIAN,1753,https://www.fenabrave.org.br/portal/files/2024_06_02.pdf
2024,6,2024-06,Automóveis,34,JEEP,COMMANDER,1587,https://www.fenabrave.org.br/portal/files/2024_06_02.pdf
2024,6,2024-06,Automóveis,35,BYD,DOLPHIN,1514,https://www.fenabrave.org.br/portal/files/2024_06_02.pdf
2024,6,2024-06,Automóveis,36,TOYOTA,HILUX SW4,1454,https://www.fenabrave.org.br/portal/files/2024_06_02.pdf
2024,6,2024-06,Automóveis,37,RENAULT,DUSTER,1369,https://www.fenabrave.org.br/portal/files/2024_06_02.pdf
2024,6,2024-06,Automóveis,38,HONDA,CITY,1343,https://www.fenabrave.org.br/portal/files/2024_06_02.pdf
2024,6,2024-06,Automóveis,39,BYD,DOLPHIN MINI,1318,https://www.fenabrave.org.br/portal/files/2024_06_02.pdf
2024,6,2024-06,Automóveis,40,NISSAN,VERSA,1275,https://www.fenabrave.org.br/portal/files/2024_06_02.pdf
2024,6,2024-06,Automóveis,41,HONDA,CITY HATCH,1232,https://www.fenabrave.org.br/portal/files/2024_06_02.pdf
2024,6,2024-06,Automóveis,42,CITROEN,C3 AIRCROSS,1014,https://www.fenabrave.org.br/portal/files/2024_06_02.pdf
2024,6,2024-06,Automóveis,43,MITSUBISHI,ECLIPSE CROSS,758,https://www.fenabrave.org.br/portal/files/2024_06_02.pdf
2024,6,2024-06,Automóveis,44,VOLVO,EX30,666,https://www.fenabrave.org.br/portal/files/2024_06_02.pdf
2024,6,2024-06,Automóveis,45,GWM,ORA 03,589,https://www.fenabrave.org.br/portal/files/2024_06_02.pdf
2024,6,2024-06,Automóveis,46,CAOA CHERY,TIGGO 8,564,https://www.fenabrave.org.br/portal/files/2024_06_02.pdf
2024,6,2024-06,Automóveis,47,BMW,X1,555,https://www.fenabrave.org.br/portal/files/2024_06_02.pdf
2024,6,2024-06,Automóveis,48,NISSAN,SENTRA,494,https://www.fenabrave.org.br/portal/files/2024_06_02.pdf
2024,6,2024-06,Automóveis,49,BMW,320I,424,https://www.fenabrave.org.br/portal/files/2024_06_02.pdf
2024,6,2024-06,Automóveis,50,HONDA,ZR-V,341,https://www.fenabrave.org.br/portal/files/2024_06_02.pdf
2024,6,2024-06,Comerciais leves,1,FIAT,STRADA,7551,https://www.fenabrave.org.br/portal/files/2024_06_02.pdf
2024,6,2024-06,Comerciais leves,2,FIAT,TORO,4780,https://www.fenabrave.org.br/portal/files/2024_06_02.pdf
2024,6,2024-06,Comerciais leves,3,TOYOTA,HILUX,3895,https://www.fenabrave.org.br/portal/files/2024_06_02.pdf
2024,6,2024-06,Comerciais leves,4,VW,SAVEIRO,3182,https://www.fenabrave.org.br/portal/files/2024_06_02.pdf
2024,6,2024-06,Comerciais leves,5,FORD,RANGER,3026,https://www.fenabrave.org.br/portal/files/2024_06_02.pdf
2024,6,2024-06,Comerciais leves,6,GM,MONTANA,2349,https://www.fenabrave.org.br/portal/files/2024_06_02.pdf
2024,6,2024-06,Comerciais leves,7,GM,S10,2197,https://www.fenabrave.org.br/portal/files/2024_06_02.pdf
2024,6,2024-06,Comerciais leves,8,RAM,RAMPAGE,1968,https://www.fenabrave.org.br/portal/files/2024_06_02.pdf
2024,6,2024-06,Comerciais leves,9,FIAT,FIORINO,1788,https://www.fenabrave.org.br/portal/files/2024_06_02.pdf
2024,6,2024-06,Comerciais leves,10,RENAULT,OROCH,861,https://www.fenabrave.org.br/portal/files/2024_06_02.pdf
2024,6,2024-06,Comerciais leves,11,NISSAN,FRONTIER,788,https://www.fenabrave.org.br/portal/files/2024_06_02.pdf
2024,6,2024-06,Comerciais leves,12,MITSUBISHI,L200,782,https://www.fenabrave.org.br/portal/files/2024_06_02.pdf
2024,6,2024-06,Comerciais leves,13,VW,AMAROK,702,https://www.fenabrave.org.br/portal/files/2024_06_02.pdf
2024,6,2024-06,Comerciais leves,14,FIAT,TITANO,677,https://www.fenabrave.org.br/portal/files/2024_06_02.pdf
2024,6,2024-06,Comerciais leves,15,RENAULT,MASTER,583,https://www.fenabrave.org.br/portal/files/2024_06_02.pdf
2024,6,2024-06,Comerciais leves,16,FORD,MAVERICK,323,https://www.fenabrave.org.br/portal/files/2024_06_02.pdf
2024,6,2024-06,Comerciais leves,17,FORD,TRANSIT,298,https://www.fenabrave.org.br/portal/files/2024_06_02.pdf
2024,6,2024-06,Comerciais leves,18,RAM,1500,265,https://www.fenabrave.org.br/portal/files/2024_06_02.pdf
2024,6,2024-06,Comerciais leves,19,RAM,CLASSIC,246,https://www.fenabrave.org.br/portal/files/2024_06_02.pdf
2024,6,2024-06,Comerciais leves,20,RENAULT,KANGOO,222,https://www.fenabrave.org.br/portal/files/2024_06_02.pdf
2024,6,2024-06,Comerciais leves,21,IVECO,DAILY 30-130,196,https://www.fenabrave.org.br/portal/files/2024_06_02.pdf
2024,6,2024-06,Comerciais leves,22,RAM,2500,189,https://www.fenabrave.org.br/portal/files/2024_06_02.pdf
2024,6,2024-06,Comerciais leves,23,RAM,3500,169,https://www.fenabrave.org.br/portal/files/2024_06_02.pdf
2024,6,2024-06,Comerciais leves,24,VW TRUCK E BUS,EXPRESS,151,https://www.fenabrave.org.br/portal/files/2024_06_02.pdf
2024,6,2024-06,Comerciais leves,25,FIAT,SCUDO,150,https://www.fenabrave.org.br/portal/files/2024_06_02.pdf
2024,6,2024-06,Comerciais leves,26,PEUGEOT,EXPERT,142,https://www.fenabrave.org.br/portal/files/2024_06_02.pdf
2024,6,2024-06,Comerciais leves,27,KIA,K2500,140,https://www.fenabrave.org.br/portal/files/2024_06_02.pdf
2024,6,2024-06,Comerciais leves,28,IVECO,DAILY,139,https://www.fenabrave.org.br/portal/files/2024_06_02.pdf
2024,6,2024-06,Comerciais leves,29,CITROEN,JUMPY,122,https://www.fenabrave.org.br/portal/files/2024_06_02.pdf
2024,6,2024-06,Comerciais leves,30,EFFA,V21,120,https://www.fenabrave.org.br/portal/files/2024_06_02.pdf
2024,6,2024-06,Comerciais leves,31,M.BENZ,SPRINTER 315,110,https://www.fenabrave.org.br/portal/files/2024_06_02.pdf
2024,6,2024-06,Comerciais leves,32,FIAT,DUCATO,107,https://www.fenabrave.org.br/portal/files/2024_06_02.pdf
2024,6,2024-06,Comerciais leves,33,RENAULT,KANGOO E-TECH,75,https://www.fenabrave.org.br/portal/files/2024_06_02.pdf
2024,6,2024-06,Comerciais leves,34,HYUNDAI,HR,69,https://www.fenabrave.org.br/portal/files/2024_06_02.pdf
2024,6,2024-06,Comerciais leves,35,GM,SILVERADO,68,https://www.fenabrave.org.br/portal/files/2024_06_02.pdf
2024,6,2024-06,Comerciais leves,36,PEUGEOT,PARTNER,49,https://www.fenabrave.org.br/portal/files/2024_06_02.pdf
2024,6,2024-06,Comerciais leves,37,FORD,F150,41,https://www.fenabrave.org.br/portal/files/2024_06_02.pdf
2024,6,2024-06,Comerciais leves,38,EFFA,V22,39,https://www.fenabrave.org.br/portal/files/2024_06_02.pdf
2024,6,2024-06,Comerciais leves,39,M.BENZ,SPRINTER 517,21,https://www.fenabrave.org.br/portal/files/2024_06_02.pdf
2024,6,2024-06,Comerciais leves,40,PEUGEOT,BOXER,15,https://www.fenabrave.org.br/portal/files/2024_06_02.pdf
2024,6,2024-06,Comerciais leves,41,IVECO,DAILY 35-180,11,https://www.fenabrave.org.br/portal/files/2024_06_02.pdf
2024,6,2024-06,Comerciais leves,42,M.BENZ,SPRINTER 417,11,https://www.fenabrave.org.br/portal/files/2024_06_02.pdf
2024,6,2024-06,Comerciais leves,43,EFFA,V25,9,https://www.fenabrave.org.br/portal/files/2024_06_02.pdf
2024,6,2024-06,Comerciais leves,44,CITROEN,JUMPER,5,https://www.fenabrave.org.br/portal/files/2024_06_02.pdf
2024,6,2024-06,Comerciais leves,45,MON,PROTOTIPO,5,https://www.fenabrave.org.br/portal/files/2024_06_02.pdf
2024,6,2024-06,Comerciais leves,46,ARROW,ONE,5,https://www.fenabrave.org.br/portal/files/2024_06_02.pdf
2024,6,2024-06,Comerciais leves,47,VW,KOMBI,3,https://www.fenabrave.org.br/portal/files/2024_06_02.pdf
2024,6,2024-06,Comerciais leves,48,HITECH,ECOCARGO,3,https://www.fenabrave.org.br/portal/files/2024_06_02.pdf
2024,6,2024-06,Comerciais leves,49,FORD,F250,2,https://www.fenabrave.org.br/portal/files/2024_06_02.pdf
2024,6,2024-06,Comerciais leves,50,GMC,SIERRA,2,https://www.fenabrave.org.br/portal/files/2024_06_02.pdf
2024,7,2024-07,Automóveis,1,VW,POLO,12543,https://www.fenabrave.org.br/portal/files/2024_07_02.pdf
2024,7,2024-07,Automóveis,2,FIAT,ARGO,8663,https://www.fenabrave.org.br/portal/files/2024_07_02.pdf
2024,7,2024-07,Automóveis,3,VW,T CROSS,8185,https://www.fenabrave.org.br/portal/files/2024_07_02.pdf
2024,7,2024-07,Automóveis,4,GM,ONIX,7423,https://www.fenabrave.org.br/portal/files/2024_07_02.pdf
2024,7,2024-07,Automóveis,5,HYUNDAI,CRETA,7281,https://www.fenabrave.org.br/portal/files/2024_07_02.pdf
2024,7,2024-07,Automóveis,6,HYUNDAI,HB20,7228,https://www.fenabrave.org.br/portal/files/2024_07_02.pdf
2024,7,2024-07,Automóveis,7,FIAT,MOBI,6807,https://www.fenabrave.org.br/portal/files/2024_07_02.pdf
2024,7,2024-07,Automóveis,8,GM,TRACKER,6391,https://www.fenabrave.org.br/portal/files/2024_07_02.pdf
2024,7,2024-07,Automóveis,9,NISSAN,KICKS,5819,https://www.fenabrave.org.br/portal/files/2024_07_02.pdf
2024,7,2024-07,Automóveis,10,JEEP,RENEGADE,5766,https://www.fenabrave.org.br/portal/files/2024_07_02.pdf
2024,7,2024-07,Automóveis,11,FIAT,FASTBACK,5651,https://www.fenabrave.org.br/portal/files/2024_07_02.pdf
2024,7,2024-07,Automóveis,12,VW,NIVUS,5570,https://www.fenabrave.org.br/portal/files/2024_07_02.pdf
2024,7,2024-07,Automóveis,13,GM,ONIX PLUS,4864,https://www.fenabrave.org.br/portal/files/2024_07_02.pdf
2024,7,2024-07,Automóveis,14,TOYOTA,COROLLA CROSS,4848,https://www.fenabrave.org.br/portal/files/2024_07_02.pdf
2024,7,2024-07,Automóveis,15,JEEP,COMPASS,4728,https://www.fenabrave.org.br/portal/files/2024_07_02.pdf
2024,7,2024-07,Automóveis,16,HONDA,HR-V,4635,https://www.fenabrave.org.br/portal/files/2024_07_02.pdf
2024,7,2024-07,Automóveis,17,FIAT,PULSE,3662,https://www.fenabrave.org.br/portal/files/2024_07_02.pdf
2024,7,2024-07,Automóveis,18,RENAULT,KWID,3520,https://www.fenabrave.org.br/portal/files/2024_07_02.pdf
2024,7,2024-07,Automóveis,19,TOYOTA,COROLLA,3500,https://www.fenabrave.org.br/portal/files/2024_07_02.pdf
2024,7,2024-07,Automóveis,20,CAOA CHERY,TIGGO 7,3471,https://www.fenabrave.org.br/portal/files/2024_07_02.pdf
2024,7,2024-07,Automóveis,21,HYUNDAI,HB20S,3048,https://www.fenabrave.org.br/portal/files/2024_07_02.pdf
2024,7,2024-07,Automóveis,22,VW,VIRTUS,2906,https://www.fenabrave.org.br/portal/files/2024_07_02.pdf
2024,7,2024-07,Automóveis,23,TOYOTA,YARIS HB,2819,https://www.fenabrave.org.br/portal/files/2024_07_02.pdf
2024,7,2024-07,Automóveis,24,GWM,HAVAL H6,2786,https://www.fenabrave.org.br/portal/files/2024_07_02.pdf
2024,7,2024-07,Automóveis,25,FIAT,CRONOS,2603,https://www.fenabrave.org.br/portal/files/2024_07_02.pdf
2024,7,2024-07,Automóveis,26,PEUGEOT,208,2371,https://www.fenabrave.org.br/portal/files/2024_07_02.pdf
2024,7,2024-07,Automóveis,27,GM,SPIN,2370,https://www.fenabrave.org.br/portal/files/2024_07_02.pdf
2024,7,2024-07,Automóveis,28,RENAULT,KARDIAN,2367,https://www.fenabrave.org.br/portal/files/2024_07_02.pdf
2024,7,2024-07,Automóveis,29,TOYOTA,YARIS SEDAN,2291,https://www.fenabrave.org.br/portal/files/2024_07_02.pdf
2024,7,2024-07,Automóveis,30,BYD,SONG,2139,https://www.fenabrave.org.br/portal/files/2024_07_02.pdf
2024,7,2024-07,Automóveis,31,CITROEN,C3,2111,https://www.fenabrave.org.br/portal/files/2024_07_02.pdf
2024,7,2024-07,Automóveis,32,VW,TAOS,2076,https://www.fenabrave.org.br/portal/files/2024_07_02.pdf
2024,7,2024-07,Automóveis,33,HONDA,CITY,1701,https://www.fenabrave.org.br/portal/files/2024_07_02.pdf
2024,7,2024-07,Automóveis,34,JEEP,COMMANDER,1696,https://www.fenabrave.org.br/portal/files/2024_07_02.pdf
2024,7,2024-07,Automóveis,35,HONDA,CITY HATCH,1590,https://www.fenabrave.org.br/portal/files/2024_07_02.pdf
2024,7,2024-07,Automóveis,36,TOYOTA,HILUX SW4,1510,https://www.fenabrave.org.br/portal/files/2024_07_02.pdf
2024,7,2024-07,Automóveis,37,CAOA CHERY,TIGGO 5X,1500,https://www.fenabrave.org.br/portal/files/2024_07_02.pdf
2024,7,2024-07,Automóveis,38,BYD,DOLPHIN MINI,1488,https://www.fenabrave.org.br/portal/files/2024_07_02.pdf
2024,7,2024-07,Automóveis,39,BYD,DOLPHIN,1467,https://www.fenabrave.org.br/portal/files/2024_07_02.pdf
2024,7,2024-07,Automóveis,40,RENAULT,DUSTER,1369,https://www.fenabrave.org.br/portal/files/2024_07_02.pdf
2024,7,2024-07,Automóveis,41,NISSAN,VERSA,1327,https://www.fenabrave.org.br/portal/files/2024_07_02.pdf
2024,7,2024-07,Automóveis,42,CITROEN,C3 AIRCROSS,924,https://www.fenabrave.org.br/portal/files/2024_07_02.pdf
2024,7,2024-07,Automóveis,43,MITSUBISHI,ECLIPSE CROSS,837,https://www.fenabrave.org.br/portal/files/2024_07_02.pdf
2024,7,2024-07,Automóveis,44,NISSAN,SENTRA,728,https://www.fenabrave.org.br/portal/files/2024_07_02.pdf
2024,7,2024-07,Automóveis,45,RENAULT,LOGAN,644,https://www.fenabrave.org.br/portal/files/2024_07_02.pdf
2024,7,2024-07,Automóveis,46,BYD,KING,593,https://www.fenabrave.org.br/portal/files/2024_07_02.pdf
2024,7,2024-07,Automóveis,47,FORD,TERRITORY,508,https://www.fenabrave.org.br/portal/files/2024_07_02.pdf
2024,7,2024-07,Automóveis,48,RENAULT,SANDERO,432,https://www.fenabrave.org.br/portal/files/2024_07_02.pdf
2024,7,2024-07,Automóveis,49,BMW,X1,415,https://www.fenabrave.org.br/portal/files/2024_07_02.pdf
2024,7,2024-07,Automóveis,50,GWM,ORA 03,398,https://www.fenabrave.org.br/portal/files/2024_07_02.pdf
2024,7,2024-07,Comerciais leves,1,FIAT,STRADA,14192,https://www.fenabrave.org.br/portal/files/2024_07_02.pdf
2024,7,2024-07,Comerciais leves,2,FIAT,TORO,5647,https://www.fenabrave.org.br/portal/files/2024_07_02.pdf
2024,7,2024-07,Comerciais leves,3,TOYOTA,HILUX,4760,https://www.fenabrave.org.br/portal/files/2024_07_02.pdf
2024,7,2024-07,Comerciais leves,4,VW,SAVEIRO,4385,https://www.fenabrave.org.br/portal/files/2024_07_02.pdf
2024,7,2024-07,Comerciais leves,5,FORD,RANGER,2685,https://www.fenabrave.org.br/portal/files/2024_07_02.pdf
2024,7,2024-07,Comerciais leves,6,GM,MONTANA,2370,https://www.fenabrave.org.br/portal/files/2024_07_02.pdf
2024,7,2024-07,Comerciais leves,7,RAM,RAMPAGE,2136,https://www.fenabrave.org.br/portal/files/2024_07_02.pdf
2024,7,2024-07,Comerciais leves,8,GM,S10,1993,https://www.fenabrave.org.br/portal/files/2024_07_02.pdf
2024,7,2024-07,Comerciais leves,9,FIAT,FIORINO,1899,https://www.fenabrave.org.br/portal/files/2024_07_02.pdf
2024,7,2024-07,Comerciais leves,10,RENAULT,OROCH,1081,https://www.fenabrave.org.br/portal/files/2024_07_02.pdf
2024,7,2024-07,Comerciais leves,11,MITSUBISHI,L200,1066,https://www.fenabrave.org.br/portal/files/2024_07_02.pdf
2024,7,2024-07,Comerciais leves,12,RENAULT,MASTER,874,https://www.fenabrave.org.br/portal/files/2024_07_02.pdf
2024,7,2024-07,Comerciais leves,13,NISSAN,FRONTIER,801,https://www.fenabrave.org.br/portal/files/2024_07_02.pdf
2024,7,2024-07,Comerciais leves,14,FIAT,TITANO,714,https://www.fenabrave.org.br/portal/files/2024_07_02.pdf
2024,7,2024-07,Comerciais leves,15,VW,AMAROK,707,https://www.fenabrave.org.br/portal/files/2024_07_02.pdf
2024,7,2024-07,Comerciais leves,16,FIAT,SCUDO,471,https://www.fenabrave.org.br/portal/files/2024_07_02.pdf
2024,7,2024-07,Comerciais leves,17,FORD,TRANSIT,317,https://www.fenabrave.org.br/portal/files/2024_07_02.pdf
2024,7,2024-07,Comerciais leves,18,FORD,MAVERICK,309,https://www.fenabrave.org.br/portal/files/2024_07_02.pdf
2024,7,2024-07,Comerciais leves,19,KIA,K2500,291,https://www.fenabrave.org.br/portal/files/2024_07_02.pdf
2024,7,2024-07,Comerciais leves,20,RENAULT,KANGOO,249,https://www.fenabrave.org.br/portal/files/2024_07_02.pdf
2024,7,2024-07,Comerciais leves,21,HYUNDAI,HR,228,https://www.fenabrave.org.br/portal/files/2024_07_02.pdf
2024,7,2024-07,Comerciais leves,22,RAM,2500,210,https://www.fenabrave.org.br/portal/files/2024_07_02.pdf
2024,7,2024-07,Comerciais leves,23,IVECO,DAILY,175,https://www.fenabrave.org.br/portal/files/2024_07_02.pdf
2024,7,2024-07,Comerciais leves,24,M.BENZ,SPRINTER 315,174,https://www.fenabrave.org.br/portal/files/2024_07_02.pdf
2024,7,2024-07,Comerciais leves,25,VW TRUCK E BUS,EXPRESS,159,https://www.fenabrave.org.br/portal/files/2024_07_02.pdf
2024,7,2024-07,Comerciais leves,26,FIAT,DUCATO,156,https://www.fenabrave.org.br/portal/files/2024_07_02.pdf
2024,7,2024-07,Comerciais leves,27,PEUGEOT,EXPERT,149,https://www.fenabrave.org.br/portal/files/2024_07_02.pdf
2024,7,2024-07,Comerciais leves,28,RAM,1500,149,https://www.fenabrave.org.br/portal/files/2024_07_02.pdf
2024,7,2024-07,Comerciais leves,29,RAM,3500,138,https://www.fenabrave.org.br/portal/files/2024_07_02.pdf
2024,7,2024-07,Comerciais leves,30,RAM,CLASSIC,122,https://www.fenabrave.org.br/portal/files/2024_07_02.pdf
2024,7,2024-07,Comerciais leves,31,CITROEN,JUMPY,109,https://www.fenabrave.org.br/portal/files/2024_07_02.pdf
2024,7,2024-07,Comerciais leves,32,IVECO,DAILY 30-130,102,https://www.fenabrave.org.br/portal/files/2024_07_02.pdf
2024,7,2024-07,Comerciais leves,33,EFFA,V21,101,https://www.fenabrave.org.br/portal/files/2024_07_02.pdf
2024,7,2024-07,Comerciais leves,34,GM,SILVERADO,69,https://www.fenabrave.org.br/portal/files/2024_07_02.pdf
2024,7,2024-07,Comerciais leves,35,PEUGEOT,PARTNER,56,https://www.fenabrave.org.br/portal/files/2024_07_02.pdf
2024,7,2024-07,Comerciais leves,36,EFFA,V22,45,https://www.fenabrave.org.br/portal/files/2024_07_02.pdf
2024,7,2024-07,Comerciais leves,37,IVECO,DAILY 35-180,28,https://www.fenabrave.org.br/portal/files/2024_07_02.pdf
2024,7,2024-07,Comerciais leves,38,M.BENZ,SPRINTER 517,24,https://www.fenabrave.org.br/portal/files/2024_07_02.pdf
2024,7,2024-07,Comerciais leves,39,PEUGEOT,BOXER,20,https://www.fenabrave.org.br/portal/files/2024_07_02.pdf
2024,7,2024-07,Comerciais leves,40,FORD,F150,18,https://www.fenabrave.org.br/portal/files/2024_07_02.pdf
2024,7,2024-07,Comerciais leves,41,JAC,EJV5.5,16,https://www.fenabrave.org.br/portal/files/2024_07_02.pdf
2024,7,2024-07,Comerciais leves,42,VW,KOMBI,12,https://www.fenabrave.org.br/portal/files/2024_07_02.pdf
2024,7,2024-07,Comerciais leves,43,M.BENZ,SPRINTER 417,7,https://www.fenabrave.org.br/portal/files/2024_07_02.pdf
2024,7,2024-07,Comerciais leves,44,CITROEN,JUMPER,6,https://www.fenabrave.org.br/portal/files/2024_07_02.pdf
2024,7,2024-07,Comerciais leves,45,EFFA,V25,6,https://www.fenabrave.org.br/portal/files/2024_07_02.pdf
2024,7,2024-07,Comerciais leves,46,M.BENZ,SPRINTER,5,https://www.fenabrave.org.br/portal/files/2024_07_02.pdf
2024,7,2024-07,Comerciais leves,47,RENAULT,KWID,3,https://www.fenabrave.org.br/portal/files/2024_07_02.pdf
2024,7,2024-07,Comerciais leves,48,ARROW,ONE,3,https://www.fenabrave.org.br/portal/files/2024_07_02.pdf
2024,7,2024-07,Comerciais leves,49,RENAULT,KANGOO E-TECH,2,https://www.fenabrave.org.br/portal/files/2024_07_02.pdf
2024,7,2024-07,Comerciais leves,50,WILLYS,OVERLAND,2,https://www.fenabrave.org.br/portal/files/2024_07_02.pdf
2024,8,2024-08,Automóveis,1,VW,POLO,14274,https://www.fenabrave.org.br/portal/files/2024_08_02.pdf
2024,8,2024-08,Automóveis,2,GM,ONIX,9018,https://www.fenabrave.org.br/portal/files/2024_08_02.pdf
2024,8,2024-08,Automóveis,3,FIAT,ARGO,7768,https://www.fenabrave.org.br/portal/files/2024_08_02.pdf
2024,8,2024-08,Automóveis,4,VW,T CROSS,7118,https://www.fenabrave.org.br/portal/files/2024_08_02.pdf
2024,8,2024-08,Automóveis,5,HYUNDAI,HB20,7103,https://www.fenabrave.org.br/portal/files/2024_08_02.pdf
2024,8,2024-08,Automóveis,6,GM,TRACKER,6416,https://www.fenabrave.org.br/portal/files/2024_08_02.pdf
2024,8,2024-08,Automóveis,7,HYUNDAI,CRETA,5962,https://www.fenabrave.org.br/portal/files/2024_08_02.pdf
2024,8,2024-08,Automóveis,8,JEEP,RENEGADE,5517,https://www.fenabrave.org.br/portal/files/2024_08_02.pdf
2024,8,2024-08,Automóveis,9,NISSAN,KICKS,5355,https://www.fenabrave.org.br/portal/files/2024_08_02.pdf
2024,8,2024-08,Automóveis,10,GM,ONIX PLUS,4843,https://www.fenabrave.org.br/portal/files/2024_08_02.pdf
2024,8,2024-08,Automóveis,11,FIAT,MOBI,4771,https://www.fenabrave.org.br/portal/files/2024_08_02.pdf
2024,8,2024-08,Automóveis,12,RENAULT,KWID,4622,https://www.fenabrave.org.br/portal/files/2024_08_02.pdf
2024,8,2024-08,Automóveis,13,HONDA,HR-V,4542,https://www.fenabrave.org.br/portal/files/2024_08_02.pdf
2024,8,2024-08,Automóveis,14,VW,NIVUS,4458,https://www.fenabrave.org.br/portal/files/2024_08_02.pdf
2024,8,2024-08,Automóveis,15,FIAT,FASTBACK,4408,https://www.fenabrave.org.br/portal/files/2024_08_02.pdf
2024,8,2024-08,Automóveis,16,TOYOTA,COROLLA CROSS,4318,https://www.fenabrave.org.br/portal/files/2024_08_02.pdf
2024,8,2024-08,Automóveis,17,CAOA CHERY,TIGGO 7,4016,https://www.fenabrave.org.br/portal/files/2024_08_02.pdf
2024,8,2024-08,Automóveis,18,JEEP,COMPASS,4005,https://www.fenabrave.org.br/portal/files/2024_08_02.pdf
2024,8,2024-08,Automóveis,19,FIAT,CRONOS,3759,https://www.fenabrave.org.br/portal/files/2024_08_02.pdf
2024,8,2024-08,Automóveis,20,HYUNDAI,HB20S,3592,https://www.fenabrave.org.br/portal/files/2024_08_02.pdf
2024,8,2024-08,Automóveis,21,FIAT,PULSE,3554,https://www.fenabrave.org.br/portal/files/2024_08_02.pdf
2024,8,2024-08,Automóveis,22,TOYOTA,COROLLA,3515,https://www.fenabrave.org.br/portal/files/2024_08_02.pdf
2024,8,2024-08,Automóveis,23,VW,VIRTUS,2926,https://www.fenabrave.org.br/portal/files/2024_08_02.pdf
2024,8,2024-08,Automóveis,24,GM,SPIN,2634,https://www.fenabrave.org.br/portal/files/2024_08_02.pdf
2024,8,2024-08,Automóveis,25,BYD,SONG,2516,https://www.fenabrave.org.br/portal/files/2024_08_02.pdf
2024,8,2024-08,Automóveis,26,TOYOTA,YARIS HB,2392,https://www.fenabrave.org.br/portal/files/2024_08_02.pdf
2024,8,2024-08,Automóveis,27,TOYOTA,YARIS SEDAN,2347,https://www.fenabrave.org.br/portal/files/2024_08_02.pdf
2024,8,2024-08,Automóveis,28,BYD,DOLPHIN MINI,2298,https://www.fenabrave.org.br/portal/files/2024_08_02.pdf
2024,8,2024-08,Automóveis,29,RENAULT,KARDIAN,2263,https://www.fenabrave.org.br/portal/files/2024_08_02.pdf
2024,8,2024-08,Automóveis,30,GWM,HAVAL H6,2112,https://www.fenabrave.org.br/portal/files/2024_08_02.pdf
2024,8,2024-08,Automóveis,31,PEUGEOT,208,1914,https://www.fenabrave.org.br/portal/files/2024_08_02.pdf
2024,8,2024-08,Automóveis,32,CITROEN,C3,1899,https://www.fenabrave.org.br/portal/files/2024_08_02.pdf
2024,8,2024-08,Automóveis,33,HONDA,CITY,1767,https://www.fenabrave.org.br/portal/files/2024_08_02.pdf
2024,8,2024-08,Automóveis,34,JEEP,COMMANDER,1673,https://www.fenabrave.org.br/portal/files/2024_08_02.pdf
2024,8,2024-08,Automóveis,35,VW,TAOS,1664,https://www.fenabrave.org.br/portal/files/2024_08_02.pdf
2024,8,2024-08,Automóveis,36,HONDA,CITY HATCH,1543,https://www.fenabrave.org.br/portal/files/2024_08_02.pdf
2024,8,2024-08,Automóveis,37,TOYOTA,HILUX SW4,1361,https://www.fenabrave.org.br/portal/files/2024_08_02.pdf
2024,8,2024-08,Automóveis,38,BYD,DOLPHIN,1056,https://www.fenabrave.org.br/portal/files/2024_08_02.pdf
2024,8,2024-08,Automóveis,39,CITROEN,C3 AIRCROSS,1049,https://www.fenabrave.org.br/portal/files/2024_08_02.pdf
2024,8,2024-08,Automóveis,40,RENAULT,DUSTER,1019,https://www.fenabrave.org.br/portal/files/2024_08_02.pdf
2024,8,2024-08,Automóveis,41,NISSAN,VERSA,868,https://www.fenabrave.org.br/portal/files/2024_08_02.pdf
2024,8,2024-08,Automóveis,42,CAOA CHERY,TIGGO 5X,717,https://www.fenabrave.org.br/portal/files/2024_08_02.pdf
2024,8,2024-08,Automóveis,43,MITSUBISHI,ECLIPSE CROSS,613,https://www.fenabrave.org.br/portal/files/2024_08_02.pdf
2024,8,2024-08,Automóveis,44,CAOA CHERY,TIGGO 8,599,https://www.fenabrave.org.br/portal/files/2024_08_02.pdf
2024,8,2024-08,Automóveis,45,NISSAN,SENTRA,485,https://www.fenabrave.org.br/portal/files/2024_08_02.pdf
2024,8,2024-08,Automóveis,46,FORD,TERRITORY,469,https://www.fenabrave.org.br/portal/files/2024_08_02.pdf
2024,8,2024-08,Automóveis,47,RENAULT,SANDERO,406,https://www.fenabrave.org.br/portal/files/2024_08_02.pdf
2024,8,2024-08,Automóveis,48,BYD,KING,384,https://www.fenabrave.org.br/portal/files/2024_08_02.pdf
2024,8,2024-08,Automóveis,49,GWM,ORA 03,382,https://www.fenabrave.org.br/portal/files/2024_08_02.pdf
2024,8,2024-08,Automóveis,50,RENAULT,LOGAN,373,https://www.fenabrave.org.br/portal/files/2024_08_02.pdf
2024,8,2024-08,Comerciais leves,1,FIAT,STRADA,16423,https://www.fenabrave.org.br/portal/files/2024_08_02.pdf
2024,8,2024-08,Comerciais leves,2,FIAT,TORO,5549,https://www.fenabrave.org.br/portal/files/2024_08_02.pdf
2024,8,2024-08,Comerciais leves,3,VW,SAVEIRO,5519,https://www.fenabrave.org.br/portal/files/2024_08_02.pdf
2024,8,2024-08,Comerciais leves,4,TOYOTA,HILUX,4730,https://www.fenabrave.org.br/portal/files/2024_08_02.pdf
2024,8,2024-08,Comerciais leves,5,FORD,RANGER,2782,https://www.fenabrave.org.br/portal/files/2024_08_02.pdf
2024,8,2024-08,Comerciais leves,6,GM,MONTANA,2362,https://www.fenabrave.org.br/portal/files/2024_08_02.pdf
2024,8,2024-08,Comerciais leves,7,GM,S10,2098,https://www.fenabrave.org.br/portal/files/2024_08_02.pdf
2024,8,2024-08,Comerciais leves,8,RAM,RAMPAGE,2059,https://www.fenabrave.org.br/portal/files/2024_08_02.pdf
2024,8,2024-08,Comerciais leves,9,FIAT,FIORINO,1856,https://www.fenabrave.org.br/portal/files/2024_08_02.pdf
2024,8,2024-08,Comerciais leves,10,RENAULT,MASTER,1022,https://www.fenabrave.org.br/portal/files/2024_08_02.pdf
2024,8,2024-08,Comerciais leves,11,RENAULT,OROCH,970,https://www.fenabrave.org.br/portal/files/2024_08_02.pdf
2024,8,2024-08,Comerciais leves,12,MITSUBISHI,L200,934,https://www.fenabrave.org.br/portal/files/2024_08_02.pdf
2024,8,2024-08,Comerciais leves,13,NISSAN,FRONTIER,857,https://www.fenabrave.org.br/portal/files/2024_08_02.pdf
2024,8,2024-08,Comerciais leves,14,FIAT,TITANO,690,https://www.fenabrave.org.br/portal/files/2024_08_02.pdf
2024,8,2024-08,Comerciais leves,15,FIAT,SCUDO,527,https://www.fenabrave.org.br/portal/files/2024_08_02.pdf
2024,8,2024-08,Comerciais leves,16,FORD,MAVERICK,501,https://www.fenabrave.org.br/portal/files/2024_08_02.pdf
2024,8,2024-08,Comerciais leves,17,VW,AMAROK,479,https://www.fenabrave.org.br/portal/files/2024_08_02.pdf
2024,8,2024-08,Comerciais leves,18,FORD,TRANSIT,337,https://www.fenabrave.org.br/portal/files/2024_08_02.pdf
2024,8,2024-08,Comerciais leves,19,KIA,K2500,333,https://www.fenabrave.org.br/portal/files/2024_08_02.pdf
2024,8,2024-08,Comerciais leves,20,HYUNDAI,HR,257,https://www.fenabrave.org.br/portal/files/2024_08_02.pdf
2024,8,2024-08,Comerciais leves,21,RENAULT,KANGOO,188,https://www.fenabrave.org.br/portal/files/2024_08_02.pdf
2024,8,2024-08,Comerciais leves,22,VW TRUCK E BUS,EXPRESS,158,https://www.fenabrave.org.br/portal/files/2024_08_02.pdf
2024,8,2024-08,Comerciais leves,23,M.BENZ,SPRINTER 315,150,https://www.fenabrave.org.br/portal/files/2024_08_02.pdf
2024,8,2024-08,Comerciais leves,24,RAM,2500,147,https://www.fenabrave.org.br/portal/files/2024_08_02.pdf
2024,8,2024-08,Comerciais leves,25,EFFA,V21,140,https://www.fenabrave.org.br/portal/files/2024_08_02.pdf
2024,8,2024-08,Comerciais leves,26,FIAT,DUCATO,127,https://www.fenabrave.org.br/portal/files/2024_08_02.pdf
2024,8,2024-08,Comerciais leves,27,RAM,3500,126,https://www.fenabrave.org.br/portal/files/2024_08_02.pdf
2024,8,2024-08,Comerciais leves,28,IVECO,DAILY,110,https://www.fenabrave.org.br/portal/files/2024_08_02.pdf
2024,8,2024-08,Comerciais leves,29,PEUGEOT,EXPERT,102,https://www.fenabrave.org.br/portal/files/2024_08_02.pdf
2024,8,2024-08,Comerciais leves,30,IVECO,DAILY 30-130,95,https://www.fenabrave.org.br/portal/files/2024_08_02.pdf
2024,8,2024-08,Comerciais leves,31,RAM,1500,93,https://www.fenabrave.org.br/portal/files/2024_08_02.pdf
2024,8,2024-08,Comerciais leves,32,PEUGEOT,PARTNER,61,https://www.fenabrave.org.br/portal/files/2024_08_02.pdf
2024,8,2024-08,Comerciais leves,33,CITROEN,JUMPY,60,https://www.fenabrave.org.br/portal/files/2024_08_02.pdf
2024,8,2024-08,Comerciais leves,34,GM,SILVERADO,57,https://www.fenabrave.org.br/portal/files/2024_08_02.pdf
2024,8,2024-08,Comerciais leves,35,EFFA,V22,51,https://www.fenabrave.org.br/portal/files/2024_08_02.pdf
2024,8,2024-08,Comerciais leves,36,IVECO,DAILY 35-180,40,https://www.fenabrave.org.br/portal/files/2024_08_02.pdf
2024,8,2024-08,Comerciais leves,37,RAM,CLASSIC,39,https://www.fenabrave.org.br/portal/files/2024_08_02.pdf
2024,8,2024-08,Comerciais leves,38,M.BENZ,SPRINTER 517,31,https://www.fenabrave.org.br/portal/files/2024_08_02.pdf
2024,8,2024-08,Comerciais leves,39,CITROEN,JUMPER,29,https://www.fenabrave.org.br/portal/files/2024_08_02.pdf
2024,8,2024-08,Comerciais leves,40,PEUGEOT,BOXER,15,https://www.fenabrave.org.br/portal/files/2024_08_02.pdf
2024,8,2024-08,Comerciais leves,41,JAC,EJV12,15,https://www.fenabrave.org.br/portal/files/2024_08_02.pdf
2024,8,2024-08,Comerciais leves,42,FORD,F150,14,https://www.fenabrave.org.br/portal/files/2024_08_02.pdf
2024,8,2024-08,Comerciais leves,43,EFFA,V25,9,https://www.fenabrave.org.br/portal/files/2024_08_02.pdf
2024,8,2024-08,Comerciais leves,44,VW,KOMBI,8,https://www.fenabrave.org.br/portal/files/2024_08_02.pdf
2024,8,2024-08,Comerciais leves,45,ARROW,ONE,7,https://www.fenabrave.org.br/portal/files/2024_08_02.pdf
2024,8,2024-08,Comerciais leves,46,M.BENZ,SPRINTER,6,https://www.fenabrave.org.br/portal/files/2024_08_02.pdf
2024,8,2024-08,Comerciais leves,47,M.BENZ,SPRINTER 417,6,https://www.fenabrave.org.br/portal/files/2024_08_02.pdf
2024,8,2024-08,Comerciais leves,48,RENAULT,KANGOO E-TECH,4,https://www.fenabrave.org.br/portal/files/2024_08_02.pdf
2024,8,2024-08,Comerciais leves,49,RENAULT,KWID,4,https://www.fenabrave.org.br/portal/files/2024_08_02.pdf
2024,8,2024-08,Comerciais leves,50,HITECH,ECOCARGO,3,https://www.fenabrave.org.br/portal/files/2024_08_02.pdf
2024,9,2024-09,Automóveis,1,VW,POLO,12355,https://www.fenabrave.org.br/portal/files/2024_09_02.pdf
2024,9,2024-09,Automóveis,2,GM,ONIX,8610,https://www.fenabrave.org.br/portal/files/2024_09_02.pdf
2024,9,2024-09,Automóveis,3,VW,T CROSS,8543,https://www.fenabrave.org.br/portal/files/2024_09_02.pdf
2024,9,2024-09,Automóveis,4,FIAT,ARGO,8421,https://www.fenabrave.org.br/portal/files/2024_09_02.pdf
2024,9,2024-09,Automóveis,5,HYUNDAI,HB20,6966,https://www.fenabrave.org.br/portal/files/2024_09_02.pdf
2024,9,2024-09,Automóveis,6,GM,TRACKER,6179,https://www.fenabrave.org.br/portal/files/2024_09_02.pdf
2024,9,2024-09,Automóveis,7,FIAT,MOBI,5860,https://www.fenabrave.org.br/portal/files/2024_09_02.pdf
2024,9,2024-09,Automóveis,8,FIAT,CRONOS,5858,https://www.fenabrave.org.br/portal/files/2024_09_02.pdf
2024,9,2024-09,Automóveis,9,NISSAN,KICKS,5792,https://www.fenabrave.org.br/portal/files/2024_09_02.pdf
2024,9,2024-09,Automóveis,10,JEEP,RENEGADE,5306,https://www.fenabrave.org.br/portal/files/2024_09_02.pdf
2024,9,2024-09,Automóveis,11,HYUNDAI,CRETA,5163,https://www.fenabrave.org.br/portal/files/2024_09_02.pdf
2024,9,2024-09,Automóveis,12,RENAULT,KWID,5095,https://www.fenabrave.org.br/portal/files/2024_09_02.pdf
2024,9,2024-09,Automóveis,13,GM,ONIX PLUS,4785,https://www.fenabrave.org.br/portal/files/2024_09_02.pdf
2024,9,2024-09,Automóveis,14,HONDA,HR-V,4578,https://www.fenabrave.org.br/portal/files/2024_09_02.pdf
2024,9,2024-09,Automóveis,15,VW,NIVUS,4401,https://www.fenabrave.org.br/portal/files/2024_09_02.pdf
2024,9,2024-09,Automóveis,16,TOYOTA,COROLLA CROSS,4205,https://www.fenabrave.org.br/portal/files/2024_09_02.pdf
2024,9,2024-09,Automóveis,17,FIAT,FASTBACK,3808,https://www.fenabrave.org.br/portal/files/2024_09_02.pdf
2024,9,2024-09,Automóveis,18,JEEP,COMPASS,3801,https://www.fenabrave.org.br/portal/files/2024_09_02.pdf
2024,9,2024-09,Automóveis,19,CAOA CHERY,TIGGO 7,3683,https://www.fenabrave.org.br/portal/files/2024_09_02.pdf
2024,9,2024-09,Automóveis,20,TOYOTA,COROLLA,3566,https://www.fenabrave.org.br/portal/files/2024_09_02.pdf
2024,9,2024-09,Automóveis,21,FIAT,PULSE,3325,https://www.fenabrave.org.br/portal/files/2024_09_02.pdf
2024,9,2024-09,Automóveis,22,RENAULT,KARDIAN,3303,https://www.fenabrave.org.br/portal/files/2024_09_02.pdf
2024,9,2024-09,Automóveis,23,TOYOTA,YARIS HB,2651,https://www.fenabrave.org.br/portal/files/2024_09_02.pdf
2024,9,2024-09,Automóveis,24,TOYOTA,YARIS SEDAN,2597,https://www.fenabrave.org.br/portal/files/2024_09_02.pdf
2024,9,2024-09,Automóveis,25,VW,VIRTUS,2478,https://www.fenabrave.org.br/portal/files/2024_09_02.pdf
2024,9,2024-09,Automóveis,26,HYUNDAI,HB20S,2303,https://www.fenabrave.org.br/portal/files/2024_09_02.pdf
2024,9,2024-09,Automóveis,27,GM,SPIN,2294,https://www.fenabrave.org.br/portal/files/2024_09_02.pdf
2024,9,2024-09,Automóveis,28,BYD,SONG,2172,https://www.fenabrave.org.br/portal/files/2024_09_02.pdf
2024,9,2024-09,Automóveis,29,BYD,DOLPHIN MINI,2169,https://www.fenabrave.org.br/portal/files/2024_09_02.pdf
2024,9,2024-09,Automóveis,30,RENAULT,LOGAN,1978,https://www.fenabrave.org.br/portal/files/2024_09_02.pdf
2024,9,2024-09,Automóveis,31,GWM,HAVAL H6,1952,https://www.fenabrave.org.br/portal/files/2024_09_02.pdf
2024,9,2024-09,Automóveis,32,CITROEN,C3,1871,https://www.fenabrave.org.br/portal/files/2024_09_02.pdf
2024,9,2024-09,Automóveis,33,HONDA,CITY,1550,https://www.fenabrave.org.br/portal/files/2024_09_02.pdf
2024,9,2024-09,Automóveis,34,JEEP,COMMANDER,1517,https://www.fenabrave.org.br/portal/files/2024_09_02.pdf
2024,9,2024-09,Automóveis,35,TOYOTA,HILUX SW4,1507,https://www.fenabrave.org.br/portal/files/2024_09_02.pdf
2024,9,2024-09,Automóveis,36,HONDA,CITY HATCH,1491,https://www.fenabrave.org.br/portal/files/2024_09_02.pdf
2024,9,2024-09,Automóveis,37,RENAULT,DUSTER,1407,https://www.fenabrave.org.br/portal/files/2024_09_02.pdf
2024,9,2024-09,Automóveis,38,VW,TAOS,1333,https://www.fenabrave.org.br/portal/files/2024_09_02.pdf
2024,9,2024-09,Automóveis,39,PEUGEOT,208,1191,https://www.fenabrave.org.br/portal/files/2024_09_02.pdf
2024,9,2024-09,Automóveis,40,CAOA CHERY,TIGGO 8,1160,https://www.fenabrave.org.br/portal/files/2024_09_02.pdf
2024,9,2024-09,Automóveis,41,PEUGEOT,2008,1073,https://www.fenabrave.org.br/portal/files/2024_09_02.pdf
2024,9,2024-09,Automóveis,42,BYD,DOLPHIN,795,https://www.fenabrave.org.br/portal/files/2024_09_02.pdf
2024,9,2024-09,Automóveis,43,HONDA,ZR-V,770,https://www.fenabrave.org.br/portal/files/2024_09_02.pdf
2024,9,2024-09,Automóveis,44,NISSAN,VERSA,722,https://www.fenabrave.org.br/portal/files/2024_09_02.pdf
2024,9,2024-09,Automóveis,45,CAOA CHERY,TIGGO 5X,707,https://www.fenabrave.org.br/portal/files/2024_09_02.pdf
2024,9,2024-09,Automóveis,46,CITROEN,C3 AIRCROSS,568,https://www.fenabrave.org.br/portal/files/2024_09_02.pdf
2024,9,2024-09,Automóveis,47,NISSAN,SENTRA,516,https://www.fenabrave.org.br/portal/files/2024_09_02.pdf
2024,9,2024-09,Automóveis,48,MITSUBISHI,ECLIPSE CROSS,501,https://www.fenabrave.org.br/portal/files/2024_09_02.pdf
2024,9,2024-09,Automóveis,49,RENAULT,SANDERO,468,https://www.fenabrave.org.br/portal/files/2024_09_02.pdf
2024,9,2024-09,Automóveis,50,FORD,TERRITORY,435,https://www.fenabrave.org.br/portal/files/2024_09_02.pdf
2024,9,2024-09,Comerciais leves,1,FIAT,STRADA,14240,https://www.fenabrave.org.br/portal/files/2024_09_02.pdf
2024,9,2024-09,Comerciais leves,2,TOYOTA,HILUX,5118,https://www.fenabrave.org.br/portal/files/2024_09_02.pdf
2024,9,2024-09,Comerciais leves,3,FIAT,TORO,4925,https://www.fenabrave.org.br/portal/files/2024_09_02.pdf
2024,9,2024-09,Comerciais leves,4,VW,SAVEIRO,4656,https://www.fenabrave.org.br/portal/files/2024_09_02.pdf
2024,9,2024-09,Comerciais leves,5,FORD,RANGER,2893,https://www.fenabrave.org.br/portal/files/2024_09_02.pdf
2024,9,2024-09,Comerciais leves,6,GM,S10,2661,https://www.fenabrave.org.br/portal/files/2024_09_02.pdf
2024,9,2024-09,Comerciais leves,7,GM,MONTANA,2522,https://www.fenabrave.org.br/portal/files/2024_09_02.pdf
2024,9,2024-09,Comerciais leves,8,FIAT,FIORINO,2276,https://www.fenabrave.org.br/portal/files/2024_09_02.pdf
2024,9,2024-09,Comerciais leves,9,RAM,RAMPAGE,2113,https://www.fenabrave.org.br/portal/files/2024_09_02.pdf
2024,9,2024-09,Comerciais leves,10,RENAULT,MASTER,1270,https://www.fenabrave.org.br/portal/files/2024_09_02.pdf
2024,9,2024-09,Comerciais leves,11,RENAULT,OROCH,1237,https://www.fenabrave.org.br/portal/files/2024_09_02.pdf
2024,9,2024-09,Comerciais leves,12,NISSAN,FRONTIER,1054,https://www.fenabrave.org.br/portal/files/2024_09_02.pdf
2024,9,2024-09,Comerciais leves,13,VW,AMAROK,999,https://www.fenabrave.org.br/portal/files/2024_09_02.pdf
2024,9,2024-09,Comerciais leves,14,MITSUBISHI,L200,805,https://www.fenabrave.org.br/portal/files/2024_09_02.pdf
2024,9,2024-09,Comerciais leves,15,FIAT,TITANO,554,https://www.fenabrave.org.br/portal/files/2024_09_02.pdf
2024,9,2024-09,Comerciais leves,16,RENAULT,KANGOO,403,https://www.fenabrave.org.br/portal/files/2024_09_02.pdf
2024,9,2024-09,Comerciais leves,17,FORD,MAVERICK,382,https://www.fenabrave.org.br/portal/files/2024_09_02.pdf
2024,9,2024-09,Comerciais leves,18,FORD,TRANSIT,298,https://www.fenabrave.org.br/portal/files/2024_09_02.pdf
2024,9,2024-09,Comerciais leves,19,KIA,K2500,258,https://www.fenabrave.org.br/portal/files/2024_09_02.pdf
2024,9,2024-09,Comerciais leves,20,FIAT,SCUDO,253,https://www.fenabrave.org.br/portal/files/2024_09_02.pdf
2024,9,2024-09,Comerciais leves,21,IVECO,DAILY,249,https://www.fenabrave.org.br/portal/files/2024_09_02.pdf
2024,9,2024-09,Comerciais leves,22,HYUNDAI,HR,220,https://www.fenabrave.org.br/portal/files/2024_09_02.pdf
2024,9,2024-09,Comerciais leves,23,RAM,2500,170,https://www.fenabrave.org.br/portal/files/2024_09_02.pdf
2024,9,2024-09,Comerciais leves,24,VW TRUCK E BUS,EXPRESS,157,https://www.fenabrave.org.br/portal/files/2024_09_02.pdf
2024,9,2024-09,Comerciais leves,25,RAM,3500,142,https://www.fenabrave.org.br/portal/files/2024_09_02.pdf
2024,9,2024-09,Comerciais leves,26,M.BENZ,SPRINTER 315,140,https://www.fenabrave.org.br/portal/files/2024_09_02.pdf
2024,9,2024-09,Comerciais leves,27,IVECO,DAILY 30-130,123,https://www.fenabrave.org.br/portal/files/2024_09_02.pdf
2024,9,2024-09,Comerciais leves,28,PEUGEOT,EXPERT,123,https://www.fenabrave.org.br/portal/files/2024_09_02.pdf
2024,9,2024-09,Comerciais leves,29,FIAT,DUCATO,120,https://www.fenabrave.org.br/portal/files/2024_09_02.pdf
2024,9,2024-09,Comerciais leves,30,EFFA,V21,103,https://www.fenabrave.org.br/portal/files/2024_09_02.pdf
2024,9,2024-09,Comerciais leves,31,GM,SILVERADO,74,https://www.fenabrave.org.br/portal/files/2024_09_02.pdf
2024,9,2024-09,Comerciais leves,32,RAM,1500,72,https://www.fenabrave.org.br/portal/files/2024_09_02.pdf
2024,9,2024-09,Comerciais leves,33,JAC,EJV5.5,68,https://www.fenabrave.org.br/portal/files/2024_09_02.pdf
2024,9,2024-09,Comerciais leves,34,CITROEN,JUMPY,55,https://www.fenabrave.org.br/portal/files/2024_09_02.pdf
2024,9,2024-09,Comerciais leves,35,EFFA,V22,54,https://www.fenabrave.org.br/portal/files/2024_09_02.pdf
2024,9,2024-09,Comerciais leves,36,PEUGEOT,PARTNER,52,https://www.fenabrave.org.br/portal/files/2024_09_02.pdf
2024,9,2024-09,Comerciais leves,37,CITROEN,JUMPER,37,https://www.fenabrave.org.br/portal/files/2024_09_02.pdf
2024,9,2024-09,Comerciais leves,38,IVECO,DAILY 35-180,29,https://www.fenabrave.org.br/portal/files/2024_09_02.pdf
2024,9,2024-09,Comerciais leves,39,M.BENZ,SPRINTER 517,24,https://www.fenabrave.org.br/portal/files/2024_09_02.pdf
2024,9,2024-09,Comerciais leves,40,PEUGEOT,BOXER,22,https://www.fenabrave.org.br/portal/files/2024_09_02.pdf
2024,9,2024-09,Comerciais leves,41,FORD,F150,13,https://www.fenabrave.org.br/portal/files/2024_09_02.pdf
2024,9,2024-09,Comerciais leves,42,VW,KOMBI,12,https://www.fenabrave.org.br/portal/files/2024_09_02.pdf
2024,9,2024-09,Comerciais leves,43,EFFA,V25,10,https://www.fenabrave.org.br/portal/files/2024_09_02.pdf
2024,9,2024-09,Comerciais leves,44,RAM,CLASSIC,8,https://www.fenabrave.org.br/portal/files/2024_09_02.pdf
2024,9,2024-09,Comerciais leves,45,SHINERAY,P TRUCKS,7,https://www.fenabrave.org.br/portal/files/2024_09_02.pdf
2024,9,2024-09,Comerciais leves,46,M.BENZ,SPRINTER 417,6,https://www.fenabrave.org.br/portal/files/2024_09_02.pdf
2024,9,2024-09,Comerciais leves,47,ARROW,ONE,4,https://www.fenabrave.org.br/portal/files/2024_09_02.pdf
2024,9,2024-09,Comerciais leves,48,RENAULT,KWID,3,https://www.fenabrave.org.br/portal/files/2024_09_02.pdf
2024,9,2024-09,Comerciais leves,49,HITECH,ECOCARGO,3,https://www.fenabrave.org.br/portal/files/2024_09_02.pdf
2024,9,2024-09,Comerciais leves,50,MON,PROTOTIPO,2,https://www.fenabrave.org.br/portal/files/2024_09_02.pdf
2024,10,2024-10,Automóveis,1,VW,POLO,14969,https://www.fenabrave.org.br/portal/files/2024_10_02.pdf
2024,10,2024-10,Automóveis,2,HYUNDAI,HB20,10795,https://www.fenabrave.org.br/portal/files/2024_10_02.pdf
2024,10,2024-10,Automóveis,3,FIAT,ARGO,9312,https://www.fenabrave.org.br/portal/files/2024_10_02.pdf
2024,10,2024-10,Automóveis,4,VW,T CROSS,9176,https://www.fenabrave.org.br/portal/files/2024_10_02.pdf
2024,10,2024-10,Automóveis,5,GM,ONIX,8868,https://www.fenabrave.org.br/portal/files/2024_10_02.pdf
2024,10,2024-10,Automóveis,6,HYUNDAI,CRETA,7761,https://www.fenabrave.org.br/portal/files/2024_10_02.pdf
2024,10,2024-10,Automóveis,7,GM,TRACKER,6841,https://www.fenabrave.org.br/portal/files/2024_10_02.pdf
2024,10,2024-10,Automóveis,8,NISSAN,KICKS,6610,https://www.fenabrave.org.br/portal/files/2024_10_02.pdf
2024,10,2024-10,Automóveis,9,FIAT,MOBI,6504,https://www.fenabrave.org.br/portal/files/2024_10_02.pdf
2024,10,2024-10,Automóveis,10,VW,NIVUS,5772,https://www.fenabrave.org.br/portal/files/2024_10_02.pdf
2024,10,2024-10,Automóveis,11,HONDA,HR-V,5445,https://www.fenabrave.org.br/portal/files/2024_10_02.pdf
2024,10,2024-10,Automóveis,12,JEEP,RENEGADE,5215,https://www.fenabrave.org.br/portal/files/2024_10_02.pdf
2024,10,2024-10,Automóveis,13,JEEP,COMPASS,5043,https://www.fenabrave.org.br/portal/files/2024_10_02.pdf
2024,10,2024-10,Automóveis,14,FIAT,CRONOS,5029,https://www.fenabrave.org.br/portal/files/2024_10_02.pdf
2024,10,2024-10,Automóveis,15,TOYOTA,COROLLA CROSS,4806,https://www.fenabrave.org.br/portal/files/2024_10_02.pdf
2024,10,2024-10,Automóveis,16,GM,ONIX PLUS,4614,https://www.fenabrave.org.br/portal/files/2024_10_02.pdf
2024,10,2024-10,Automóveis,17,RENAULT,KWID,4353,https://www.fenabrave.org.br/portal/files/2024_10_02.pdf
2024,10,2024-10,Automóveis,18,HYUNDAI,HB20S,4256,https://www.fenabrave.org.br/portal/files/2024_10_02.pdf
2024,10,2024-10,Automóveis,19,FIAT,FASTBACK,4132,https://www.fenabrave.org.br/portal/files/2024_10_02.pdf
2024,10,2024-10,Automóveis,20,CAOA CHERY,TIGGO 7,4044,https://www.fenabrave.org.br/portal/files/2024_10_02.pdf
2024,10,2024-10,Automóveis,21,TOYOTA,COROLLA,3780,https://www.fenabrave.org.br/portal/files/2024_10_02.pdf
2024,10,2024-10,Automóveis,22,FIAT,PULSE,3287,https://www.fenabrave.org.br/portal/files/2024_10_02.pdf
2024,10,2024-10,Automóveis,23,VW,VIRTUS,3210,https://www.fenabrave.org.br/portal/files/2024_10_02.pdf
2024,10,2024-10,Automóveis,24,RENAULT,KARDIAN,3062,https://www.fenabrave.org.br/portal/files/2024_10_02.pdf
2024,10,2024-10,Automóveis,25,TOYOTA,YARIS HB,2912,https://www.fenabrave.org.br/portal/files/2024_10_02.pdf
2024,10,2024-10,Automóveis,26,BYD,DOLPHIN MINI,2808,https://www.fenabrave.org.br/portal/files/2024_10_02.pdf
2024,10,2024-10,Automóveis,27,GM,SPIN,2744,https://www.fenabrave.org.br/portal/files/2024_10_02.pdf
2024,10,2024-10,Automóveis,28,BYD,SONG,2340,https://www.fenabrave.org.br/portal/files/2024_10_02.pdf
2024,10,2024-10,Automóveis,29,GWM,HAVAL H6,2286,https://www.fenabrave.org.br/portal/files/2024_10_02.pdf
2024,10,2024-10,Automóveis,30,TOYOTA,YARIS SEDAN,2185,https://www.fenabrave.org.br/portal/files/2024_10_02.pdf
2024,10,2024-10,Automóveis,31,RENAULT,DUSTER,2005,https://www.fenabrave.org.br/portal/files/2024_10_02.pdf
2024,10,2024-10,Automóveis,32,CITROEN,C3,1982,https://www.fenabrave.org.br/portal/files/2024_10_02.pdf
2024,10,2024-10,Automóveis,33,TOYOTA,HILUX SW4,1929,https://www.fenabrave.org.br/portal/files/2024_10_02.pdf
2024,10,2024-10,Automóveis,34,HONDA,CITY HATCH,1843,https://www.fenabrave.org.br/portal/files/2024_10_02.pdf
2024,10,2024-10,Automóveis,35,JEEP,COMMANDER,1807,https://www.fenabrave.org.br/portal/files/2024_10_02.pdf
2024,10,2024-10,Automóveis,36,PEUGEOT,2008,1746,https://www.fenabrave.org.br/portal/files/2024_10_02.pdf
2024,10,2024-10,Automóveis,37,VW,TAOS,1741,https://www.fenabrave.org.br/portal/files/2024_10_02.pdf
2024,10,2024-10,Automóveis,38,HONDA,CITY,1580,https://www.fenabrave.org.br/portal/files/2024_10_02.pdf
2024,10,2024-10,Automóveis,39,CAOA CHERY,TIGGO 8,1282,https://www.fenabrave.org.br/portal/files/2024_10_02.pdf
2024,10,2024-10,Automóveis,40,PEUGEOT,208,914,https://www.fenabrave.org.br/portal/files/2024_10_02.pdf
2024,10,2024-10,Automóveis,41,BYD,DOLPHIN,912,https://www.fenabrave.org.br/portal/files/2024_10_02.pdf
2024,10,2024-10,Automóveis,42,NISSAN,VERSA,886,https://www.fenabrave.org.br/portal/files/2024_10_02.pdf
2024,10,2024-10,Automóveis,43,CAOA CHERY,TIGGO 5X,866,https://www.fenabrave.org.br/portal/files/2024_10_02.pdf
2024,10,2024-10,Automóveis,44,MITSUBISHI,ECLIPSE CROSS,854,https://www.fenabrave.org.br/portal/files/2024_10_02.pdf
2024,10,2024-10,Automóveis,45,HONDA,ZR-V,789,https://www.fenabrave.org.br/portal/files/2024_10_02.pdf
2024,10,2024-10,Automóveis,46,FORD,TERRITORY,710,https://www.fenabrave.org.br/portal/files/2024_10_02.pdf
2024,10,2024-10,Automóveis,47,CITROEN,C3 AIRCROSS,648,https://www.fenabrave.org.br/portal/files/2024_10_02.pdf
2024,10,2024-10,Automóveis,48,BYD,KING,585,https://www.fenabrave.org.br/portal/files/2024_10_02.pdf
2024,10,2024-10,Automóveis,49,NISSAN,SENTRA,536,https://www.fenabrave.org.br/portal/files/2024_10_02.pdf
2024,10,2024-10,Automóveis,50,RENAULT,SANDERO,516,https://www.fenabrave.org.br/portal/files/2024_10_02.pdf
2024,10,2024-10,Comerciais leves,1,FIAT,STRADA,14641,https://www.fenabrave.org.br/portal/files/2024_10_02.pdf
2024,10,2024-10,Comerciais leves,2,VW,SAVEIRO,5621,https://www.fenabrave.org.br/portal/files/2024_10_02.pdf
2024,10,2024-10,Comerciais leves,3,FIAT,TORO,5438,https://www.fenabrave.org.br/portal/files/2024_10_02.pdf
2024,10,2024-10,Comerciais leves,4,TOYOTA,HILUX,4736,https://www.fenabrave.org.br/portal/files/2024_10_02.pdf
2024,10,2024-10,Comerciais leves,5,FORD,RANGER,3817,https://www.fenabrave.org.br/portal/files/2024_10_02.pdf
2024,10,2024-10,Comerciais leves,6,GM,MONTANA,2837,https://www.fenabrave.org.br/portal/files/2024_10_02.pdf
2024,10,2024-10,Comerciais leves,7,GM,S10,2660,https://www.fenabrave.org.br/portal/files/2024_10_02.pdf
2024,10,2024-10,Comerciais leves,8,RAM,RAMPAGE,2370,https://www.fenabrave.org.br/portal/files/2024_10_02.pdf
2024,10,2024-10,Comerciais leves,9,FIAT,FIORINO,2252,https://www.fenabrave.org.br/portal/files/2024_10_02.pdf
2024,10,2024-10,Comerciais leves,10,RENAULT,MASTER,1193,https://www.fenabrave.org.br/portal/files/2024_10_02.pdf
2024,10,2024-10,Comerciais leves,11,RENAULT,OROCH,1146,https://www.fenabrave.org.br/portal/files/2024_10_02.pdf
2024,10,2024-10,Comerciais leves,12,VW,AMAROK,1141,https://www.fenabrave.org.br/portal/files/2024_10_02.pdf
2024,10,2024-10,Comerciais leves,13,FIAT,TITANO,795,https://www.fenabrave.org.br/portal/files/2024_10_02.pdf
2024,10,2024-10,Comerciais leves,14,MITSUBISHI,L200,784,https://www.fenabrave.org.br/portal/files/2024_10_02.pdf
2024,10,2024-10,Comerciais leves,15,RENAULT,KANGOO,537,https://www.fenabrave.org.br/portal/files/2024_10_02.pdf
2024,10,2024-10,Comerciais leves,16,IVECO,DAILY,459,https://www.fenabrave.org.br/portal/files/2024_10_02.pdf
2024,10,2024-10,Comerciais leves,17,FORD,MAVERICK,387,https://www.fenabrave.org.br/portal/files/2024_10_02.pdf
2024,10,2024-10,Comerciais leves,18,FIAT,SCUDO,352,https://www.fenabrave.org.br/portal/files/2024_10_02.pdf
2024,10,2024-10,Comerciais leves,19,NISSAN,FRONTIER,344,https://www.fenabrave.org.br/portal/files/2024_10_02.pdf
2024,10,2024-10,Comerciais leves,20,FORD,TRANSIT,283,https://www.fenabrave.org.br/portal/files/2024_10_02.pdf
2024,10,2024-10,Comerciais leves,21,HYUNDAI,HR,258,https://www.fenabrave.org.br/portal/files/2024_10_02.pdf
2024,10,2024-10,Comerciais leves,22,KIA,K2500,222,https://www.fenabrave.org.br/portal/files/2024_10_02.pdf
2024,10,2024-10,Comerciais leves,23,FORD,ETRANSIT,219,https://www.fenabrave.org.br/portal/files/2024_10_02.pdf
2024,10,2024-10,Comerciais leves,24,RAM,2500,215,https://www.fenabrave.org.br/portal/files/2024_10_02.pdf
2024,10,2024-10,Comerciais leves,25,FIAT,DUCATO,206,https://www.fenabrave.org.br/portal/files/2024_10_02.pdf
2024,10,2024-10,Comerciais leves,26,JAC,EJV5.5,190,https://www.fenabrave.org.br/portal/files/2024_10_02.pdf
2024,10,2024-10,Comerciais leves,27,M.BENZ,SPRINTER 315,189,https://www.fenabrave.org.br/portal/files/2024_10_02.pdf
2024,10,2024-10,Comerciais leves,28,VW TRUCK E BUS,EXPRESS,173,https://www.fenabrave.org.br/portal/files/2024_10_02.pdf
2024,10,2024-10,Comerciais leves,29,RAM,3500,160,https://www.fenabrave.org.br/portal/files/2024_10_02.pdf
2024,10,2024-10,Comerciais leves,30,BYD,SHARK,143,https://www.fenabrave.org.br/portal/files/2024_10_02.pdf
2024,10,2024-10,Comerciais leves,31,IVECO,DAILY 30-130,125,https://www.fenabrave.org.br/portal/files/2024_10_02.pdf
2024,10,2024-10,Comerciais leves,32,PEUGEOT,EXPERT,114,https://www.fenabrave.org.br/portal/files/2024_10_02.pdf
2024,10,2024-10,Comerciais leves,33,GM,SILVERADO,84,https://www.fenabrave.org.br/portal/files/2024_10_02.pdf
2024,10,2024-10,Comerciais leves,34,EFFA,V21,83,https://www.fenabrave.org.br/portal/files/2024_10_02.pdf
2024,10,2024-10,Comerciais leves,35,PEUGEOT,PARTNER,71,https://www.fenabrave.org.br/portal/files/2024_10_02.pdf
2024,10,2024-10,Comerciais leves,36,EFFA,V22,67,https://www.fenabrave.org.br/portal/files/2024_10_02.pdf
2024,10,2024-10,Comerciais leves,37,RAM,1500,49,https://www.fenabrave.org.br/portal/files/2024_10_02.pdf
2024,10,2024-10,Comerciais leves,38,JAC,EJV12,45,https://www.fenabrave.org.br/portal/files/2024_10_02.pdf
2024,10,2024-10,Comerciais leves,39,FORD,F150,42,https://www.fenabrave.org.br/portal/files/2024_10_02.pdf
2024,10,2024-10,Comerciais leves,40,RENAULT,KANGOO E-TECH,42,https://www.fenabrave.org.br/portal/files/2024_10_02.pdf
2024,10,2024-10,Comerciais leves,41,CITROEN,JUMPY,40,https://www.fenabrave.org.br/portal/files/2024_10_02.pdf
2024,10,2024-10,Comerciais leves,42,M.BENZ,SPRINTER 517,30,https://www.fenabrave.org.br/portal/files/2024_10_02.pdf
2024,10,2024-10,Comerciais leves,43,PEUGEOT,BOXER,20,https://www.fenabrave.org.br/portal/files/2024_10_02.pdf
2024,10,2024-10,Comerciais leves,44,CITROEN,JUMPER,19,https://www.fenabrave.org.br/portal/files/2024_10_02.pdf
2024,10,2024-10,Comerciais leves,45,SHINERAY,P TRUCKS,19,https://www.fenabrave.org.br/portal/files/2024_10_02.pdf
2024,10,2024-10,Comerciais leves,46,IVECO,DAILY 35-180,18,https://www.fenabrave.org.br/portal/files/2024_10_02.pdf
2024,10,2024-10,Comerciais leves,47,EFFA,V25,12,https://www.fenabrave.org.br/portal/files/2024_10_02.pdf
2024,10,2024-10,Comerciais leves,48,M.BENZ,SPRINTER 417,11,https://www.fenabrave.org.br/portal/files/2024_10_02.pdf
2024,10,2024-10,Comerciais leves,49,VW,KOMBI,11,https://www.fenabrave.org.br/portal/files/2024_10_02.pdf
2024,10,2024-10,Comerciais leves,50,JAC,HUNTER,5,https://www.fenabrave.org.br/portal/files/2024_10_02.pdf
2024,11,2024-11,Automóveis,1,VW,POLO,14711,https://www.fenabrave.org.br/portal/files/2024_11_02.pdf
2024,11,2024-11,Automóveis,2,HYUNDAI,HB20,12353,https://www.fenabrave.org.br/portal/files/2024_11_02.pdf
2024,11,2024-11,Automóveis,3,FIAT,ARGO,10298,https://www.fenabrave.org.br/portal/files/2024_11_02.pdf
2024,11,2024-11,Automóveis,4,GM,ONIX,10253,https://www.fenabrave.org.br/portal/files/2024_11_02.pdf
2024,11,2024-11,Automóveis,5,VW,T CROSS,9468,https://www.fenabrave.org.br/portal/files/2024_11_02.pdf
2024,11,2024-11,Automóveis,6,RENAULT,KWID,6812,https://www.fenabrave.org.br/portal/files/2024_11_02.pdf
2024,11,2024-11,Automóveis,7,HYUNDAI,HB20S,6652,https://www.fenabrave.org.br/portal/files/2024_11_02.pdf
2024,11,2024-11,Automóveis,8,GM,TRACKER,6311,https://www.fenabrave.org.br/portal/files/2024_11_02.pdf
2024,11,2024-11,Automóveis,9,HYUNDAI,CRETA,6082,https://www.fenabrave.org.br/portal/files/2024_11_02.pdf
2024,11,2024-11,Automóveis,10,FIAT,MOBI,5657,https://www.fenabrave.org.br/portal/files/2024_11_02.pdf
2024,11,2024-11,Automóveis,11,GM,ONIX PLUS,5412,https://www.fenabrave.org.br/portal/files/2024_11_02.pdf
2024,11,2024-11,Automóveis,12,VW,NIVUS,5293,https://www.fenabrave.org.br/portal/files/2024_11_02.pdf
2024,11,2024-11,Automóveis,13,FIAT,CRONOS,5255,https://www.fenabrave.org.br/portal/files/2024_11_02.pdf
2024,11,2024-11,Automóveis,14,JEEP,COMPASS,4979,https://www.fenabrave.org.br/portal/files/2024_11_02.pdf
2024,11,2024-11,Automóveis,15,JEEP,RENEGADE,4593,https://www.fenabrave.org.br/portal/files/2024_11_02.pdf
2024,11,2024-11,Automóveis,16,HONDA,HR-V,4475,https://www.fenabrave.org.br/portal/files/2024_11_02.pdf
2024,11,2024-11,Automóveis,17,NISSAN,KICKS,4310,https://www.fenabrave.org.br/portal/files/2024_11_02.pdf
2024,11,2024-11,Automóveis,18,RENAULT,KARDIAN,4287,https://www.fenabrave.org.br/portal/files/2024_11_02.pdf
2024,11,2024-11,Automóveis,19,FIAT,FASTBACK,4023,https://www.fenabrave.org.br/portal/files/2024_11_02.pdf
2024,11,2024-11,Automóveis,20,TOYOTA,COROLLA CROSS,4008,https://www.fenabrave.org.br/portal/files/2024_11_02.pdf
2024,11,2024-11,Automóveis,21,CAOA CHERY,TIGGO 7,3392,https://www.fenabrave.org.br/portal/files/2024_11_02.pdf
2024,11,2024-11,Automóveis,22,BYD,SONG,3257,https://www.fenabrave.org.br/portal/files/2024_11_02.pdf
2024,11,2024-11,Automóveis,23,TOYOTA,COROLLA,3252,https://www.fenabrave.org.br/portal/files/2024_11_02.pdf
2024,11,2024-11,Automóveis,24,FIAT,PULSE,3188,https://www.fenabrave.org.br/portal/files/2024_11_02.pdf
2024,11,2024-11,Automóveis,25,GM,SPIN,2869,https://www.fenabrave.org.br/portal/files/2024_11_02.pdf
2024,11,2024-11,Automóveis,26,VW,VIRTUS,2764,https://www.fenabrave.org.br/portal/files/2024_11_02.pdf
2024,11,2024-11,Automóveis,27,BYD,DOLPHIN MINI,2294,https://www.fenabrave.org.br/portal/files/2024_11_02.pdf
2024,11,2024-11,Automóveis,28,TOYOTA,YARIS HB,2088,https://www.fenabrave.org.br/portal/files/2024_11_02.pdf
2024,11,2024-11,Automóveis,29,GWM,HAVAL H6,2070,https://www.fenabrave.org.br/portal/files/2024_11_02.pdf
2024,11,2024-11,Automóveis,30,TOYOTA,HILUX SW4,1916,https://www.fenabrave.org.br/portal/files/2024_11_02.pdf
2024,11,2024-11,Automóveis,31,VW,TAOS,1808,https://www.fenabrave.org.br/portal/files/2024_11_02.pdf
2024,11,2024-11,Automóveis,32,PEUGEOT,2008,1764,https://www.fenabrave.org.br/portal/files/2024_11_02.pdf
2024,11,2024-11,Automóveis,33,TOYOTA,YARIS SEDAN,1730,https://www.fenabrave.org.br/portal/files/2024_11_02.pdf
2024,11,2024-11,Automóveis,34,CITROEN,C3,1713,https://www.fenabrave.org.br/portal/files/2024_11_02.pdf
2024,11,2024-11,Automóveis,35,HONDA,CITY HATCH,1666,https://www.fenabrave.org.br/portal/files/2024_11_02.pdf
2024,11,2024-11,Automóveis,36,HONDA,CITY,1642,https://www.fenabrave.org.br/portal/files/2024_11_02.pdf
2024,11,2024-11,Automóveis,37,RENAULT,DUSTER,1639,https://www.fenabrave.org.br/portal/files/2024_11_02.pdf
2024,11,2024-11,Automóveis,38,JEEP,COMMANDER,1447,https://www.fenabrave.org.br/portal/files/2024_11_02.pdf
2024,11,2024-11,Automóveis,39,BYD,KING,1075,https://www.fenabrave.org.br/portal/files/2024_11_02.pdf
2024,11,2024-11,Automóveis,40,CAOA CHERY,TIGGO 5X,1048,https://www.fenabrave.org.br/portal/files/2024_11_02.pdf
2024,11,2024-11,Automóveis,41,CITROEN,BASALT,912,https://www.fenabrave.org.br/portal/files/2024_11_02.pdf
2024,11,2024-11,Automóveis,42,CAOA CHERY,TIGGO 8,891,https://www.fenabrave.org.br/portal/files/2024_11_02.pdf
2024,11,2024-11,Automóveis,43,BYD,DOLPHIN,840,https://www.fenabrave.org.br/portal/files/2024_11_02.pdf
2024,11,2024-11,Automóveis,44,MITSUBISHI,ECLIPSE CROSS,759,https://www.fenabrave.org.br/portal/files/2024_11_02.pdf
2024,11,2024-11,Automóveis,45,PEUGEOT,208,753,https://www.fenabrave.org.br/portal/files/2024_11_02.pdf
2024,11,2024-11,Automóveis,46,HONDA,ZR-V,730,https://www.fenabrave.org.br/portal/files/2024_11_02.pdf
2024,11,2024-11,Automóveis,47,BMW,X1,655,https://www.fenabrave.org.br/portal/files/2024_11_02.pdf
2024,11,2024-11,Automóveis,48,NISSAN,VERSA,643,https://www.fenabrave.org.br/portal/files/2024_11_02.pdf
2024,11,2024-11,Automóveis,49,GWM,ORA 03,576,https://www.fenabrave.org.br/portal/files/2024_11_02.pdf
2024,11,2024-11,Automóveis,50,NISSAN,SENTRA,566,https://www.fenabrave.org.br/portal/files/2024_11_02.pdf
2024,11,2024-11,Comerciais leves,1,FIAT,STRADA,12361,https://www.fenabrave.org.br/portal/files/2024_11_02.pdf
2024,11,2024-11,Comerciais leves,2,VW,SAVEIRO,6076,https://www.fenabrave.org.br/portal/files/2024_11_02.pdf
2024,11,2024-11,Comerciais leves,3,FIAT,TORO,4586,https://www.fenabrave.org.br/portal/files/2024_11_02.pdf
2024,11,2024-11,Comerciais leves,4,TOYOTA,HILUX,3828,https://www.fenabrave.org.br/portal/files/2024_11_02.pdf
2024,11,2024-11,Comerciais leves,5,FORD,RANGER,3318,https://www.fenabrave.org.br/portal/files/2024_11_02.pdf
2024,11,2024-11,Comerciais leves,6,GM,S10,2747,https://www.fenabrave.org.br/portal/files/2024_11_02.pdf
2024,11,2024-11,Comerciais leves,7,GM,MONTANA,2082,https://www.fenabrave.org.br/portal/files/2024_11_02.pdf
2024,11,2024-11,Comerciais leves,8,FIAT,FIORINO,1928,https://www.fenabrave.org.br/portal/files/2024_11_02.pdf
2024,11,2024-11,Comerciais leves,9,RAM,RAMPAGE,1716,https://www.fenabrave.org.br/portal/files/2024_11_02.pdf
2024,11,2024-11,Comerciais leves,10,RENAULT,OROCH,1090,https://www.fenabrave.org.br/portal/files/2024_11_02.pdf
2024,11,2024-11,Comerciais leves,11,FIAT,TITANO,966,https://www.fenabrave.org.br/portal/files/2024_11_02.pdf
2024,11,2024-11,Comerciais leves,12,MITSUBISHI,L200,950,https://www.fenabrave.org.br/portal/files/2024_11_02.pdf
2024,11,2024-11,Comerciais leves,13,RENAULT,MASTER,912,https://www.fenabrave.org.br/portal/files/2024_11_02.pdf
2024,11,2024-11,Comerciais leves,14,VW,AMAROK,836,https://www.fenabrave.org.br/portal/files/2024_11_02.pdf
2024,11,2024-11,Comerciais leves,15,FIAT,DUCATO,443,https://www.fenabrave.org.br/portal/files/2024_11_02.pdf
2024,11,2024-11,Comerciais leves,16,NISSAN,FRONTIER,378,https://www.fenabrave.org.br/portal/files/2024_11_02.pdf
2024,11,2024-11,Comerciais leves,17,RENAULT,KANGOO,349,https://www.fenabrave.org.br/portal/files/2024_11_02.pdf
2024,11,2024-11,Comerciais leves,18,FORD,MAVERICK,325,https://www.fenabrave.org.br/portal/files/2024_11_02.pdf
2024,11,2024-11,Comerciais leves,19,FIAT,SCUDO,252,https://www.fenabrave.org.br/portal/files/2024_11_02.pdf
2024,11,2024-11,Comerciais leves,20,KIA,K2500,214,https://www.fenabrave.org.br/portal/files/2024_11_02.pdf
2024,11,2024-11,Comerciais leves,21,HYUNDAI,HR,205,https://www.fenabrave.org.br/portal/files/2024_11_02.pdf
2024,11,2024-11,Comerciais leves,22,FORD,TRANSIT,201,https://www.fenabrave.org.br/portal/files/2024_11_02.pdf
2024,11,2024-11,Comerciais leves,23,JAC,EJV12,196,https://www.fenabrave.org.br/portal/files/2024_11_02.pdf
2024,11,2024-11,Comerciais leves,24,VW TRUCK E BUS,EXPRESS,158,https://www.fenabrave.org.br/portal/files/2024_11_02.pdf
2024,11,2024-11,Comerciais leves,25,RAM,2500,145,https://www.fenabrave.org.br/portal/files/2024_11_02.pdf
2024,11,2024-11,Comerciais leves,26,M.BENZ,SPRINTER 315,116,https://www.fenabrave.org.br/portal/files/2024_11_02.pdf
2024,11,2024-11,Comerciais leves,27,FORD,F150,109,https://www.fenabrave.org.br/portal/files/2024_11_02.pdf
2024,11,2024-11,Comerciais leves,28,RAM,3500,103,https://www.fenabrave.org.br/portal/files/2024_11_02.pdf
2024,11,2024-11,Comerciais leves,29,IVECO,DAILY 30-130,102,https://www.fenabrave.org.br/portal/files/2024_11_02.pdf
2024,11,2024-11,Comerciais leves,30,IVECO,DAILY,99,https://www.fenabrave.org.br/portal/files/2024_11_02.pdf
2024,11,2024-11,Comerciais leves,31,PEUGEOT,EXPERT,72,https://www.fenabrave.org.br/portal/files/2024_11_02.pdf
2024,11,2024-11,Comerciais leves,32,EFFA,V21,60,https://www.fenabrave.org.br/portal/files/2024_11_02.pdf
2024,11,2024-11,Comerciais leves,33,JAC,EJV5.5,60,https://www.fenabrave.org.br/portal/files/2024_11_02.pdf
2024,11,2024-11,Comerciais leves,34,GM,SILVERADO,59,https://www.fenabrave.org.br/portal/files/2024_11_02.pdf
2024,11,2024-11,Comerciais leves,35,PEUGEOT,PARTNER,55,https://www.fenabrave.org.br/portal/files/2024_11_02.pdf
2024,11,2024-11,Comerciais leves,36,BYD,SHARK,49,https://www.fenabrave.org.br/portal/files/2024_11_02.pdf
2024,11,2024-11,Comerciais leves,37,RENAULT,KANGOO E-TECH,43,https://www.fenabrave.org.br/portal/files/2024_11_02.pdf
2024,11,2024-11,Comerciais leves,38,FORD,ETRANSIT,39,https://www.fenabrave.org.br/portal/files/2024_11_02.pdf
2024,11,2024-11,Comerciais leves,39,EFFA,V22,36,https://www.fenabrave.org.br/portal/files/2024_11_02.pdf
2024,11,2024-11,Comerciais leves,40,CITROEN,JUMPY,30,https://www.fenabrave.org.br/portal/files/2024_11_02.pdf
2024,11,2024-11,Comerciais leves,41,SHINERAY,P TRUCKS,30,https://www.fenabrave.org.br/portal/files/2024_11_02.pdf
2024,11,2024-11,Comerciais leves,42,IVECO,DAILY 35-180,24,https://www.fenabrave.org.br/portal/files/2024_11_02.pdf
2024,11,2024-11,Comerciais leves,43,RAM,1500,23,https://www.fenabrave.org.br/portal/files/2024_11_02.pdf
2024,11,2024-11,Comerciais leves,44,M.BENZ,SPRINTER 517,22,https://www.fenabrave.org.br/portal/files/2024_11_02.pdf
2024,11,2024-11,Comerciais leves,45,CITROEN,JUMPER,10,https://www.fenabrave.org.br/portal/files/2024_11_02.pdf
2024,11,2024-11,Comerciais leves,46,PEUGEOT,BOXER,8,https://www.fenabrave.org.br/portal/files/2024_11_02.pdf
2024,11,2024-11,Comerciais leves,47,EFFA,V25,8,https://www.fenabrave.org.br/portal/files/2024_11_02.pdf
2024,11,2024-11,Comerciais leves,48,M.BENZ,SPRINTER 417,7,https://www.fenabrave.org.br/portal/files/2024_11_02.pdf
2024,11,2024-11,Comerciais leves,49,ARROW,ONE,7,https://www.fenabrave.org.br/portal/files/2024_11_02.pdf
2024,11,2024-11,Comerciais leves,50,RENAULT,KWID,4,https://www.fenabrave.org.br/portal/files/2024_11_02.pdf
2024,12,2024-12,Automóveis,1,VW,POLO,13470,https://www.fenabrave.org.br/portal/files/2024_12_02.pdf
2024,12,2024-12,Automóveis,2,VW,T CROSS,9987,https://www.fenabrave.org.br/portal/files/2024_12_02.pdf
2024,12,2024-12,Automóveis,3,HYUNDAI,HB20,9942,https://www.fenabrave.org.br/portal/files/2024_12_02.pdf
2024,12,2024-12,Automóveis,4,GM,ONIX,9730,https://www.fenabrave.org.br/portal/files/2024_12_02.pdf
2024,12,2024-12,Automóveis,5,GM,TRACKER,8430,https://www.fenabrave.org.br/portal/files/2024_12_02.pdf
2024,12,2024-12,Automóveis,6,RENAULT,KWID,7210,https://www.fenabrave.org.br/portal/files/2024_12_02.pdf
2024,12,2024-12,Automóveis,7,FIAT,ARGO,7057,https://www.fenabrave.org.br/portal/files/2024_12_02.pdf
2024,12,2024-12,Automóveis,8,HYUNDAI,CRETA,6341,https://www.fenabrave.org.br/portal/files/2024_12_02.pdf
2024,12,2024-12,Automóveis,9,FIAT,MOBI,5552,https://www.fenabrave.org.br/portal/files/2024_12_02.pdf
2024,12,2024-12,Automóveis,10,GM,ONIX PLUS,5538,https://www.fenabrave.org.br/portal/files/2024_12_02.pdf
2024,12,2024-12,Automóveis,11,BYD,SONG,5239,https://www.fenabrave.org.br/portal/files/2024_12_02.pdf
2024,12,2024-12,Automóveis,12,FIAT,CRONOS,5127,https://www.fenabrave.org.br/portal/files/2024_12_02.pdf
2024,12,2024-12,Automóveis,13,HONDA,HR-V,4758,https://www.fenabrave.org.br/portal/files/2024_12_02.pdf
2024,12,2024-12,Automóveis,14,JEEP,COMPASS,4714,https://www.fenabrave.org.br/portal/files/2024_12_02.pdf
2024,12,2024-12,Automóveis,15,VW,NIVUS,4567,https://www.fenabrave.org.br/portal/files/2024_12_02.pdf
2024,12,2024-12,Automóveis,16,FIAT,FASTBACK,4493,https://www.fenabrave.org.br/portal/files/2024_12_02.pdf
2024,12,2024-12,Automóveis,17,NISSAN,KICKS,4397,https://www.fenabrave.org.br/portal/files/2024_12_02.pdf
2024,12,2024-12,Automóveis,18,JEEP,RENEGADE,4002,https://www.fenabrave.org.br/portal/files/2024_12_02.pdf
2024,12,2024-12,Automóveis,19,RENAULT,KARDIAN,3974,https://www.fenabrave.org.br/portal/files/2024_12_02.pdf
2024,12,2024-12,Automóveis,20,FIAT,PULSE,3965,https://www.fenabrave.org.br/portal/files/2024_12_02.pdf
2024,12,2024-12,Automóveis,21,TOYOTA,COROLLA CROSS,3771,https://www.fenabrave.org.br/portal/files/2024_12_02.pdf
2024,12,2024-12,Automóveis,22,TOYOTA,COROLLA,3556,https://www.fenabrave.org.br/portal/files/2024_12_02.pdf
2024,12,2024-12,Automóveis,23,HYUNDAI,HB20S,3405,https://www.fenabrave.org.br/portal/files/2024_12_02.pdf
2024,12,2024-12,Automóveis,24,VW,VIRTUS,3098,https://www.fenabrave.org.br/portal/files/2024_12_02.pdf
2024,12,2024-12,Automóveis,25,RENAULT,DUSTER,3092,https://www.fenabrave.org.br/portal/files/2024_12_02.pdf
2024,12,2024-12,Automóveis,26,CAOA CHERY,TIGGO 7,2844,https://www.fenabrave.org.br/portal/files/2024_12_02.pdf
2024,12,2024-12,Automóveis,27,GWM,HAVAL H6,2644,https://www.fenabrave.org.br/portal/files/2024_12_02.pdf
2024,12,2024-12,Automóveis,28,GM,SPIN,2628,https://www.fenabrave.org.br/portal/files/2024_12_02.pdf
2024,12,2024-12,Automóveis,29,PEUGEOT,2008,2163,https://www.fenabrave.org.br/portal/files/2024_12_02.pdf
2024,12,2024-12,Automóveis,30,TOYOTA,HILUX SW4,1964,https://www.fenabrave.org.br/portal/files/2024_12_02.pdf
2024,12,2024-12,Automóveis,31,BYD,KING,1950,https://www.fenabrave.org.br/portal/files/2024_12_02.pdf
2024,12,2024-12,Automóveis,32,VW,TAOS,1935,https://www.fenabrave.org.br/portal/files/2024_12_02.pdf
2024,12,2024-12,Automóveis,33,HONDA,CITY,1929,https://www.fenabrave.org.br/portal/files/2024_12_02.pdf
2024,12,2024-12,Automóveis,34,BYD,DOLPHIN MINI,1852,https://www.fenabrave.org.br/portal/files/2024_12_02.pdf
2024,12,2024-12,Automóveis,35,HONDA,CITY HATCH,1668,https://www.fenabrave.org.br/portal/files/2024_12_02.pdf
2024,12,2024-12,Automóveis,36,JEEP,COMMANDER,1529,https://www.fenabrave.org.br/portal/files/2024_12_02.pdf
2024,12,2024-12,Automóveis,37,CITROEN,C3,1374,https://www.fenabrave.org.br/portal/files/2024_12_02.pdf
2024,12,2024-12,Automóveis,38,NISSAN,VERSA,1232,https://www.fenabrave.org.br/portal/files/2024_12_02.pdf
2024,12,2024-12,Automóveis,39,CAOA CHERY,TIGGO 5X,1190,https://www.fenabrave.org.br/portal/files/2024_12_02.pdf
2024,12,2024-12,Automóveis,40,CAOA CHERY,TIGGO 8,1132,https://www.fenabrave.org.br/portal/files/2024_12_02.pdf
2024,12,2024-12,Automóveis,41,TOYOTA,YARIS SEDAN,1013,https://www.fenabrave.org.br/portal/files/2024_12_02.pdf
2024,12,2024-12,Automóveis,42,CITROEN,BASALT,962,https://www.fenabrave.org.br/portal/files/2024_12_02.pdf
2024,12,2024-12,Automóveis,43,BMW,X1,800,https://www.fenabrave.org.br/portal/files/2024_12_02.pdf
2024,12,2024-12,Automóveis,44,TOYOTA,YARIS HB,790,https://www.fenabrave.org.br/portal/files/2024_12_02.pdf
2024,12,2024-12,Automóveis,45,MITSUBISHI,ECLIPSE CROSS,754,https://www.fenabrave.org.br/portal/files/2024_12_02.pdf
2024,12,2024-12,Automóveis,46,PEUGEOT,208,703,https://www.fenabrave.org.br/portal/files/2024_12_02.pdf
2024,12,2024-12,Automóveis,47,NISSAN,SENTRA,656,https://www.fenabrave.org.br/portal/files/2024_12_02.pdf
2024,12,2024-12,Automóveis,48,CITROEN,C3 AIRCROSS,644,https://www.fenabrave.org.br/portal/files/2024_12_02.pdf
2024,12,2024-12,Automóveis,49,FORD,TERRITORY,615,https://www.fenabrave.org.br/portal/files/2024_12_02.pdf
2024,12,2024-12,Automóveis,50,BYD,DOLPHIN,531,https://www.fenabrave.org.br/portal/files/2024_12_02.pdf
2024,12,2024-12,Comerciais leves,1,FIAT,STRADA,16235,https://www.fenabrave.org.br/portal/files/2024_12_02.pdf
2024,12,2024-12,Comerciais leves,2,VW,SAVEIRO,6253,https://www.fenabrave.org.br/portal/files/2024_12_02.pdf
2024,12,2024-12,Comerciais leves,3,TOYOTA,HILUX,4562,https://www.fenabrave.org.br/portal/files/2024_12_02.pdf
2024,12,2024-12,Comerciais leves,4,FIAT,TORO,4508,https://www.fenabrave.org.br/portal/files/2024_12_02.pdf
2024,12,2024-12,Comerciais leves,5,FORD,RANGER,3602,https://www.fenabrave.org.br/portal/files/2024_12_02.pdf
2024,12,2024-12,Comerciais leves,6,GM,S10,2887,https://www.fenabrave.org.br/portal/files/2024_12_02.pdf
2024,12,2024-12,Comerciais leves,7,GM,MONTANA,2549,https://www.fenabrave.org.br/portal/files/2024_12_02.pdf
2024,12,2024-12,Comerciais leves,8,RAM,RAMPAGE,1854,https://www.fenabrave.org.br/portal/files/2024_12_02.pdf
2024,12,2024-12,Comerciais leves,9,FIAT,TITANO,1475,https://www.fenabrave.org.br/portal/files/2024_12_02.pdf
2024,12,2024-12,Comerciais leves,10,RENAULT,MASTER,1255,https://www.fenabrave.org.br/portal/files/2024_12_02.pdf
2024,12,2024-12,Comerciais leves,11,RENAULT,OROCH,1136,https://www.fenabrave.org.br/portal/files/2024_12_02.pdf
2024,12,2024-12,Comerciais leves,12,FIAT,FIORINO,1024,https://www.fenabrave.org.br/portal/files/2024_12_02.pdf
2024,12,2024-12,Comerciais leves,13,RENAULT,KANGOO,1006,https://www.fenabrave.org.br/portal/files/2024_12_02.pdf
2024,12,2024-12,Comerciais leves,14,MITSUBISHI,L200,939,https://www.fenabrave.org.br/portal/files/2024_12_02.pdf
2024,12,2024-12,Comerciais leves,15,VW,AMAROK,773,https://www.fenabrave.org.br/portal/files/2024_12_02.pdf
2024,12,2024-12,Comerciais leves,16,NISSAN,FRONTIER,503,https://www.fenabrave.org.br/portal/files/2024_12_02.pdf
2024,12,2024-12,Comerciais leves,17,FIAT,SCUDO,453,https://www.fenabrave.org.br/portal/files/2024_12_02.pdf
2024,12,2024-12,Comerciais leves,18,FORD,TRANSIT,278,https://www.fenabrave.org.br/portal/files/2024_12_02.pdf
2024,12,2024-12,Comerciais leves,19,FIAT,DUCATO,272,https://www.fenabrave.org.br/portal/files/2024_12_02.pdf
2024,12,2024-12,Comerciais leves,20,HYUNDAI,HR,219,https://www.fenabrave.org.br/portal/files/2024_12_02.pdf
2024,12,2024-12,Comerciais leves,21,VW TRUCK E BUS,EXPRESS,210,https://www.fenabrave.org.br/portal/files/2024_12_02.pdf
2024,12,2024-12,Comerciais leves,22,RAM,3500,205,https://www.fenabrave.org.br/portal/files/2024_12_02.pdf
2024,12,2024-12,Comerciais leves,23,KIA,K2500,202,https://www.fenabrave.org.br/portal/files/2024_12_02.pdf
2024,12,2024-12,Comerciais leves,24,FORD,MAVERICK,197,https://www.fenabrave.org.br/portal/files/2024_12_02.pdf
2024,12,2024-12,Comerciais leves,25,RAM,2500,156,https://www.fenabrave.org.br/portal/files/2024_12_02.pdf
2024,12,2024-12,Comerciais leves,26,M.BENZ,SPRINTER 315,123,https://www.fenabrave.org.br/portal/files/2024_12_02.pdf
2024,12,2024-12,Comerciais leves,27,BYD,SHARK,121,https://www.fenabrave.org.br/portal/files/2024_12_02.pdf
2024,12,2024-12,Comerciais leves,28,IVECO,DAILY,110,https://www.fenabrave.org.br/portal/files/2024_12_02.pdf
2024,12,2024-12,Comerciais leves,29,FORD,F150,96,https://www.fenabrave.org.br/portal/files/2024_12_02.pdf
2024,12,2024-12,Comerciais leves,30,EFFA,V21,90,https://www.fenabrave.org.br/portal/files/2024_12_02.pdf
2024,12,2024-12,Comerciais leves,31,IVECO,DAILY 30-130,84,https://www.fenabrave.org.br/portal/files/2024_12_02.pdf
2024,12,2024-12,Comerciais leves,32,GM,SILVERADO,83,https://www.fenabrave.org.br/portal/files/2024_12_02.pdf
2024,12,2024-12,Comerciais leves,33,PEUGEOT,EXPERT,56,https://www.fenabrave.org.br/portal/files/2024_12_02.pdf
2024,12,2024-12,Comerciais leves,34,PEUGEOT,PARTNER,42,https://www.fenabrave.org.br/portal/files/2024_12_02.pdf
2024,12,2024-12,Comerciais leves,35,CITROEN,JUMPY,39,https://www.fenabrave.org.br/portal/files/2024_12_02.pdf
2024,12,2024-12,Comerciais leves,36,SHINERAY,P TRUCKS,32,https://www.fenabrave.org.br/portal/files/2024_12_02.pdf
2024,12,2024-12,Comerciais leves,37,EFFA,V22,26,https://www.fenabrave.org.br/portal/files/2024_12_02.pdf
2024,12,2024-12,Comerciais leves,38,M.BENZ,SPRINTER 517,25,https://www.fenabrave.org.br/portal/files/2024_12_02.pdf
2024,12,2024-12,Comerciais leves,39,JAC,HUNTER,22,https://www.fenabrave.org.br/portal/files/2024_12_02.pdf
2024,12,2024-12,Comerciais leves,40,RAM,1500,22,https://www.fenabrave.org.br/portal/files/2024_12_02.pdf
2024,12,2024-12,Comerciais leves,41,IVECO,DAILY 35-180,15,https://www.fenabrave.org.br/portal/files/2024_12_02.pdf
2024,12,2024-12,Comerciais leves,42,CITROEN,JUMPER,13,https://www.fenabrave.org.br/portal/files/2024_12_02.pdf
2024,12,2024-12,Comerciais leves,43,EFFA,V25,11,https://www.fenabrave.org.br/portal/files/2024_12_02.pdf
2024,12,2024-12,Comerciais leves,44,RENAULT,KWID,10,https://www.fenabrave.org.br/portal/files/2024_12_02.pdf
2024,12,2024-12,Comerciais leves,45,RIDDARA,RD6,9,https://www.fenabrave.org.br/portal/files/2024_12_02.pdf
2024,12,2024-12,Comerciais leves,46,RENAULT,KANGOO E-TECH,7,https://www.fenabrave.org.br/portal/files/2024_12_02.pdf
2024,12,2024-12,Comerciais leves,47,PEUGEOT,BOXER,6,https://www.fenabrave.org.br/portal/files/2024_12_02.pdf
2024,12,2024-12,Comerciais leves,48,JAC,EJV12,5,https://www.fenabrave.org.br/portal/files/2024_12_02.pdf
2024,12,2024-12,Comerciais leves,49,FEVER,NEXTEM FN1000,5,https://www.fenabrave.org.br/portal/files/2024_12_02.pdf
2024,12,2024-12,Comerciais leves,50,M.BENZ,SPRINTER,3,https://www.fenabrave.org.br/portal/files/2024_12_02.pdf
2025,1,2025-01,Automóveis,1,VW,POLO,5800,https://www.fenabrave.org.br/portal/files/2025_01_02.pdf
2025,1,2025-01,Automóveis,2,GM,ONIX,5575,https://www.fenabrave.org.br/portal/files/2025_01_02.pdf
2025,1,2025-01,Automóveis,3,GM,TRACKER,5414,https://www.fenabrave.org.br/portal/files/2025_01_02.pdf
2025,1,2025-01,Automóveis,4,VW,T CROSS,5312,https://www.fenabrave.org.br/portal/files/2025_01_02.pdf
2025,1,2025-01,Automóveis,5,FIAT,ARGO,5172,https://www.fenabrave.org.br/portal/files/2025_01_02.pdf
2025,1,2025-01,Automóveis,6,HYUNDAI,CRETA,5148,https://www.fenabrave.org.br/portal/files/2025_01_02.pdf
2025,1,2025-01,Automóveis,7,NISSAN,KICKS,4458,https://www.fenabrave.org.br/portal/files/2025_01_02.pdf
2025,1,2025-01,Automóveis,8,JEEP,COMPASS,4436,https://www.fenabrave.org.br/portal/files/2025_01_02.pdf
2025,1,2025-01,Automóveis,9,HONDA,HR-V,4273,https://www.fenabrave.org.br/portal/files/2025_01_02.pdf
2025,1,2025-01,Automóveis,10,FIAT,MOBI,4024,https://www.fenabrave.org.br/portal/files/2025_01_02.pdf
2025,1,2025-01,Automóveis,11,JEEP,RENEGADE,3679,https://www.fenabrave.org.br/portal/files/2025_01_02.pdf
2025,1,2025-01,Automóveis,12,HYUNDAI,HB20,3678,https://www.fenabrave.org.br/portal/files/2025_01_02.pdf
2025,1,2025-01,Automóveis,13,FIAT,PULSE,3587,https://www.fenabrave.org.br/portal/files/2025_01_02.pdf
2025,1,2025-01,Automóveis,14,FIAT,FASTBACK,3423,https://www.fenabrave.org.br/portal/files/2025_01_02.pdf
2025,1,2025-01,Automóveis,15,FIAT,CRONOS,3312,https://www.fenabrave.org.br/portal/files/2025_01_02.pdf
2025,1,2025-01,Automóveis,16,BYD,SONG,3183,https://www.fenabrave.org.br/portal/files/2025_01_02.pdf
2025,1,2025-01,Automóveis,17,GM,ONIX PLUS,3044,https://www.fenabrave.org.br/portal/files/2025_01_02.pdf
2025,1,2025-01,Automóveis,18,VW,NIVUS,2914,https://www.fenabrave.org.br/portal/files/2025_01_02.pdf
2025,1,2025-01,Automóveis,19,CAOA CHERY,TIGGO 7,2601,https://www.fenabrave.org.br/portal/files/2025_01_02.pdf
2025,1,2025-01,Automóveis,20,TOYOTA,COROLLA,2568,https://www.fenabrave.org.br/portal/files/2025_01_02.pdf
2025,1,2025-01,Automóveis,21,GWM,HAVAL H6,2241,https://www.fenabrave.org.br/portal/files/2025_01_02.pdf
2025,1,2025-01,Automóveis,22,RENAULT,KWID,2090,https://www.fenabrave.org.br/portal/files/2025_01_02.pdf
2025,1,2025-01,Automóveis,23,RENAULT,DUSTER,1958,https://www.fenabrave.org.br/portal/files/2025_01_02.pdf
2025,1,2025-01,Automóveis,24,TOYOTA,COROLLA CROSS,1826,https://www.fenabrave.org.br/portal/files/2025_01_02.pdf
2025,1,2025-01,Automóveis,25,BYD,DOLPHIN MINI,1723,https://www.fenabrave.org.br/portal/files/2025_01_02.pdf
2025,1,2025-01,Automóveis,26,TOYOTA,HILUX SW4,1692,https://www.fenabrave.org.br/portal/files/2025_01_02.pdf
2025,1,2025-01,Automóveis,27,RENAULT,KARDIAN,1675,https://www.fenabrave.org.br/portal/files/2025_01_02.pdf
2025,1,2025-01,Automóveis,28,VW,VIRTUS,1635,https://www.fenabrave.org.br/portal/files/2025_01_02.pdf
2025,1,2025-01,Automóveis,29,VW,TAOS,1613,https://www.fenabrave.org.br/portal/files/2025_01_02.pdf
2025,1,2025-01,Automóveis,30,GM,SPIN,1470,https://www.fenabrave.org.br/portal/files/2025_01_02.pdf
2025,1,2025-01,Automóveis,31,PEUGEOT,2008,1462,https://www.fenabrave.org.br/portal/files/2025_01_02.pdf
2025,1,2025-01,Automóveis,32,HONDA,CITY,1354,https://www.fenabrave.org.br/portal/files/2025_01_02.pdf
2025,1,2025-01,Automóveis,33,CITROEN,BASALT,1206,https://www.fenabrave.org.br/portal/files/2025_01_02.pdf
2025,1,2025-01,Automóveis,34,HONDA,CITY HATCH,1199,https://www.fenabrave.org.br/portal/files/2025_01_02.pdf
2025,1,2025-01,Automóveis,35,JEEP,COMMANDER,1087,https://www.fenabrave.org.br/portal/files/2025_01_02.pdf
2025,1,2025-01,Automóveis,36,CAOA CHERY,TIGGO 8,1039,https://www.fenabrave.org.br/portal/files/2025_01_02.pdf
2025,1,2025-01,Automóveis,37,CITROEN,C3,952,https://www.fenabrave.org.br/portal/files/2025_01_02.pdf
2025,1,2025-01,Automóveis,38,CAOA CHERY,TIGGO 5X,947,https://www.fenabrave.org.br/portal/files/2025_01_02.pdf
2025,1,2025-01,Automóveis,39,NISSAN,VERSA,892,https://www.fenabrave.org.br/portal/files/2025_01_02.pdf
2025,1,2025-01,Automóveis,40,BYD,KING,824,https://www.fenabrave.org.br/portal/files/2025_01_02.pdf
2025,1,2025-01,Automóveis,41,TOYOTA,YARIS SEDAN,731,https://www.fenabrave.org.br/portal/files/2025_01_02.pdf
2025,1,2025-01,Automóveis,42,PEUGEOT,208,725,https://www.fenabrave.org.br/portal/files/2025_01_02.pdf
2025,1,2025-01,Automóveis,43,HYUNDAI,HB20S,705,https://www.fenabrave.org.br/portal/files/2025_01_02.pdf
2025,1,2025-01,Automóveis,44,FORD,TERRITORY,610,https://www.fenabrave.org.br/portal/files/2025_01_02.pdf
2025,1,2025-01,Automóveis,45,TOYOTA,YARIS HB,610,https://www.fenabrave.org.br/portal/files/2025_01_02.pdf
2025,1,2025-01,Automóveis,46,MITSUBISHI,ECLIPSE CROSS,586,https://www.fenabrave.org.br/portal/files/2025_01_02.pdf
2025,1,2025-01,Automóveis,47,CITROEN,C3 AIRCROSS,510,https://www.fenabrave.org.br/portal/files/2025_01_02.pdf
2025,1,2025-01,Automóveis,48,BYD,DOLPHIN,509,https://www.fenabrave.org.br/portal/files/2025_01_02.pdf
2025,1,2025-01,Automóveis,49,NISSAN,SENTRA,438,https://www.fenabrave.org.br/portal/files/2025_01_02.pdf
2025,1,2025-01,Automóveis,50,BMW,X1,433,https://www.fenabrave.org.br/portal/files/2025_01_02.pdf
2025,1,2025-01,Comerciais leves,1,FIAT,STRADA,8777,https://www.fenabrave.org.br/portal/files/2025_01_02.pdf
2025,1,2025-01,Comerciais leves,2,TOYOTA,HILUX,3746,https://www.fenabrave.org.br/portal/files/2025_01_02.pdf
2025,1,2025-01,Comerciais leves,3,FIAT,TORO,3450,https://www.fenabrave.org.br/portal/files/2025_01_02.pdf
2025,1,2025-01,Comerciais leves,4,VW,SAVEIRO,2911,https://www.fenabrave.org.br/portal/files/2025_01_02.pdf
2025,1,2025-01,Comerciais leves,5,FORD,RANGER,2617,https://www.fenabrave.org.br/portal/files/2025_01_02.pdf
2025,1,2025-01,Comerciais leves,6,GM,S10,2073,https://www.fenabrave.org.br/portal/files/2025_01_02.pdf
2025,1,2025-01,Comerciais leves,7,GM,MONTANA,1590,https://www.fenabrave.org.br/portal/files/2025_01_02.pdf
2025,1,2025-01,Comerciais leves,8,RAM,RAMPAGE,1586,https://www.fenabrave.org.br/portal/files/2025_01_02.pdf
2025,1,2025-01,Comerciais leves,9,RENAULT,MASTER,1177,https://www.fenabrave.org.br/portal/files/2025_01_02.pdf
2025,1,2025-01,Comerciais leves,10,FIAT,FIORINO,991,https://www.fenabrave.org.br/portal/files/2025_01_02.pdf
2025,1,2025-01,Comerciais leves,11,MITSUBISHI,L200,974,https://www.fenabrave.org.br/portal/files/2025_01_02.pdf
2025,1,2025-01,Comerciais leves,12,RENAULT,OROCH,893,https://www.fenabrave.org.br/portal/files/2025_01_02.pdf
2025,1,2025-01,Comerciais leves,13,FIAT,TITANO,882,https://www.fenabrave.org.br/portal/files/2025_01_02.pdf
2025,1,2025-01,Comerciais leves,14,NISSAN,FRONTIER,748,https://www.fenabrave.org.br/portal/files/2025_01_02.pdf
2025,1,2025-01,Comerciais leves,15,VW,AMAROK,684,https://www.fenabrave.org.br/portal/files/2025_01_02.pdf
2025,1,2025-01,Comerciais leves,16,FIAT,SCUDO,457,https://www.fenabrave.org.br/portal/files/2025_01_02.pdf
2025,1,2025-01,Comerciais leves,17,FIAT,DUCATO,277,https://www.fenabrave.org.br/portal/files/2025_01_02.pdf
2025,1,2025-01,Comerciais leves,18,RENAULT,KANGOO,251,https://www.fenabrave.org.br/portal/files/2025_01_02.pdf
2025,1,2025-01,Comerciais leves,19,HYUNDAI,HR,208,https://www.fenabrave.org.br/portal/files/2025_01_02.pdf
2025,1,2025-01,Comerciais leves,20,FORD,TRANSIT,193,https://www.fenabrave.org.br/portal/files/2025_01_02.pdf
2025,1,2025-01,Comerciais leves,21,VW TRUCK E BUS,EXPRESS,170,https://www.fenabrave.org.br/portal/files/2025_01_02.pdf
2025,1,2025-01,Comerciais leves,22,RAM,1500,163,https://www.fenabrave.org.br/portal/files/2025_01_02.pdf
2025,1,2025-01,Comerciais leves,23,RAM,3500,159,https://www.fenabrave.org.br/portal/files/2025_01_02.pdf
2025,1,2025-01,Comerciais leves,24,KIA,K2500,157,https://www.fenabrave.org.br/portal/files/2025_01_02.pdf
2025,1,2025-01,Comerciais leves,25,EFFA,V21,143,https://www.fenabrave.org.br/portal/files/2025_01_02.pdf
2025,1,2025-01,Comerciais leves,26,FORD,F150,121,https://www.fenabrave.org.br/portal/files/2025_01_02.pdf
2025,1,2025-01,Comerciais leves,27,IVECO,DAILY 30-130,107,https://www.fenabrave.org.br/portal/files/2025_01_02.pdf
2025,1,2025-01,Comerciais leves,28,FORD,MAVERICK,106,https://www.fenabrave.org.br/portal/files/2025_01_02.pdf
2025,1,2025-01,Comerciais leves,29,IVECO,DAILY,103,https://www.fenabrave.org.br/portal/files/2025_01_02.pdf
2025,1,2025-01,Comerciais leves,30,BYD,SHARK,100,https://www.fenabrave.org.br/portal/files/2025_01_02.pdf
2025,1,2025-01,Comerciais leves,31,RAM,2500,93,https://www.fenabrave.org.br/portal/files/2025_01_02.pdf
2025,1,2025-01,Comerciais leves,32,M.BENZ,SPRINTER 315,81,https://www.fenabrave.org.br/portal/files/2025_01_02.pdf
2025,1,2025-01,Comerciais leves,33,PEUGEOT,EXPERT,71,https://www.fenabrave.org.br/portal/files/2025_01_02.pdf
2025,1,2025-01,Comerciais leves,34,MITSUBISHI,TRITON,59,https://www.fenabrave.org.br/portal/files/2025_01_02.pdf
2025,1,2025-01,Comerciais leves,35,GM,SILVERADO,50,https://www.fenabrave.org.br/portal/files/2025_01_02.pdf
2025,1,2025-01,Comerciais leves,36,RENAULT,KANGOO E-TECH,46,https://www.fenabrave.org.br/portal/files/2025_01_02.pdf
2025,1,2025-01,Comerciais leves,37,EFFA,V22,45,https://www.fenabrave.org.br/portal/files/2025_01_02.pdf
2025,1,2025-01,Comerciais leves,38,SHINERAY,P TRUCKS,43,https://www.fenabrave.org.br/portal/files/2025_01_02.pdf
2025,1,2025-01,Comerciais leves,39,CITROEN,JUMPY,35,https://www.fenabrave.org.br/portal/files/2025_01_02.pdf
2025,1,2025-01,Comerciais leves,40,PEUGEOT,PARTNER,26,https://www.fenabrave.org.br/portal/files/2025_01_02.pdf
2025,1,2025-01,Comerciais leves,41,JAC,HUNTER,21,https://www.fenabrave.org.br/portal/files/2025_01_02.pdf
2025,1,2025-01,Comerciais leves,42,M.BENZ,SPRINTER 517,19,https://www.fenabrave.org.br/portal/files/2025_01_02.pdf
2025,1,2025-01,Comerciais leves,43,CITROEN,JUMPER,14,https://www.fenabrave.org.br/portal/files/2025_01_02.pdf
2025,1,2025-01,Comerciais leves,44,IVECO,DAILY 35-180,14,https://www.fenabrave.org.br/portal/files/2025_01_02.pdf
2025,1,2025-01,Comerciais leves,45,PEUGEOT,BOXER,11,https://www.fenabrave.org.br/portal/files/2025_01_02.pdf
2025,1,2025-01,Comerciais leves,46,RENAULT,KWID,7,https://www.fenabrave.org.br/portal/files/2025_01_02.pdf
2025,1,2025-01,Comerciais leves,47,FEVER,NEXTEM FN1000,6,https://www.fenabrave.org.br/portal/files/2025_01_02.pdf
2025,1,2025-01,Comerciais leves,48,EFFA,V25,5,https://www.fenabrave.org.br/portal/files/2025_01_02.pdf
2025,1,2025-01,Comerciais leves,49,ARROW,ONE,5,https://www.fenabrave.org.br/portal/files/2025_01_02.pdf
2025,1,2025-01,Comerciais leves,50,VW,KOMBI,4,https://www.fenabrave.org.br/portal/files/2025_01_02.pdf
2025,2,2025-02,Automóveis,1,VW,POLO,7961,https://www.fenabrave.org.br/portal/files/2025_02_02.pdf
2025,2,2025-02,Automóveis,2,VW,T CROSS,6555,https://www.fenabrave.org.br/portal/files/2025_02_02.pdf
2025,2,2025-02,Automóveis,3,FIAT,ARGO,6305,https://www.fenabrave.org.br/portal/files/2025_02_02.pdf
2025,2,2025-02,Automóveis,4,FIAT,MOBI,5548,https://www.fenabrave.org.br/portal/files/2025_02_02.pdf
2025,2,2025-02,Automóveis,5,TOYOTA,COROLLA CROSS,5351,https://www.fenabrave.org.br/portal/files/2025_02_02.pdf
2025,2,2025-02,Automóveis,6,HYUNDAI,CRETA,4961,https://www.fenabrave.org.br/portal/files/2025_02_02.pdf
2025,2,2025-02,Automóveis,7,RENAULT,KWID,4907,https://www.fenabrave.org.br/portal/files/2025_02_02.pdf
2025,2,2025-02,Automóveis,8,HONDA,HR-V,4792,https://www.fenabrave.org.br/portal/files/2025_02_02.pdf
2025,2,2025-02,Automóveis,9,GM,ONIX,4712,https://www.fenabrave.org.br/portal/files/2025_02_02.pdf
2025,2,2025-02,Automóveis,10,HYUNDAI,HB20,4561,https://www.fenabrave.org.br/portal/files/2025_02_02.pdf
2025,2,2025-02,Automóveis,11,JEEP,COMPASS,4303,https://www.fenabrave.org.br/portal/files/2025_02_02.pdf
2025,2,2025-02,Automóveis,12,GM,TRACKER,4035,https://www.fenabrave.org.br/portal/files/2025_02_02.pdf
2025,2,2025-02,Automóveis,13,FIAT,FASTBACK,3772,https://www.fenabrave.org.br/portal/files/2025_02_02.pdf
2025,2,2025-02,Automóveis,14,JEEP,RENEGADE,3628,https://www.fenabrave.org.br/portal/files/2025_02_02.pdf
2025,2,2025-02,Automóveis,15,TOYOTA,COROLLA,3351,https://www.fenabrave.org.br/portal/files/2025_02_02.pdf
2025,2,2025-02,Automóveis,16,FIAT,PULSE,3315,https://www.fenabrave.org.br/portal/files/2025_02_02.pdf
2025,2,2025-02,Automóveis,17,NISSAN,KICKS,3217,https://www.fenabrave.org.br/portal/files/2025_02_02.pdf
2025,2,2025-02,Automóveis,18,VW,NIVUS,2956,https://www.fenabrave.org.br/portal/files/2025_02_02.pdf
2025,2,2025-02,Automóveis,19,BYD,SONG,2680,https://www.fenabrave.org.br/portal/files/2025_02_02.pdf
2025,2,2025-02,Automóveis,20,VW,VIRTUS,2677,https://www.fenabrave.org.br/portal/files/2025_02_02.pdf
2025,2,2025-02,Automóveis,21,GM,ONIX PLUS,2502,https://www.fenabrave.org.br/portal/files/2025_02_02.pdf
2025,2,2025-02,Automóveis,22,BYD,DOLPHIN MINI,2399,https://www.fenabrave.org.br/portal/files/2025_02_02.pdf
2025,2,2025-02,Automóveis,23,CAOA CHERY,TIGGO 7,2140,https://www.fenabrave.org.br/portal/files/2025_02_02.pdf
2025,2,2025-02,Automóveis,24,FIAT,CRONOS,2101,https://www.fenabrave.org.br/portal/files/2025_02_02.pdf
2025,2,2025-02,Automóveis,25,RENAULT,KARDIAN,1903,https://www.fenabrave.org.br/portal/files/2025_02_02.pdf
2025,2,2025-02,Automóveis,26,HYUNDAI,HB20S,1751,https://www.fenabrave.org.br/portal/files/2025_02_02.pdf
2025,2,2025-02,Automóveis,27,VW,TAOS,1747,https://www.fenabrave.org.br/portal/files/2025_02_02.pdf
2025,2,2025-02,Automóveis,28,GWM,HAVAL H6,1747,https://www.fenabrave.org.br/portal/files/2025_02_02.pdf
2025,2,2025-02,Automóveis,29,CITROEN,BASALT,1701,https://www.fenabrave.org.br/portal/files/2025_02_02.pdf
2025,2,2025-02,Automóveis,30,TOYOTA,YARIS SEDAN,1689,https://www.fenabrave.org.br/portal/files/2025_02_02.pdf
2025,2,2025-02,Automóveis,31,HONDA,CITY,1570,https://www.fenabrave.org.br/portal/files/2025_02_02.pdf
2025,2,2025-02,Automóveis,32,GM,SPIN,1566,https://www.fenabrave.org.br/portal/files/2025_02_02.pdf
2025,2,2025-02,Automóveis,33,TOYOTA,HILUX SW4,1413,https://www.fenabrave.org.br/portal/files/2025_02_02.pdf
2025,2,2025-02,Automóveis,34,HONDA,CITY HATCH,1286,https://www.fenabrave.org.br/portal/files/2025_02_02.pdf
2025,2,2025-02,Automóveis,35,JEEP,COMMANDER,1202,https://www.fenabrave.org.br/portal/files/2025_02_02.pdf
2025,2,2025-02,Automóveis,36,PEUGEOT,2008,1144,https://www.fenabrave.org.br/portal/files/2025_02_02.pdf
2025,2,2025-02,Automóveis,37,RENAULT,DUSTER,1138,https://www.fenabrave.org.br/portal/files/2025_02_02.pdf
2025,2,2025-02,Automóveis,38,NISSAN,VERSA,1132,https://www.fenabrave.org.br/portal/files/2025_02_02.pdf
2025,2,2025-02,Automóveis,39,CITROEN,C3,999,https://www.fenabrave.org.br/portal/files/2025_02_02.pdf
2025,2,2025-02,Automóveis,40,CAOA CHERY,TIGGO 8,930,https://www.fenabrave.org.br/portal/files/2025_02_02.pdf
2025,2,2025-02,Automóveis,41,CAOA CHERY,TIGGO 5X,918,https://www.fenabrave.org.br/portal/files/2025_02_02.pdf
2025,2,2025-02,Automóveis,42,TOYOTA,YARIS HB,885,https://www.fenabrave.org.br/portal/files/2025_02_02.pdf
2025,2,2025-02,Automóveis,43,BYD,KING,805,https://www.fenabrave.org.br/portal/files/2025_02_02.pdf
2025,2,2025-02,Automóveis,44,PEUGEOT,208,640,https://www.fenabrave.org.br/portal/files/2025_02_02.pdf
2025,2,2025-02,Automóveis,45,BYD,DOLPHIN,627,https://www.fenabrave.org.br/portal/files/2025_02_02.pdf
2025,2,2025-02,Automóveis,46,FORD,TERRITORY,603,https://www.fenabrave.org.br/portal/files/2025_02_02.pdf
2025,2,2025-02,Automóveis,47,MITSUBISHI,ECLIPSE CROSS,489,https://www.fenabrave.org.br/portal/files/2025_02_02.pdf
2025,2,2025-02,Automóveis,48,CITROEN,C3 AIRCROSS,484,https://www.fenabrave.org.br/portal/files/2025_02_02.pdf
2025,2,2025-02,Automóveis,49,NISSAN,SENTRA,365,https://www.fenabrave.org.br/portal/files/2025_02_02.pdf
2025,2,2025-02,Automóveis,50,HONDA,CIVIC,357,https://www.fenabrave.org.br/portal/files/2025_02_02.pdf
2025,2,2025-02,Comerciais leves,1,FIAT,STRADA,10263,https://www.fenabrave.org.br/portal/files/2025_02_02.pdf
2025,2,2025-02,Comerciais leves,2,VW,SAVEIRO,4701,https://www.fenabrave.org.br/portal/files/2025_02_02.pdf
2025,2,2025-02,Comerciais leves,3,FIAT,TORO,3649,https://www.fenabrave.org.br/portal/files/2025_02_02.pdf
2025,2,2025-02,Comerciais leves,4,TOYOTA,HILUX,3057,https://www.fenabrave.org.br/portal/files/2025_02_02.pdf
2025,2,2025-02,Comerciais leves,5,FORD,RANGER,2249,https://www.fenabrave.org.br/portal/files/2025_02_02.pdf
2025,2,2025-02,Comerciais leves,6,RAM,RAMPAGE,1854,https://www.fenabrave.org.br/portal/files/2025_02_02.pdf
2025,2,2025-02,Comerciais leves,7,GM,MONTANA,1531,https://www.fenabrave.org.br/portal/files/2025_02_02.pdf
2025,2,2025-02,Comerciais leves,8,GM,S10,1300,https://www.fenabrave.org.br/portal/files/2025_02_02.pdf
2025,2,2025-02,Comerciais leves,9,NISSAN,FRONTIER,1197,https://www.fenabrave.org.br/portal/files/2025_02_02.pdf
2025,2,2025-02,Comerciais leves,10,RENAULT,MASTER,1074,https://www.fenabrave.org.br/portal/files/2025_02_02.pdf
2025,2,2025-02,Comerciais leves,11,FIAT,FIORINO,1066,https://www.fenabrave.org.br/portal/files/2025_02_02.pdf
2025,2,2025-02,Comerciais leves,12,MITSUBISHI,L200,975,https://www.fenabrave.org.br/portal/files/2025_02_02.pdf
2025,2,2025-02,Comerciais leves,13,RENAULT,OROCH,780,https://www.fenabrave.org.br/portal/files/2025_02_02.pdf
2025,2,2025-02,Comerciais leves,14,FIAT,TITANO,590,https://www.fenabrave.org.br/portal/files/2025_02_02.pdf
2025,2,2025-02,Comerciais leves,15,VW,AMAROK,588,https://www.fenabrave.org.br/portal/files/2025_02_02.pdf
2025,2,2025-02,Comerciais leves,16,FIAT,DUCATO,396,https://www.fenabrave.org.br/portal/files/2025_02_02.pdf
2025,2,2025-02,Comerciais leves,17,MITSUBISHI,TRITON,379,https://www.fenabrave.org.br/portal/files/2025_02_02.pdf
2025,2,2025-02,Comerciais leves,18,FIAT,SCUDO,351,https://www.fenabrave.org.br/portal/files/2025_02_02.pdf
2025,2,2025-02,Comerciais leves,19,HYUNDAI,HR,309,https://www.fenabrave.org.br/portal/files/2025_02_02.pdf
2025,2,2025-02,Comerciais leves,20,RENAULT,KANGOO,265,https://www.fenabrave.org.br/portal/files/2025_02_02.pdf
2025,2,2025-02,Comerciais leves,21,RAM,1500,233,https://www.fenabrave.org.br/portal/files/2025_02_02.pdf
2025,2,2025-02,Comerciais leves,22,KIA,K2500,220,https://www.fenabrave.org.br/portal/files/2025_02_02.pdf
2025,2,2025-02,Comerciais leves,23,IVECO,DAILY,211,https://www.fenabrave.org.br/portal/files/2025_02_02.pdf
2025,2,2025-02,Comerciais leves,24,FORD,TRANSIT,209,https://www.fenabrave.org.br/portal/files/2025_02_02.pdf
2025,2,2025-02,Comerciais leves,25,VW TRUCK E BUS,EXPRESS,202,https://www.fenabrave.org.br/portal/files/2025_02_02.pdf
2025,2,2025-02,Comerciais leves,26,EFFA,V21,147,https://www.fenabrave.org.br/portal/files/2025_02_02.pdf
2025,2,2025-02,Comerciais leves,27,RAM,3500,135,https://www.fenabrave.org.br/portal/files/2025_02_02.pdf
2025,2,2025-02,Comerciais leves,28,FORD,F150,120,https://www.fenabrave.org.br/portal/files/2025_02_02.pdf
2025,2,2025-02,Comerciais leves,29,IVECO,DAILY 30-130,103,https://www.fenabrave.org.br/portal/files/2025_02_02.pdf
2025,2,2025-02,Comerciais leves,30,PEUGEOT,EXPERT,103,https://www.fenabrave.org.br/portal/files/2025_02_02.pdf
2025,2,2025-02,Comerciais leves,31,M.BENZ,SPRINTER 315,101,https://www.fenabrave.org.br/portal/files/2025_02_02.pdf
2025,2,2025-02,Comerciais leves,32,RAM,2500,101,https://www.fenabrave.org.br/portal/files/2025_02_02.pdf
2025,2,2025-02,Comerciais leves,33,FORD,MAVERICK,92,https://www.fenabrave.org.br/portal/files/2025_02_02.pdf
2025,2,2025-02,Comerciais leves,34,BYD,SHARK,72,https://www.fenabrave.org.br/portal/files/2025_02_02.pdf
2025,2,2025-02,Comerciais leves,35,PEUGEOT,PARTNER,69,https://www.fenabrave.org.br/portal/files/2025_02_02.pdf
2025,2,2025-02,Comerciais leves,36,CITROEN,JUMPY,51,https://www.fenabrave.org.br/portal/files/2025_02_02.pdf
2025,2,2025-02,Comerciais leves,37,JAC,HUNTER,47,https://www.fenabrave.org.br/portal/files/2025_02_02.pdf
2025,2,2025-02,Comerciais leves,38,CITROEN,JUMPER,38,https://www.fenabrave.org.br/portal/files/2025_02_02.pdf
2025,2,2025-02,Comerciais leves,39,SHINERAY,P TRUCKS,34,https://www.fenabrave.org.br/portal/files/2025_02_02.pdf
2025,2,2025-02,Comerciais leves,40,EFFA,V22,33,https://www.fenabrave.org.br/portal/files/2025_02_02.pdf
2025,2,2025-02,Comerciais leves,41,GM,SILVERADO,26,https://www.fenabrave.org.br/portal/files/2025_02_02.pdf
2025,2,2025-02,Comerciais leves,42,M.BENZ,SPRINTER 517,25,https://www.fenabrave.org.br/portal/files/2025_02_02.pdf
2025,2,2025-02,Comerciais leves,43,PEUGEOT,BOXER,21,https://www.fenabrave.org.br/portal/files/2025_02_02.pdf
2025,2,2025-02,Comerciais leves,44,IVECO,DAILY 35-180,17,https://www.fenabrave.org.br/portal/files/2025_02_02.pdf
2025,2,2025-02,Comerciais leves,45,M.BENZ,ESPRINTER 320,9,https://www.fenabrave.org.br/portal/files/2025_02_02.pdf
2025,2,2025-02,Comerciais leves,46,EFFA,V25,9,https://www.fenabrave.org.br/portal/files/2025_02_02.pdf
2025,2,2025-02,Comerciais leves,47,M.BENZ,SPRINTER 417,8,https://www.fenabrave.org.br/portal/files/2025_02_02.pdf
2025,2,2025-02,Comerciais leves,48,RENAULT,KWID,5,https://www.fenabrave.org.br/portal/files/2025_02_02.pdf
2025,2,2025-02,Comerciais leves,49,RENAULT,KANGOO E-TECH,4,https://www.fenabrave.org.br/portal/files/2025_02_02.pdf
2025,2,2025-02,Comerciais leves,50,JEEP,GLADIATOR,3,https://www.fenabrave.org.br/portal/files/2025_02_02.pdf
2025,3,2025-03,Automóveis,1,FIAT,ARGO,8247,https://www.fenabrave.org.br/portal/files/2025_03_02.pdf
2025,3,2025-03,Automóveis,2,VW,POLO,8120,https://www.fenabrave.org.br/portal/files/2025_03_02.pdf
2025,3,2025-03,Automóveis,3,VW,T CROSS,6512,https://www.fenabrave.org.br/portal/files/2025_03_02.pdf
2025,3,2025-03,Automóveis,4,HYUNDAI,HB20,6122,https://www.fenabrave.org.br/portal/files/2025_03_02.pdf
2025,3,2025-03,Automóveis,5,TOYOTA,COROLLA CROSS,5833,https://www.fenabrave.org.br/portal/files/2025_03_02.pdf
2025,3,2025-03,Automóveis,6,GM,ONIX,5748,https://www.fenabrave.org.br/portal/files/2025_03_02.pdf
2025,3,2025-03,Automóveis,7,HONDA,HR-V,5094,https://www.fenabrave.org.br/portal/files/2025_03_02.pdf
2025,3,2025-03,Automóveis,8,RENAULT,KWID,4955,https://www.fenabrave.org.br/portal/files/2025_03_02.pdf
2025,3,2025-03,Automóveis,9,FIAT,MOBI,4682,https://www.fenabrave.org.br/portal/files/2025_03_02.pdf
2025,3,2025-03,Automóveis,10,NISSAN,KICKS,4513,https://www.fenabrave.org.br/portal/files/2025_03_02.pdf
2025,3,2025-03,Automóveis,11,HYUNDAI,CRETA,4418,https://www.fenabrave.org.br/portal/files/2025_03_02.pdf
2025,3,2025-03,Automóveis,12,GM,ONIX PLUS,4321,https://www.fenabrave.org.br/portal/files/2025_03_02.pdf
2025,3,2025-03,Automóveis,13,GM,TRACKER,4169,https://www.fenabrave.org.br/portal/files/2025_03_02.pdf
2025,3,2025-03,Automóveis,14,JEEP,COMPASS,4017,https://www.fenabrave.org.br/portal/files/2025_03_02.pdf
2025,3,2025-03,Automóveis,15,VW,NIVUS,3792,https://www.fenabrave.org.br/portal/files/2025_03_02.pdf
2025,3,2025-03,Automóveis,16,FIAT,FASTBACK,3550,https://www.fenabrave.org.br/portal/files/2025_03_02.pdf
2025,3,2025-03,Automóveis,17,FIAT,PULSE,3048,https://www.fenabrave.org.br/portal/files/2025_03_02.pdf
2025,3,2025-03,Automóveis,18,TOYOTA,COROLLA,3038,https://www.fenabrave.org.br/portal/files/2025_03_02.pdf
2025,3,2025-03,Automóveis,19,VW,VIRTUS,2973,https://www.fenabrave.org.br/portal/files/2025_03_02.pdf
2025,3,2025-03,Automóveis,20,JEEP,RENEGADE,2927,https://www.fenabrave.org.br/portal/files/2025_03_02.pdf
2025,3,2025-03,Automóveis,21,BYD,SONG,2784,https://www.fenabrave.org.br/portal/files/2025_03_02.pdf
2025,3,2025-03,Automóveis,22,BYD,DOLPHIN MINI,2432,https://www.fenabrave.org.br/portal/files/2025_03_02.pdf
2025,3,2025-03,Automóveis,23,FIAT,CRONOS,2427,https://www.fenabrave.org.br/portal/files/2025_03_02.pdf
2025,3,2025-03,Automóveis,24,VW,TAOS,2407,https://www.fenabrave.org.br/portal/files/2025_03_02.pdf
2025,3,2025-03,Automóveis,25,RENAULT,KARDIAN,2269,https://www.fenabrave.org.br/portal/files/2025_03_02.pdf
2025,3,2025-03,Automóveis,26,GWM,HAVAL H6,1777,https://www.fenabrave.org.br/portal/files/2025_03_02.pdf
2025,3,2025-03,Automóveis,27,CITROEN,BASALT,1714,https://www.fenabrave.org.br/portal/files/2025_03_02.pdf
2025,3,2025-03,Automóveis,28,CAOA CHERY,TIGGO 7,1707,https://www.fenabrave.org.br/portal/files/2025_03_02.pdf
2025,3,2025-03,Automóveis,29,HYUNDAI,HB20S,1641,https://www.fenabrave.org.br/portal/files/2025_03_02.pdf
2025,3,2025-03,Automóveis,30,RENAULT,DUSTER,1503,https://www.fenabrave.org.br/portal/files/2025_03_02.pdf
2025,3,2025-03,Automóveis,31,BYD,KING,1427,https://www.fenabrave.org.br/portal/files/2025_03_02.pdf
2025,3,2025-03,Automóveis,32,GM,SPIN,1398,https://www.fenabrave.org.br/portal/files/2025_03_02.pdf
2025,3,2025-03,Automóveis,33,HONDA,CITY,1333,https://www.fenabrave.org.br/portal/files/2025_03_02.pdf
2025,3,2025-03,Automóveis,34,CAOA CHERY,TIGGO 8,1307,https://www.fenabrave.org.br/portal/files/2025_03_02.pdf
2025,3,2025-03,Automóveis,35,HONDA,CITY HATCH,1268,https://www.fenabrave.org.br/portal/files/2025_03_02.pdf
2025,3,2025-03,Automóveis,36,TOYOTA,HILUX SW4,1229,https://www.fenabrave.org.br/portal/files/2025_03_02.pdf
2025,3,2025-03,Automóveis,37,JEEP,COMMANDER,1198,https://www.fenabrave.org.br/portal/files/2025_03_02.pdf
2025,3,2025-03,Automóveis,38,NISSAN,VERSA,1092,https://www.fenabrave.org.br/portal/files/2025_03_02.pdf
2025,3,2025-03,Automóveis,39,CITROEN,C3,1087,https://www.fenabrave.org.br/portal/files/2025_03_02.pdf
2025,3,2025-03,Automóveis,40,PEUGEOT,2008,931,https://www.fenabrave.org.br/portal/files/2025_03_02.pdf
2025,3,2025-03,Automóveis,41,BYD,DOLPHIN,823,https://www.fenabrave.org.br/portal/files/2025_03_02.pdf
2025,3,2025-03,Automóveis,42,CAOA CHERY,TIGGO 5X,715,https://www.fenabrave.org.br/portal/files/2025_03_02.pdf
2025,3,2025-03,Automóveis,43,MITSUBISHI,ECLIPSE CROSS,703,https://www.fenabrave.org.br/portal/files/2025_03_02.pdf
2025,3,2025-03,Automóveis,44,PEUGEOT,208,586,https://www.fenabrave.org.br/portal/files/2025_03_02.pdf
2025,3,2025-03,Automóveis,45,TOYOTA,YARIS HB,565,https://www.fenabrave.org.br/portal/files/2025_03_02.pdf
2025,3,2025-03,Automóveis,46,TOYOTA,YARIS SEDAN,504,https://www.fenabrave.org.br/portal/files/2025_03_02.pdf
2025,3,2025-03,Automóveis,47,CITROEN,C3 AIRCROSS,466,https://www.fenabrave.org.br/portal/files/2025_03_02.pdf
2025,3,2025-03,Automóveis,48,FORD,TERRITORY,462,https://www.fenabrave.org.br/portal/files/2025_03_02.pdf
2025,3,2025-03,Automóveis,49,BMW,X1,408,https://www.fenabrave.org.br/portal/files/2025_03_02.pdf
2025,3,2025-03,Automóveis,50,VOLVO,EX30,368,https://www.fenabrave.org.br/portal/files/2025_03_02.pdf
2025,3,2025-03,Comerciais leves,1,FIAT,STRADA,10255,https://www.fenabrave.org.br/portal/files/2025_03_02.pdf
2025,3,2025-03,Comerciais leves,2,VW,SAVEIRO,5692,https://www.fenabrave.org.br/portal/files/2025_03_02.pdf
2025,3,2025-03,Comerciais leves,3,FIAT,TORO,3628,https://www.fenabrave.org.br/portal/files/2025_03_02.pdf
2025,3,2025-03,Comerciais leves,4,TOYOTA,HILUX,3413,https://www.fenabrave.org.br/portal/files/2025_03_02.pdf
2025,3,2025-03,Comerciais leves,5,FORD,RANGER,2497,https://www.fenabrave.org.br/portal/files/2025_03_02.pdf
2025,3,2025-03,Comerciais leves,6,GM,S10,2330,https://www.fenabrave.org.br/portal/files/2025_03_02.pdf
2025,3,2025-03,Comerciais leves,7,RAM,RAMPAGE,1818,https://www.fenabrave.org.br/portal/files/2025_03_02.pdf
2025,3,2025-03,Comerciais leves,8,FIAT,FIORINO,1811,https://www.fenabrave.org.br/portal/files/2025_03_02.pdf
2025,3,2025-03,Comerciais leves,9,GM,MONTANA,1744,https://www.fenabrave.org.br/portal/files/2025_03_02.pdf
2025,3,2025-03,Comerciais leves,10,RENAULT,MASTER,1222,https://www.fenabrave.org.br/portal/files/2025_03_02.pdf
2025,3,2025-03,Comerciais leves,11,RENAULT,OROCH,1189,https://www.fenabrave.org.br/portal/files/2025_03_02.pdf
2025,3,2025-03,Comerciais leves,12,NISSAN,FRONTIER,944,https://www.fenabrave.org.br/portal/files/2025_03_02.pdf
2025,3,2025-03,Comerciais leves,13,MITSUBISHI,TRITON,699,https://www.fenabrave.org.br/portal/files/2025_03_02.pdf
2025,3,2025-03,Comerciais leves,14,FIAT,TITANO,618,https://www.fenabrave.org.br/portal/files/2025_03_02.pdf
2025,3,2025-03,Comerciais leves,15,VW,AMAROK,540,https://www.fenabrave.org.br/portal/files/2025_03_02.pdf
2025,3,2025-03,Comerciais leves,16,MITSUBISHI,L200,511,https://www.fenabrave.org.br/portal/files/2025_03_02.pdf
2025,3,2025-03,Comerciais leves,17,HYUNDAI,HR,341,https://www.fenabrave.org.br/portal/files/2025_03_02.pdf
2025,3,2025-03,Comerciais leves,18,FIAT,DUCATO,339,https://www.fenabrave.org.br/portal/files/2025_03_02.pdf
2025,3,2025-03,Comerciais leves,19,FIAT,SCUDO,268,https://www.fenabrave.org.br/portal/files/2025_03_02.pdf
2025,3,2025-03,Comerciais leves,20,RENAULT,KANGOO,244,https://www.fenabrave.org.br/portal/files/2025_03_02.pdf
2025,3,2025-03,Comerciais leves,21,FORD,TRANSIT,241,https://www.fenabrave.org.br/portal/files/2025_03_02.pdf
2025,3,2025-03,Comerciais leves,22,IVECO,DAILY 30-130,235,https://www.fenabrave.org.br/portal/files/2025_03_02.pdf
2025,3,2025-03,Comerciais leves,23,KIA,K2500,198,https://www.fenabrave.org.br/portal/files/2025_03_02.pdf
2025,3,2025-03,Comerciais leves,24,VW TRUCK E BUS,EXPRESS,164,https://www.fenabrave.org.br/portal/files/2025_03_02.pdf
2025,3,2025-03,Comerciais leves,25,FORD,MAVERICK,163,https://www.fenabrave.org.br/portal/files/2025_03_02.pdf
2025,3,2025-03,Comerciais leves,26,RAM,1500,154,https://www.fenabrave.org.br/portal/files/2025_03_02.pdf
2025,3,2025-03,Comerciais leves,27,EFFA,V21,147,https://www.fenabrave.org.br/portal/files/2025_03_02.pdf
2025,3,2025-03,Comerciais leves,28,RAM,3500,143,https://www.fenabrave.org.br/portal/files/2025_03_02.pdf
2025,3,2025-03,Comerciais leves,29,BYD,SHARK,122,https://www.fenabrave.org.br/portal/files/2025_03_02.pdf
2025,3,2025-03,Comerciais leves,30,FORD,F150,88,https://www.fenabrave.org.br/portal/files/2025_03_02.pdf
2025,3,2025-03,Comerciais leves,31,IVECO,DAILY,87,https://www.fenabrave.org.br/portal/files/2025_03_02.pdf
2025,3,2025-03,Comerciais leves,32,M.BENZ,SPRINTER 315,83,https://www.fenabrave.org.br/portal/files/2025_03_02.pdf
2025,3,2025-03,Comerciais leves,33,PEUGEOT,EXPERT,78,https://www.fenabrave.org.br/portal/files/2025_03_02.pdf
2025,3,2025-03,Comerciais leves,34,CITROEN,JUMPY,67,https://www.fenabrave.org.br/portal/files/2025_03_02.pdf
2025,3,2025-03,Comerciais leves,35,RAM,2500,65,https://www.fenabrave.org.br/portal/files/2025_03_02.pdf
2025,3,2025-03,Comerciais leves,36,PEUGEOT,PARTNER,61,https://www.fenabrave.org.br/portal/files/2025_03_02.pdf
2025,3,2025-03,Comerciais leves,37,GM,SILVERADO,45,https://www.fenabrave.org.br/portal/files/2025_03_02.pdf
2025,3,2025-03,Comerciais leves,38,EFFA,V22,45,https://www.fenabrave.org.br/portal/files/2025_03_02.pdf
2025,3,2025-03,Comerciais leves,39,SHINERAY,P TRUCKS,31,https://www.fenabrave.org.br/portal/files/2025_03_02.pdf
2025,3,2025-03,Comerciais leves,40,JAC,HUNTER,31,https://www.fenabrave.org.br/portal/files/2025_03_02.pdf
2025,3,2025-03,Comerciais leves,41,CITROEN,JUMPER,29,https://www.fenabrave.org.br/portal/files/2025_03_02.pdf
2025,3,2025-03,Comerciais leves,42,M.BENZ,SPRINTER 517,27,https://www.fenabrave.org.br/portal/files/2025_03_02.pdf
2025,3,2025-03,Comerciais leves,43,PEUGEOT,BOXER,20,https://www.fenabrave.org.br/portal/files/2025_03_02.pdf
2025,3,2025-03,Comerciais leves,44,RIDDARA,RD6,19,https://www.fenabrave.org.br/portal/files/2025_03_02.pdf
2025,3,2025-03,Comerciais leves,45,IVECO,DAILY 35-180,18,https://www.fenabrave.org.br/portal/files/2025_03_02.pdf
2025,3,2025-03,Comerciais leves,46,EFFA,V25,7,https://www.fenabrave.org.br/portal/files/2025_03_02.pdf
2025,3,2025-03,Comerciais leves,47,FEVER,NEXTEM FN1000,6,https://www.fenabrave.org.br/portal/files/2025_03_02.pdf
2025,3,2025-03,Comerciais leves,48,M.BENZ,SPRINTER 417,5,https://www.fenabrave.org.br/portal/files/2025_03_02.pdf
2025,3,2025-03,Comerciais leves,49,M.BENZ,SPRINTER,4,https://www.fenabrave.org.br/portal/files/2025_03_02.pdf
2025,3,2025-03,Comerciais leves,50,FORD,F250,3,https://www.fenabrave.org.br/portal/files/2025_03_02.pdf
2025,4,2025-04,Automóveis,1,VW,POLO,10932,https://www.fenabrave.org.br/portal/files/2025_04_02.pdf
2025,4,2025-04,Automóveis,2,FIAT,ARGO,8444,https://www.fenabrave.org.br/portal/files/2025_04_02.pdf
2025,4,2025-04,Automóveis,3,VW,T CROSS,8114,https://www.fenabrave.org.br/portal/files/2025_04_02.pdf
2025,4,2025-04,Automóveis,4,HYUNDAI,HB20,6922,https://www.fenabrave.org.br/portal/files/2025_04_02.pdf
2025,4,2025-04,Automóveis,5,TOYOTA,COROLLA CROSS,6232,https://www.fenabrave.org.br/portal/files/2025_04_02.pdf
2025,4,2025-04,Automóveis,6,FIAT,MOBI,6170,https://www.fenabrave.org.br/portal/files/2025_04_02.pdf
2025,4,2025-04,Automóveis,7,GM,ONIX,5415,https://www.fenabrave.org.br/portal/files/2025_04_02.pdf
2025,4,2025-04,Automóveis,8,HONDA,HR-V,5258,https://www.fenabrave.org.br/portal/files/2025_04_02.pdf
2025,4,2025-04,Automóveis,9,HYUNDAI,CRETA,4904,https://www.fenabrave.org.br/portal/files/2025_04_02.pdf
2025,4,2025-04,Automóveis,10,FIAT,FASTBACK,4676,https://www.fenabrave.org.br/portal/files/2025_04_02.pdf
2025,4,2025-04,Automóveis,11,JEEP,COMPASS,4542,https://www.fenabrave.org.br/portal/files/2025_04_02.pdf
2025,4,2025-04,Automóveis,12,GM,TRACKER,4297,https://www.fenabrave.org.br/portal/files/2025_04_02.pdf
2025,4,2025-04,Automóveis,13,GM,ONIX PLUS,4274,https://www.fenabrave.org.br/portal/files/2025_04_02.pdf
2025,4,2025-04,Automóveis,14,HYUNDAI,HB20S,4172,https://www.fenabrave.org.br/portal/files/2025_04_02.pdf
2025,4,2025-04,Automóveis,15,NISSAN,KICKS,4001,https://www.fenabrave.org.br/portal/files/2025_04_02.pdf
2025,4,2025-04,Automóveis,16,RENAULT,KWID,3759,https://www.fenabrave.org.br/portal/files/2025_04_02.pdf
2025,4,2025-04,Automóveis,17,VW,NIVUS,3615,https://www.fenabrave.org.br/portal/files/2025_04_02.pdf
2025,4,2025-04,Automóveis,18,JEEP,RENEGADE,3380,https://www.fenabrave.org.br/portal/files/2025_04_02.pdf
2025,4,2025-04,Automóveis,19,TOYOTA,COROLLA,3202,https://www.fenabrave.org.br/portal/files/2025_04_02.pdf
2025,4,2025-04,Automóveis,20,FIAT,PULSE,3141,https://www.fenabrave.org.br/portal/files/2025_04_02.pdf
2025,4,2025-04,Automóveis,21,BYD,SONG,3139,https://www.fenabrave.org.br/portal/files/2025_04_02.pdf
2025,4,2025-04,Automóveis,22,VW,VIRTUS,2851,https://www.fenabrave.org.br/portal/files/2025_04_02.pdf
2025,4,2025-04,Automóveis,23,BYD,DOLPHIN MINI,2172,https://www.fenabrave.org.br/portal/files/2025_04_02.pdf
2025,4,2025-04,Automóveis,24,FIAT,CRONOS,2115,https://www.fenabrave.org.br/portal/files/2025_04_02.pdf
2025,4,2025-04,Automóveis,25,GWM,HAVAL H6,1979,https://www.fenabrave.org.br/portal/files/2025_04_02.pdf
2025,4,2025-04,Automóveis,26,CITROEN,BASALT,1958,https://www.fenabrave.org.br/portal/files/2025_04_02.pdf
2025,4,2025-04,Automóveis,27,CAOA CHERY,TIGGO 7,1935,https://www.fenabrave.org.br/portal/files/2025_04_02.pdf
2025,4,2025-04,Automóveis,28,GM,SPIN,1744,https://www.fenabrave.org.br/portal/files/2025_04_02.pdf
2025,4,2025-04,Automóveis,29,RENAULT,KARDIAN,1742,https://www.fenabrave.org.br/portal/files/2025_04_02.pdf
2025,4,2025-04,Automóveis,30,CAOA CHERY,TIGGO 8,1646,https://www.fenabrave.org.br/portal/files/2025_04_02.pdf
2025,4,2025-04,Automóveis,31,BYD,KING,1599,https://www.fenabrave.org.br/portal/files/2025_04_02.pdf
2025,4,2025-04,Automóveis,32,HONDA,CITY,1351,https://www.fenabrave.org.br/portal/files/2025_04_02.pdf
2025,4,2025-04,Automóveis,33,JEEP,COMMANDER,1339,https://www.fenabrave.org.br/portal/files/2025_04_02.pdf
2025,4,2025-04,Automóveis,34,TOYOTA,HILUX SW4,1300,https://www.fenabrave.org.br/portal/files/2025_04_02.pdf
2025,4,2025-04,Automóveis,35,CITROEN,C3,1262,https://www.fenabrave.org.br/portal/files/2025_04_02.pdf
2025,4,2025-04,Automóveis,36,RENAULT,DUSTER,1253,https://www.fenabrave.org.br/portal/files/2025_04_02.pdf
2025,4,2025-04,Automóveis,37,HONDA,CITY HATCH,1247,https://www.fenabrave.org.br/portal/files/2025_04_02.pdf
2025,4,2025-04,Automóveis,38,PEUGEOT,2008,997,https://www.fenabrave.org.br/portal/files/2025_04_02.pdf
2025,4,2025-04,Automóveis,39,BYD,DOLPHIN,973,https://www.fenabrave.org.br/portal/files/2025_04_02.pdf
2025,4,2025-04,Automóveis,40,CAOA CHERY,TIGGO 5X,953,https://www.fenabrave.org.br/portal/files/2025_04_02.pdf
2025,4,2025-04,Automóveis,41,VW,TAOS,920,https://www.fenabrave.org.br/portal/files/2025_04_02.pdf
2025,4,2025-04,Automóveis,42,TOYOTA,YARIS HB,827,https://www.fenabrave.org.br/portal/files/2025_04_02.pdf
2025,4,2025-04,Automóveis,43,MITSUBISHI,ECLIPSE CROSS,820,https://www.fenabrave.org.br/portal/files/2025_04_02.pdf
2025,4,2025-04,Automóveis,44,NISSAN,VERSA,740,https://www.fenabrave.org.br/portal/files/2025_04_02.pdf
2025,4,2025-04,Automóveis,45,PEUGEOT,208,685,https://www.fenabrave.org.br/portal/files/2025_04_02.pdf
2025,4,2025-04,Automóveis,46,TOYOTA,YARIS SEDAN,599,https://www.fenabrave.org.br/portal/files/2025_04_02.pdf
2025,4,2025-04,Automóveis,47,BMW,X1,429,https://www.fenabrave.org.br/portal/files/2025_04_02.pdf
2025,4,2025-04,Automóveis,48,FORD,TERRITORY,380,https://www.fenabrave.org.br/portal/files/2025_04_02.pdf
2025,4,2025-04,Automóveis,49,CITROEN,C3 AIRCROSS,378,https://www.fenabrave.org.br/portal/files/2025_04_02.pdf
2025,4,2025-04,Automóveis,50,VOLVO,EX30,365,https://www.fenabrave.org.br/portal/files/2025_04_02.pdf
2025,4,2025-04,Comerciais leves,1,FIAT,STRADA,10075,https://www.fenabrave.org.br/portal/files/2025_04_02.pdf
2025,4,2025-04,Comerciais leves,2,VW,SAVEIRO,5458,https://www.fenabrave.org.br/portal/files/2025_04_02.pdf
2025,4,2025-04,Comerciais leves,3,FIAT,TORO,4502,https://www.fenabrave.org.br/portal/files/2025_04_02.pdf
2025,4,2025-04,Comerciais leves,4,TOYOTA,HILUX,3934,https://www.fenabrave.org.br/portal/files/2025_04_02.pdf
2025,4,2025-04,Comerciais leves,5,FORD,RANGER,2979,https://www.fenabrave.org.br/portal/files/2025_04_02.pdf
2025,4,2025-04,Comerciais leves,6,GM,S10,2695,https://www.fenabrave.org.br/portal/files/2025_04_02.pdf
2025,4,2025-04,Comerciais leves,7,RAM,RAMPAGE,1987,https://www.fenabrave.org.br/portal/files/2025_04_02.pdf
2025,4,2025-04,Comerciais leves,8,FIAT,FIORINO,1776,https://www.fenabrave.org.br/portal/files/2025_04_02.pdf
2025,4,2025-04,Comerciais leves,9,GM,MONTANA,1700,https://www.fenabrave.org.br/portal/files/2025_04_02.pdf
2025,4,2025-04,Comerciais leves,10,RENAULT,MASTER,1646,https://www.fenabrave.org.br/portal/files/2025_04_02.pdf
2025,4,2025-04,Comerciais leves,11,FIAT,TITANO,1069,https://www.fenabrave.org.br/portal/files/2025_04_02.pdf
2025,4,2025-04,Comerciais leves,12,RENAULT,OROCH,1042,https://www.fenabrave.org.br/portal/files/2025_04_02.pdf
2025,4,2025-04,Comerciais leves,13,MITSUBISHI,TRITON,781,https://www.fenabrave.org.br/portal/files/2025_04_02.pdf
2025,4,2025-04,Comerciais leves,14,MITSUBISHI,L200,632,https://www.fenabrave.org.br/portal/files/2025_04_02.pdf
2025,4,2025-04,Comerciais leves,15,FIAT,DUCATO,614,https://www.fenabrave.org.br/portal/files/2025_04_02.pdf
2025,4,2025-04,Comerciais leves,16,HYUNDAI,HR,361,https://www.fenabrave.org.br/portal/files/2025_04_02.pdf
2025,4,2025-04,Comerciais leves,17,NISSAN,FRONTIER,348,https://www.fenabrave.org.br/portal/files/2025_04_02.pdf
2025,4,2025-04,Comerciais leves,18,FIAT,SCUDO,323,https://www.fenabrave.org.br/portal/files/2025_04_02.pdf
2025,4,2025-04,Comerciais leves,19,KIA,K2500,249,https://www.fenabrave.org.br/portal/files/2025_04_02.pdf
2025,4,2025-04,Comerciais leves,20,RENAULT,KANGOO,247,https://www.fenabrave.org.br/portal/files/2025_04_02.pdf
2025,4,2025-04,Comerciais leves,21,IVECO,DAILY,229,https://www.fenabrave.org.br/portal/files/2025_04_02.pdf
2025,4,2025-04,Comerciais leves,22,RAM,3500,211,https://www.fenabrave.org.br/portal/files/2025_04_02.pdf
2025,4,2025-04,Comerciais leves,23,VW TRUCK E BUS,EXPRESS,202,https://www.fenabrave.org.br/portal/files/2025_04_02.pdf
2025,4,2025-04,Comerciais leves,24,FORD,TRANSIT,189,https://www.fenabrave.org.br/portal/files/2025_04_02.pdf
2025,4,2025-04,Comerciais leves,25,VW,AMAROK,159,https://www.fenabrave.org.br/portal/files/2025_04_02.pdf
2025,4,2025-04,Comerciais leves,26,BYD,SHARK,140,https://www.fenabrave.org.br/portal/files/2025_04_02.pdf
2025,4,2025-04,Comerciais leves,27,FORD,MAVERICK,130,https://www.fenabrave.org.br/portal/files/2025_04_02.pdf
2025,4,2025-04,Comerciais leves,28,RAM,1500,119,https://www.fenabrave.org.br/portal/files/2025_04_02.pdf
2025,4,2025-04,Comerciais leves,29,GM,SILVERADO,109,https://www.fenabrave.org.br/portal/files/2025_04_02.pdf
2025,4,2025-04,Comerciais leves,30,IVECO,DAILY 30-130,101,https://www.fenabrave.org.br/portal/files/2025_04_02.pdf
2025,4,2025-04,Comerciais leves,31,EFFA,V21,95,https://www.fenabrave.org.br/portal/files/2025_04_02.pdf
2025,4,2025-04,Comerciais leves,32,FORD,F150,75,https://www.fenabrave.org.br/portal/files/2025_04_02.pdf
2025,4,2025-04,Comerciais leves,33,RAM,2500,70,https://www.fenabrave.org.br/portal/files/2025_04_02.pdf
2025,4,2025-04,Comerciais leves,34,M.BENZ,SPRINTER 315,59,https://www.fenabrave.org.br/portal/files/2025_04_02.pdf
2025,4,2025-04,Comerciais leves,35,JAC,HUNTER,48,https://www.fenabrave.org.br/portal/files/2025_04_02.pdf
2025,4,2025-04,Comerciais leves,36,CITROEN,JUMPY,45,https://www.fenabrave.org.br/portal/files/2025_04_02.pdf
2025,4,2025-04,Comerciais leves,37,SHINERAY,P TRUCKS,41,https://www.fenabrave.org.br/portal/files/2025_04_02.pdf
2025,4,2025-04,Comerciais leves,38,PEUGEOT,BOXER,40,https://www.fenabrave.org.br/portal/files/2025_04_02.pdf
2025,4,2025-04,Comerciais leves,39,PEUGEOT,EXPERT,39,https://www.fenabrave.org.br/portal/files/2025_04_02.pdf
2025,4,2025-04,Comerciais leves,40,CITROEN,JUMPER,38,https://www.fenabrave.org.br/portal/files/2025_04_02.pdf
2025,4,2025-04,Comerciais leves,41,EFFA,V22,38,https://www.fenabrave.org.br/portal/files/2025_04_02.pdf
2025,4,2025-04,Comerciais leves,42,M.BENZ,SPRINTER 517,35,https://www.fenabrave.org.br/portal/files/2025_04_02.pdf
2025,4,2025-04,Comerciais leves,43,PEUGEOT,PARTNER,33,https://www.fenabrave.org.br/portal/files/2025_04_02.pdf
2025,4,2025-04,Comerciais leves,44,M.BENZ,SPRINTER,19,https://www.fenabrave.org.br/portal/files/2025_04_02.pdf
2025,4,2025-04,Comerciais leves,45,EFFA,V25,16,https://www.fenabrave.org.br/portal/files/2025_04_02.pdf
2025,4,2025-04,Comerciais leves,46,IVECO,DAILY 35-180,15,https://www.fenabrave.org.br/portal/files/2025_04_02.pdf
2025,4,2025-04,Comerciais leves,47,RENAULT,KWID,11,https://www.fenabrave.org.br/portal/files/2025_04_02.pdf
2025,4,2025-04,Comerciais leves,48,M.BENZ,SPRINTER 317,10,https://www.fenabrave.org.br/portal/files/2025_04_02.pdf
2025,4,2025-04,Comerciais leves,49,JEEP,GLADIATOR,9,https://www.fenabrave.org.br/portal/files/2025_04_02.pdf
2025,4,2025-04,Comerciais leves,50,FEVER,NEXTEM FN1000,8,https://www.fenabrave.org.br/portal/files/2025_04_02.pdf
2025,5,2025-05,Automóveis,1,VW,POLO,12911,https://www.fenabrave.org.br/portal/files/2025_05_02.pdf
2025,5,2025-05,Automóveis,2,VW,T CROSS,9408,https://www.fenabrave.org.br/portal/files/2025_05_02.pdf
2025,5,2025-05,Automóveis,3,FIAT,ARGO,9063,https://www.fenabrave.org.br/portal/files/2025_05_02.pdf
2025,5,2025-05,Automóveis,4,HYUNDAI,HB20,8673,https://www.fenabrave.org.br/portal/files/2025_05_02.pdf
2025,5,2025-05,Automóveis,5,FIAT,MOBI,6459,https://www.fenabrave.org.br/portal/files/2025_05_02.pdf
2025,5,2025-05,Automóveis,6,HONDA,HR-V,6406,https://www.fenabrave.org.br/portal/files/2025_05_02.pdf
2025,5,2025-05,Automóveis,7,GM,ONIX,6157,https://www.fenabrave.org.br/portal/files/2025_05_02.pdf
2025,5,2025-05,Automóveis,8,JEEP,COMPASS,5687,https://www.fenabrave.org.br/portal/files/2025_05_02.pdf
2025,5,2025-05,Automóveis,9,TOYOTA,COROLLA CROSS,5513,https://www.fenabrave.org.br/portal/files/2025_05_02.pdf
2025,5,2025-05,Automóveis,10,RENAULT,KWID,5344,https://www.fenabrave.org.br/portal/files/2025_05_02.pdf
2025,5,2025-05,Automóveis,11,HYUNDAI,CRETA,5333,https://www.fenabrave.org.br/portal/files/2025_05_02.pdf
2025,5,2025-05,Automóveis,12,FIAT,FASTBACK,4809,https://www.fenabrave.org.br/portal/files/2025_05_02.pdf
2025,5,2025-05,Automóveis,13,VW,NIVUS,4590,https://www.fenabrave.org.br/portal/files/2025_05_02.pdf
2025,5,2025-05,Automóveis,14,HYUNDAI,HB20S,4421,https://www.fenabrave.org.br/portal/files/2025_05_02.pdf
2025,5,2025-05,Automóveis,15,GM,TRACKER,4331,https://www.fenabrave.org.br/portal/files/2025_05_02.pdf
2025,5,2025-05,Automóveis,16,GM,ONIX PLUS,3924,https://www.fenabrave.org.br/portal/files/2025_05_02.pdf
2025,5,2025-05,Automóveis,17,JEEP,RENEGADE,3641,https://www.fenabrave.org.br/portal/files/2025_05_02.pdf
2025,5,2025-05,Automóveis,18,NISSAN,KICKS,3607,https://www.fenabrave.org.br/portal/files/2025_05_02.pdf
2025,5,2025-05,Automóveis,19,FIAT,PULSE,3351,https://www.fenabrave.org.br/portal/files/2025_05_02.pdf
2025,5,2025-05,Automóveis,20,VW,VIRTUS,3317,https://www.fenabrave.org.br/portal/files/2025_05_02.pdf
2025,5,2025-05,Automóveis,21,TOYOTA,COROLLA,3233,https://www.fenabrave.org.br/portal/files/2025_05_02.pdf
2025,5,2025-05,Automóveis,22,CAOA CHERY,TIGGO 7,3211,https://www.fenabrave.org.br/portal/files/2025_05_02.pdf
2025,5,2025-05,Automóveis,23,BYD,SONG,2899,https://www.fenabrave.org.br/portal/files/2025_05_02.pdf
2025,5,2025-05,Automóveis,24,FIAT,CRONOS,2677,https://www.fenabrave.org.br/portal/files/2025_05_02.pdf
2025,5,2025-05,Automóveis,25,BYD,DOLPHIN MINI,2575,https://www.fenabrave.org.br/portal/files/2025_05_02.pdf
2025,5,2025-05,Automóveis,26,GWM,HAVAL H6,2432,https://www.fenabrave.org.br/portal/files/2025_05_02.pdf
2025,5,2025-05,Automóveis,27,GM,SPIN,2195,https://www.fenabrave.org.br/portal/files/2025_05_02.pdf
2025,5,2025-05,Automóveis,28,CITROEN,BASALT,1873,https://www.fenabrave.org.br/portal/files/2025_05_02.pdf
2025,5,2025-05,Automóveis,29,BYD,DOLPHIN,1862,https://www.fenabrave.org.br/portal/files/2025_05_02.pdf
2025,5,2025-05,Automóveis,30,CAOA CHERY,TIGGO 8,1483,https://www.fenabrave.org.br/portal/files/2025_05_02.pdf
2025,5,2025-05,Automóveis,31,RENAULT,KARDIAN,1455,https://www.fenabrave.org.br/portal/files/2025_05_02.pdf
2025,5,2025-05,Automóveis,32,TOYOTA,HILUX SW4,1330,https://www.fenabrave.org.br/portal/files/2025_05_02.pdf
2025,5,2025-05,Automóveis,33,RENAULT,DUSTER,1321,https://www.fenabrave.org.br/portal/files/2025_05_02.pdf
2025,5,2025-05,Automóveis,34,HONDA,CITY,1301,https://www.fenabrave.org.br/portal/files/2025_05_02.pdf
2025,5,2025-05,Automóveis,35,CAOA CHERY,TIGGO 5X,1257,https://www.fenabrave.org.br/portal/files/2025_05_02.pdf
2025,5,2025-05,Automóveis,36,PEUGEOT,2008,1217,https://www.fenabrave.org.br/portal/files/2025_05_02.pdf
2025,5,2025-05,Automóveis,37,JEEP,COMMANDER,1198,https://www.fenabrave.org.br/portal/files/2025_05_02.pdf
2025,5,2025-05,Automóveis,38,HONDA,CITY HATCH,1195,https://www.fenabrave.org.br/portal/files/2025_05_02.pdf
2025,5,2025-05,Automóveis,39,VW,TAOS,975,https://www.fenabrave.org.br/portal/files/2025_05_02.pdf
2025,5,2025-05,Automóveis,40,CITROEN,C3,870,https://www.fenabrave.org.br/portal/files/2025_05_02.pdf
2025,5,2025-05,Automóveis,41,MITSUBISHI,ECLIPSE CROSS,842,https://www.fenabrave.org.br/portal/files/2025_05_02.pdf
2025,5,2025-05,Automóveis,42,BYD,KING,802,https://www.fenabrave.org.br/portal/files/2025_05_02.pdf
2025,5,2025-05,Automóveis,43,PEUGEOT,208,771,https://www.fenabrave.org.br/portal/files/2025_05_02.pdf
2025,5,2025-05,Automóveis,44,BYD,YUAN,751,https://www.fenabrave.org.br/portal/files/2025_05_02.pdf
2025,5,2025-05,Automóveis,45,GWM,TANK 300,603,https://www.fenabrave.org.br/portal/files/2025_05_02.pdf
2025,5,2025-05,Automóveis,46,NISSAN,VERSA,562,https://www.fenabrave.org.br/portal/files/2025_05_02.pdf
2025,5,2025-05,Automóveis,47,NISSAN,SENTRA,538,https://www.fenabrave.org.br/portal/files/2025_05_02.pdf
2025,5,2025-05,Automóveis,48,TOYOTA,YARIS HB,530,https://www.fenabrave.org.br/portal/files/2025_05_02.pdf
2025,5,2025-05,Automóveis,49,BMW,X1,463,https://www.fenabrave.org.br/portal/files/2025_05_02.pdf
2025,5,2025-05,Automóveis,50,VOLVO,EX30,429,https://www.fenabrave.org.br/portal/files/2025_05_02.pdf
2025,5,2025-05,Comerciais leves,1,FIAT,STRADA,11854,https://www.fenabrave.org.br/portal/files/2025_05_02.pdf
2025,5,2025-05,Comerciais leves,2,VW,SAVEIRO,5536,https://www.fenabrave.org.br/portal/files/2025_05_02.pdf
2025,5,2025-05,Comerciais leves,3,FIAT,TORO,4690,https://www.fenabrave.org.br/portal/files/2025_05_02.pdf
2025,5,2025-05,Comerciais leves,4,TOYOTA,HILUX,4425,https://www.fenabrave.org.br/portal/files/2025_05_02.pdf
2025,5,2025-05,Comerciais leves,5,GM,S10,2770,https://www.fenabrave.org.br/portal/files/2025_05_02.pdf
2025,5,2025-05,Comerciais leves,6,FORD,RANGER,2670,https://www.fenabrave.org.br/portal/files/2025_05_02.pdf
2025,5,2025-05,Comerciais leves,7,RAM,RAMPAGE,2182,https://www.fenabrave.org.br/portal/files/2025_05_02.pdf
2025,5,2025-05,Comerciais leves,8,FIAT,FIORINO,2044,https://www.fenabrave.org.br/portal/files/2025_05_02.pdf
2025,5,2025-05,Comerciais leves,9,GM,MONTANA,1872,https://www.fenabrave.org.br/portal/files/2025_05_02.pdf
2025,5,2025-05,Comerciais leves,10,RENAULT,MASTER,1454,https://www.fenabrave.org.br/portal/files/2025_05_02.pdf
2025,5,2025-05,Comerciais leves,11,MITSUBISHI,TRITON,892,https://www.fenabrave.org.br/portal/files/2025_05_02.pdf
2025,5,2025-05,Comerciais leves,12,RENAULT,OROCH,872,https://www.fenabrave.org.br/portal/files/2025_05_02.pdf
2025,5,2025-05,Comerciais leves,13,FIAT,TITANO,657,https://www.fenabrave.org.br/portal/files/2025_05_02.pdf
2025,5,2025-05,Comerciais leves,14,MITSUBISHI,L200,571,https://www.fenabrave.org.br/portal/files/2025_05_02.pdf
2025,5,2025-05,Comerciais leves,15,RENAULT,KANGOO,424,https://www.fenabrave.org.br/portal/files/2025_05_02.pdf
2025,5,2025-05,Comerciais leves,16,IVECO,DAILY,378,https://www.fenabrave.org.br/portal/files/2025_05_02.pdf
2025,5,2025-05,Comerciais leves,17,HYUNDAI,HR,376,https://www.fenabrave.org.br/portal/files/2025_05_02.pdf
2025,5,2025-05,Comerciais leves,18,NISSAN,FRONTIER,363,https://www.fenabrave.org.br/portal/files/2025_05_02.pdf
2025,5,2025-05,Comerciais leves,19,FORD,TRANSIT,333,https://www.fenabrave.org.br/portal/files/2025_05_02.pdf
2025,5,2025-05,Comerciais leves,20,FIAT,DUCATO,274,https://www.fenabrave.org.br/portal/files/2025_05_02.pdf
2025,5,2025-05,Comerciais leves,21,KIA,K2500,255,https://www.fenabrave.org.br/portal/files/2025_05_02.pdf
2025,5,2025-05,Comerciais leves,22,FIAT,SCUDO,215,https://www.fenabrave.org.br/portal/files/2025_05_02.pdf
2025,5,2025-05,Comerciais leves,23,VW TRUCK E BUS,EXPRESS,211,https://www.fenabrave.org.br/portal/files/2025_05_02.pdf
2025,5,2025-05,Comerciais leves,24,RAM,3500,192,https://www.fenabrave.org.br/portal/files/2025_05_02.pdf
2025,5,2025-05,Comerciais leves,25,FORD,MAVERICK,149,https://www.fenabrave.org.br/portal/files/2025_05_02.pdf
2025,5,2025-05,Comerciais leves,26,IVECO,DAILY 30-130,136,https://www.fenabrave.org.br/portal/files/2025_05_02.pdf
2025,5,2025-05,Comerciais leves,27,EFFA,V21,134,https://www.fenabrave.org.br/portal/files/2025_05_02.pdf
2025,5,2025-05,Comerciais leves,28,BYD,SHARK,103,https://www.fenabrave.org.br/portal/files/2025_05_02.pdf
2025,5,2025-05,Comerciais leves,29,FORD,F150,96,https://www.fenabrave.org.br/portal/files/2025_05_02.pdf
2025,5,2025-05,Comerciais leves,30,RAM,1500,89,https://www.fenabrave.org.br/portal/files/2025_05_02.pdf
2025,5,2025-05,Comerciais leves,31,RAM,2500,78,https://www.fenabrave.org.br/portal/files/2025_05_02.pdf
2025,5,2025-05,Comerciais leves,32,GM,SILVERADO,65,https://www.fenabrave.org.br/portal/files/2025_05_02.pdf
2025,5,2025-05,Comerciais leves,33,PEUGEOT,EXPERT,48,https://www.fenabrave.org.br/portal/files/2025_05_02.pdf
2025,5,2025-05,Comerciais leves,34,M.BENZ,SPRINTER 315,47,https://www.fenabrave.org.br/portal/files/2025_05_02.pdf
2025,5,2025-05,Comerciais leves,35,CITROEN,JUMPER,40,https://www.fenabrave.org.br/portal/files/2025_05_02.pdf
2025,5,2025-05,Comerciais leves,36,SHINERAY,P TRUCKS,40,https://www.fenabrave.org.br/portal/files/2025_05_02.pdf
2025,5,2025-05,Comerciais leves,37,VW,AMAROK,30,https://www.fenabrave.org.br/portal/files/2025_05_02.pdf
2025,5,2025-05,Comerciais leves,38,PEUGEOT,PARTNER,29,https://www.fenabrave.org.br/portal/files/2025_05_02.pdf
2025,5,2025-05,Comerciais leves,39,PEUGEOT,BOXER,26,https://www.fenabrave.org.br/portal/files/2025_05_02.pdf
2025,5,2025-05,Comerciais leves,40,M.BENZ,SPRINTER 317,24,https://www.fenabrave.org.br/portal/files/2025_05_02.pdf
2025,5,2025-05,Comerciais leves,41,EFFA,V22,23,https://www.fenabrave.org.br/portal/files/2025_05_02.pdf
2025,5,2025-05,Comerciais leves,42,M.BENZ,SPRINTER 517,21,https://www.fenabrave.org.br/portal/files/2025_05_02.pdf
2025,5,2025-05,Comerciais leves,43,JAC,HUNTER,17,https://www.fenabrave.org.br/portal/files/2025_05_02.pdf
2025,5,2025-05,Comerciais leves,44,IVECO,DAILY 35-180,16,https://www.fenabrave.org.br/portal/files/2025_05_02.pdf
2025,5,2025-05,Comerciais leves,45,EFFA,V25,16,https://www.fenabrave.org.br/portal/files/2025_05_02.pdf
2025,5,2025-05,Comerciais leves,46,CITROEN,JUMPY,13,https://www.fenabrave.org.br/portal/files/2025_05_02.pdf
2025,5,2025-05,Comerciais leves,47,M.BENZ,SPRINTER,13,https://www.fenabrave.org.br/portal/files/2025_05_02.pdf
2025,5,2025-05,Comerciais leves,48,RENAULT,KWID,7,https://www.fenabrave.org.br/portal/files/2025_05_02.pdf
2025,5,2025-05,Comerciais leves,49,FORD,ETRANSIT,6,https://www.fenabrave.org.br/portal/files/2025_05_02.pdf
2025,5,2025-05,Comerciais leves,50,FEVER,NEXTEM FN1000,6,https://www.fenabrave.org.br/portal/files/2025_05_02.pdf
2025,6,2025-06,Automóveis,1,VW,POLO,11492,https://www.fenabrave.org.br/portal/files/2025_06_02.pdf
2025,6,2025-06,Automóveis,2,VW,T CROSS,8629,https://www.fenabrave.org.br/portal/files/2025_06_02.pdf
2025,6,2025-06,Automóveis,3,FIAT,ARGO,7235,https://www.fenabrave.org.br/portal/files/2025_06_02.pdf
2025,6,2025-06,Automóveis,4,HYUNDAI,HB20,6917,https://www.fenabrave.org.br/portal/files/2025_06_02.pdf
2025,6,2025-06,Automóveis,5,GM,ONIX,6782,https://www.fenabrave.org.br/portal/files/2025_06_02.pdf
2025,6,2025-06,Automóveis,6,HYUNDAI,CRETA,6415,https://www.fenabrave.org.br/portal/files/2025_06_02.pdf
2025,6,2025-06,Automóveis,7,FIAT,MOBI,6347,https://www.fenabrave.org.br/portal/files/2025_06_02.pdf
2025,6,2025-06,Automóveis,8,HONDA,HR-V,6179,https://www.fenabrave.org.br/portal/files/2025_06_02.pdf
2025,6,2025-06,Automóveis,9,TOYOTA,COROLLA CROSS,5335,https://www.fenabrave.org.br/portal/files/2025_06_02.pdf
2025,6,2025-06,Automóveis,10,RENAULT,KWID,5324,https://www.fenabrave.org.br/portal/files/2025_06_02.pdf
2025,6,2025-06,Automóveis,11,GM,TRACKER,4993,https://www.fenabrave.org.br/portal/files/2025_06_02.pdf
2025,6,2025-06,Automóveis,12,FIAT,FASTBACK,4930,https://www.fenabrave.org.br/portal/files/2025_06_02.pdf
2025,6,2025-06,Automóveis,13,VW,NIVUS,4731,https://www.fenabrave.org.br/portal/files/2025_06_02.pdf
2025,6,2025-06,Automóveis,14,JEEP,COMPASS,4546,https://www.fenabrave.org.br/portal/files/2025_06_02.pdf
2025,6,2025-06,Automóveis,15,FIAT,PULSE,3823,https://www.fenabrave.org.br/portal/files/2025_06_02.pdf
2025,6,2025-06,Automóveis,16,VW,VIRTUS,3719,https://www.fenabrave.org.br/portal/files/2025_06_02.pdf
2025,6,2025-06,Automóveis,17,GM,ONIX PLUS,3494,https://www.fenabrave.org.br/portal/files/2025_06_02.pdf
2025,6,2025-06,Automóveis,18,JEEP,RENEGADE,3411,https://www.fenabrave.org.br/portal/files/2025_06_02.pdf
2025,6,2025-06,Automóveis,19,NISSAN,KICKS,3394,https://www.fenabrave.org.br/portal/files/2025_06_02.pdf
2025,6,2025-06,Automóveis,20,TOYOTA,COROLLA,3004,https://www.fenabrave.org.br/portal/files/2025_06_02.pdf
2025,6,2025-06,Automóveis,21,BYD,SONG,2805,https://www.fenabrave.org.br/portal/files/2025_06_02.pdf
2025,6,2025-06,Automóveis,22,CAOA CHERY,TIGGO 7,2589,https://www.fenabrave.org.br/portal/files/2025_06_02.pdf
2025,6,2025-06,Automóveis,23,VW,TERA,2555,https://www.fenabrave.org.br/portal/files/2025_06_02.pdf
2025,6,2025-06,Automóveis,24,GWM,HAVAL H6,2497,https://www.fenabrave.org.br/portal/files/2025_06_02.pdf
2025,6,2025-06,Automóveis,25,HYUNDAI,HB20S,2241,https://www.fenabrave.org.br/portal/files/2025_06_02.pdf
2025,6,2025-06,Automóveis,26,GM,SPIN,1975,https://www.fenabrave.org.br/portal/files/2025_06_02.pdf
2025,6,2025-06,Automóveis,27,FIAT,CRONOS,1919,https://www.fenabrave.org.br/portal/files/2025_06_02.pdf
2025,6,2025-06,Automóveis,28,BYD,DOLPHIN MINI,1913,https://www.fenabrave.org.br/portal/files/2025_06_02.pdf
2025,6,2025-06,Automóveis,29,CITROEN,BASALT,1565,https://www.fenabrave.org.br/portal/files/2025_06_02.pdf
2025,6,2025-06,Automóveis,30,BYD,DOLPHIN,1490,https://www.fenabrave.org.br/portal/files/2025_06_02.pdf
2025,6,2025-06,Automóveis,31,HONDA,CITY,1453,https://www.fenabrave.org.br/portal/files/2025_06_02.pdf
2025,6,2025-06,Automóveis,32,RENAULT,DUSTER,1426,https://www.fenabrave.org.br/portal/files/2025_06_02.pdf
2025,6,2025-06,Automóveis,33,TOYOTA,HILUX SW4,1343,https://www.fenabrave.org.br/portal/files/2025_06_02.pdf
2025,6,2025-06,Automóveis,34,RENAULT,KARDIAN,1240,https://www.fenabrave.org.br/portal/files/2025_06_02.pdf
2025,6,2025-06,Automóveis,35,HONDA,CITY HATCH,1205,https://www.fenabrave.org.br/portal/files/2025_06_02.pdf
2025,6,2025-06,Automóveis,36,JEEP,COMMANDER,1194,https://www.fenabrave.org.br/portal/files/2025_06_02.pdf
2025,6,2025-06,Automóveis,37,CITROEN,C3,1146,https://www.fenabrave.org.br/portal/files/2025_06_02.pdf
2025,6,2025-06,Automóveis,38,CAOA CHERY,TIGGO 8,1062,https://www.fenabrave.org.br/portal/files/2025_06_02.pdf
2025,6,2025-06,Automóveis,39,NISSAN,VERSA,949,https://www.fenabrave.org.br/portal/files/2025_06_02.pdf
2025,6,2025-06,Automóveis,40,VW,TAOS,889,https://www.fenabrave.org.br/portal/files/2025_06_02.pdf
2025,6,2025-06,Automóveis,41,PEUGEOT,2008,869,https://www.fenabrave.org.br/portal/files/2025_06_02.pdf
2025,6,2025-06,Automóveis,42,MITSUBISHI,ECLIPSE CROSS,833,https://www.fenabrave.org.br/portal/files/2025_06_02.pdf
2025,6,2025-06,Automóveis,43,CAOA CHERY,TIGGO 5X,822,https://www.fenabrave.org.br/portal/files/2025_06_02.pdf
2025,6,2025-06,Automóveis,44,BYD,KING,797,https://www.fenabrave.org.br/portal/files/2025_06_02.pdf
2025,6,2025-06,Automóveis,45,PEUGEOT,208,796,https://www.fenabrave.org.br/portal/files/2025_06_02.pdf
2025,6,2025-06,Automóveis,46,BYD,YUAN,743,https://www.fenabrave.org.br/portal/files/2025_06_02.pdf
2025,6,2025-06,Automóveis,47,CITROEN,C3 AIRCROSS,636,https://www.fenabrave.org.br/portal/files/2025_06_02.pdf
2025,6,2025-06,Automóveis,48,NISSAN,SENTRA,524,https://www.fenabrave.org.br/portal/files/2025_06_02.pdf
2025,6,2025-06,Automóveis,49,JAECOO,7,381,https://www.fenabrave.org.br/portal/files/2025_06_02.pdf
2025,6,2025-06,Automóveis,50,FORD,BRONCO,378,https://www.fenabrave.org.br/portal/files/2025_06_02.pdf
2025,6,2025-06,Comerciais leves,1,FIAT,STRADA,11474,https://www.fenabrave.org.br/portal/files/2025_06_02.pdf
2025,6,2025-06,Comerciais leves,2,VW,SAVEIRO,4849,https://www.fenabrave.org.br/portal/files/2025_06_02.pdf
2025,6,2025-06,Comerciais leves,3,TOYOTA,HILUX,4576,https://www.fenabrave.org.br/portal/files/2025_06_02.pdf
2025,6,2025-06,Comerciais leves,4,FIAT,TORO,3414,https://www.fenabrave.org.br/portal/files/2025_06_02.pdf
2025,6,2025-06,Comerciais leves,5,FORD,RANGER,2961,https://www.fenabrave.org.br/portal/files/2025_06_02.pdf
2025,6,2025-06,Comerciais leves,6,GM,S10,2612,https://www.fenabrave.org.br/portal/files/2025_06_02.pdf
2025,6,2025-06,Comerciais leves,7,FIAT,FIORINO,2224,https://www.fenabrave.org.br/portal/files/2025_06_02.pdf
2025,6,2025-06,Comerciais leves,8,RAM,RAMPAGE,2000,https://www.fenabrave.org.br/portal/files/2025_06_02.pdf
2025,6,2025-06,Comerciais leves,9,GM,MONTANA,1692,https://www.fenabrave.org.br/portal/files/2025_06_02.pdf
2025,6,2025-06,Comerciais leves,10,RENAULT,MASTER,1080,https://www.fenabrave.org.br/portal/files/2025_06_02.pdf
2025,6,2025-06,Comerciais leves,11,MITSUBISHI,TRITON,983,https://www.fenabrave.org.br/portal/files/2025_06_02.pdf
2025,6,2025-06,Comerciais leves,12,RENAULT,OROCH,907,https://www.fenabrave.org.br/portal/files/2025_06_02.pdf
2025,6,2025-06,Comerciais leves,13,RENAULT,KANGOO,418,https://www.fenabrave.org.br/portal/files/2025_06_02.pdf
2025,6,2025-06,Comerciais leves,14,HYUNDAI,HR,349,https://www.fenabrave.org.br/portal/files/2025_06_02.pdf
2025,6,2025-06,Comerciais leves,15,MITSUBISHI,L200,343,https://www.fenabrave.org.br/portal/files/2025_06_02.pdf
2025,6,2025-06,Comerciais leves,16,NISSAN,FRONTIER,313,https://www.fenabrave.org.br/portal/files/2025_06_02.pdf
2025,6,2025-06,Comerciais leves,17,FORD,MAVERICK,242,https://www.fenabrave.org.br/portal/files/2025_06_02.pdf
2025,6,2025-06,Comerciais leves,18,IVECO,DAILY,221,https://www.fenabrave.org.br/portal/files/2025_06_02.pdf
2025,6,2025-06,Comerciais leves,19,VW TRUCK E BUS,EXPRESS,198,https://www.fenabrave.org.br/portal/files/2025_06_02.pdf
2025,6,2025-06,Comerciais leves,20,IVECO,DAILY 30-130,186,https://www.fenabrave.org.br/portal/files/2025_06_02.pdf
2025,6,2025-06,Comerciais leves,21,KIA,K2500,186,https://www.fenabrave.org.br/portal/files/2025_06_02.pdf
2025,6,2025-06,Comerciais leves,22,FIAT,TITANO,170,https://www.fenabrave.org.br/portal/files/2025_06_02.pdf
2025,6,2025-06,Comerciais leves,23,FORD,TRANSIT,167,https://www.fenabrave.org.br/portal/files/2025_06_02.pdf
2025,6,2025-06,Comerciais leves,24,EFFA,V21,164,https://www.fenabrave.org.br/portal/files/2025_06_02.pdf
2025,6,2025-06,Comerciais leves,25,FIAT,DUCATO,150,https://www.fenabrave.org.br/portal/files/2025_06_02.pdf
2025,6,2025-06,Comerciais leves,26,FIAT,SCUDO,144,https://www.fenabrave.org.br/portal/files/2025_06_02.pdf
2025,6,2025-06,Comerciais leves,27,RAM,3500,103,https://www.fenabrave.org.br/portal/files/2025_06_02.pdf
2025,6,2025-06,Comerciais leves,28,RAM,1500,93,https://www.fenabrave.org.br/portal/files/2025_06_02.pdf
2025,6,2025-06,Comerciais leves,29,BYD,SHARK,86,https://www.fenabrave.org.br/portal/files/2025_06_02.pdf
2025,6,2025-06,Comerciais leves,30,FORD,F150,65,https://www.fenabrave.org.br/portal/files/2025_06_02.pdf
2025,6,2025-06,Comerciais leves,31,GM,SILVERADO,63,https://www.fenabrave.org.br/portal/files/2025_06_02.pdf
2025,6,2025-06,Comerciais leves,32,RAM,2500,55,https://www.fenabrave.org.br/portal/files/2025_06_02.pdf
2025,6,2025-06,Comerciais leves,33,SHINERAY,P TRUCKS,52,https://www.fenabrave.org.br/portal/files/2025_06_02.pdf
2025,6,2025-06,Comerciais leves,34,M.BENZ,SPRINTER 315,51,https://www.fenabrave.org.br/portal/files/2025_06_02.pdf
2025,6,2025-06,Comerciais leves,35,FOTON,TUNLAND,45,https://www.fenabrave.org.br/portal/files/2025_06_02.pdf
2025,6,2025-06,Comerciais leves,36,EFFA,V22,43,https://www.fenabrave.org.br/portal/files/2025_06_02.pdf
2025,6,2025-06,Comerciais leves,37,PEUGEOT,EXPERT,41,https://www.fenabrave.org.br/portal/files/2025_06_02.pdf
2025,6,2025-06,Comerciais leves,38,JAC,HUNTER,41,https://www.fenabrave.org.br/portal/files/2025_06_02.pdf
2025,6,2025-06,Comerciais leves,39,PEUGEOT,PARTNER,33,https://www.fenabrave.org.br/portal/files/2025_06_02.pdf
2025,6,2025-06,Comerciais leves,40,CITROEN,JUMPY,32,https://www.fenabrave.org.br/portal/files/2025_06_02.pdf
2025,6,2025-06,Comerciais leves,41,M.BENZ,ESPRINTER 320,31,https://www.fenabrave.org.br/portal/files/2025_06_02.pdf
2025,6,2025-06,Comerciais leves,42,M.BENZ,SPRINTER 317,31,https://www.fenabrave.org.br/portal/files/2025_06_02.pdf
2025,6,2025-06,Comerciais leves,43,PEUGEOT,BOXER,25,https://www.fenabrave.org.br/portal/files/2025_06_02.pdf
2025,6,2025-06,Comerciais leves,44,CITROEN,JUMPER,22,https://www.fenabrave.org.br/portal/files/2025_06_02.pdf
2025,6,2025-06,Comerciais leves,45,IVECO,DAILY 35-180,14,https://www.fenabrave.org.br/portal/files/2025_06_02.pdf
2025,6,2025-06,Comerciais leves,46,M.BENZ,SPRINTER,13,https://www.fenabrave.org.br/portal/files/2025_06_02.pdf
2025,6,2025-06,Comerciais leves,47,KIA,UK2500,12,https://www.fenabrave.org.br/portal/files/2025_06_02.pdf
2025,6,2025-06,Comerciais leves,48,M.BENZ,SPRINTER 517,12,https://www.fenabrave.org.br/portal/files/2025_06_02.pdf
2025,6,2025-06,Comerciais leves,49,VW,AMAROK,10,https://www.fenabrave.org.br/portal/files/2025_06_02.pdf
2025,6,2025-06,Comerciais leves,50,EFFA,V25,10,https://www.fenabrave.org.br/portal/files/2025_06_02.pdf
2025,7,2025-07,Automóveis,1,VW,POLO,12940,https://www.fenabrave.org.br/portal/files/2025_07_02.pdf
2025,7,2025-07,Automóveis,2,FIAT,ARGO,9966,https://www.fenabrave.org.br/portal/files/2025_07_02.pdf
2025,7,2025-07,Automóveis,3,VW,T CROSS,9022,https://www.fenabrave.org.br/portal/files/2025_07_02.pdf
2025,7,2025-07,Automóveis,4,FIAT,MOBI,8099,https://www.fenabrave.org.br/portal/files/2025_07_02.pdf
2025,7,2025-07,Automóveis,5,HYUNDAI,CRETA,7856,https://www.fenabrave.org.br/portal/files/2025_07_02.pdf
2025,7,2025-07,Automóveis,6,GM,ONIX,7689,https://www.fenabrave.org.br/portal/files/2025_07_02.pdf
2025,7,2025-07,Automóveis,7,GM,TRACKER,6974,https://www.fenabrave.org.br/portal/files/2025_07_02.pdf
2025,7,2025-07,Automóveis,8,TOYOTA,COROLLA CROSS,6866,https://www.fenabrave.org.br/portal/files/2025_07_02.pdf
2025,7,2025-07,Automóveis,9,NISSAN,KICKS,6341,https://www.fenabrave.org.br/portal/files/2025_07_02.pdf
2025,7,2025-07,Automóveis,10,FIAT,FASTBACK,6207,https://www.fenabrave.org.br/portal/files/2025_07_02.pdf
2025,7,2025-07,Automóveis,11,VW,NIVUS,5777,https://www.fenabrave.org.br/portal/files/2025_07_02.pdf
2025,7,2025-07,Automóveis,12,HYUNDAI,HB20,5519,https://www.fenabrave.org.br/portal/files/2025_07_02.pdf
2025,7,2025-07,Automóveis,13,JEEP,COMPASS,4935,https://www.fenabrave.org.br/portal/files/2025_07_02.pdf
2025,7,2025-07,Automóveis,14,FIAT,PULSE,4836,https://www.fenabrave.org.br/portal/files/2025_07_02.pdf
2025,7,2025-07,Automóveis,15,HONDA,HR-V,4086,https://www.fenabrave.org.br/portal/files/2025_07_02.pdf
2025,7,2025-07,Automóveis,16,VW,VIRTUS,3863,https://www.fenabrave.org.br/portal/files/2025_07_02.pdf
2025,7,2025-07,Automóveis,17,RENAULT,KWID,3726,https://www.fenabrave.org.br/portal/files/2025_07_02.pdf
2025,7,2025-07,Automóveis,18,CAOA CHERY,TIGGO 7,3721,https://www.fenabrave.org.br/portal/files/2025_07_02.pdf
2025,7,2025-07,Automóveis,19,JEEP,RENEGADE,3711,https://www.fenabrave.org.br/portal/files/2025_07_02.pdf
2025,7,2025-07,Automóveis,20,GWM,HAVAL H6,3339,https://www.fenabrave.org.br/portal/files/2025_07_02.pdf
2025,7,2025-07,Automóveis,21,VW,TERA,3244,https://www.fenabrave.org.br/portal/files/2025_07_02.pdf
2025,7,2025-07,Automóveis,22,TOYOTA,COROLLA,3170,https://www.fenabrave.org.br/portal/files/2025_07_02.pdf
2025,7,2025-07,Automóveis,23,BYD,SONG,3164,https://www.fenabrave.org.br/portal/files/2025_07_02.pdf
2025,7,2025-07,Automóveis,24,GM,ONIX PLUS,3108,https://www.fenabrave.org.br/portal/files/2025_07_02.pdf
2025,7,2025-07,Automóveis,25,BYD,DOLPHIN MINI,3011,https://www.fenabrave.org.br/portal/files/2025_07_02.pdf
2025,7,2025-07,Automóveis,26,HYUNDAI,HB20S,2638,https://www.fenabrave.org.br/portal/files/2025_07_02.pdf
2025,7,2025-07,Automóveis,27,GM,SPIN,1942,https://www.fenabrave.org.br/portal/files/2025_07_02.pdf
2025,7,2025-07,Automóveis,28,FIAT,CRONOS,1894,https://www.fenabrave.org.br/portal/files/2025_07_02.pdf
2025,7,2025-07,Automóveis,29,RENAULT,DUSTER,1851,https://www.fenabrave.org.br/portal/files/2025_07_02.pdf
2025,7,2025-07,Automóveis,30,CITROEN,BASALT,1613,https://www.fenabrave.org.br/portal/files/2025_07_02.pdf
2025,7,2025-07,Automóveis,31,HONDA,CITY,1565,https://www.fenabrave.org.br/portal/files/2025_07_02.pdf
2025,7,2025-07,Automóveis,32,TOYOTA,HILUX SW4,1500,https://www.fenabrave.org.br/portal/files/2025_07_02.pdf
2025,7,2025-07,Automóveis,33,CAOA CHERY,TIGGO 8,1440,https://www.fenabrave.org.br/portal/files/2025_07_02.pdf
2025,7,2025-07,Automóveis,34,CAOA CHERY,TIGGO 5X,1434,https://www.fenabrave.org.br/portal/files/2025_07_02.pdf
2025,7,2025-07,Automóveis,35,HONDA,CITY HATCH,1427,https://www.fenabrave.org.br/portal/files/2025_07_02.pdf
2025,7,2025-07,Automóveis,36,RENAULT,KARDIAN,1332,https://www.fenabrave.org.br/portal/files/2025_07_02.pdf
2025,7,2025-07,Automóveis,37,JEEP,COMMANDER,1312,https://www.fenabrave.org.br/portal/files/2025_07_02.pdf
2025,7,2025-07,Automóveis,38,BYD,DOLPHIN,1305,https://www.fenabrave.org.br/portal/files/2025_07_02.pdf
2025,7,2025-07,Automóveis,39,MITSUBISHI,ECLIPSE CROSS,1096,https://www.fenabrave.org.br/portal/files/2025_07_02.pdf
2025,7,2025-07,Automóveis,40,CITROEN,C3,1086,https://www.fenabrave.org.br/portal/files/2025_07_02.pdf
2025,7,2025-07,Automóveis,41,BYD,KING,964,https://www.fenabrave.org.br/portal/files/2025_07_02.pdf
2025,7,2025-07,Automóveis,42,PEUGEOT,2008,944,https://www.fenabrave.org.br/portal/files/2025_07_02.pdf
2025,7,2025-07,Automóveis,43,NISSAN,VERSA,930,https://www.fenabrave.org.br/portal/files/2025_07_02.pdf
2025,7,2025-07,Automóveis,44,FORD,TERRITORY,916,https://www.fenabrave.org.br/portal/files/2025_07_02.pdf
2025,7,2025-07,Automóveis,45,VW,TAOS,882,https://www.fenabrave.org.br/portal/files/2025_07_02.pdf
2025,7,2025-07,Automóveis,46,PEUGEOT,208,865,https://www.fenabrave.org.br/portal/files/2025_07_02.pdf
2025,7,2025-07,Automóveis,47,BYD,YUAN,860,https://www.fenabrave.org.br/portal/files/2025_07_02.pdf
2025,7,2025-07,Automóveis,48,OMODA JAECOO,JAECOO 7,620,https://www.fenabrave.org.br/portal/files/2025_07_02.pdf
2025,7,2025-07,Automóveis,49,FORD,BRONCO,551,https://www.fenabrave.org.br/portal/files/2025_07_02.pdf
2025,7,2025-07,Automóveis,50,BMW,X1,542,https://www.fenabrave.org.br/portal/files/2025_07_02.pdf
2025,7,2025-07,Comerciais leves,1,FIAT,STRADA,12895,https://www.fenabrave.org.br/portal/files/2025_07_02.pdf
2025,7,2025-07,Comerciais leves,2,VW,SAVEIRO,5696,https://www.fenabrave.org.br/portal/files/2025_07_02.pdf
2025,7,2025-07,Comerciais leves,3,TOYOTA,HILUX,5370,https://www.fenabrave.org.br/portal/files/2025_07_02.pdf
2025,7,2025-07,Comerciais leves,4,FIAT,TORO,3985,https://www.fenabrave.org.br/portal/files/2025_07_02.pdf
2025,7,2025-07,Comerciais leves,5,FORD,RANGER,3104,https://www.fenabrave.org.br/portal/files/2025_07_02.pdf
2025,7,2025-07,Comerciais leves,6,GM,S10,2649,https://www.fenabrave.org.br/portal/files/2025_07_02.pdf
2025,7,2025-07,Comerciais leves,7,RAM,RAMPAGE,1976,https://www.fenabrave.org.br/portal/files/2025_07_02.pdf
2025,7,2025-07,Comerciais leves,8,FIAT,FIORINO,1799,https://www.fenabrave.org.br/portal/files/2025_07_02.pdf
2025,7,2025-07,Comerciais leves,9,GM,MONTANA,1655,https://www.fenabrave.org.br/portal/files/2025_07_02.pdf
2025,7,2025-07,Comerciais leves,10,RENAULT,MASTER,1512,https://www.fenabrave.org.br/portal/files/2025_07_02.pdf
2025,7,2025-07,Comerciais leves,11,MITSUBISHI,TRITON,1058,https://www.fenabrave.org.br/portal/files/2025_07_02.pdf
2025,7,2025-07,Comerciais leves,12,RENAULT,OROCH,940,https://www.fenabrave.org.br/portal/files/2025_07_02.pdf
2025,7,2025-07,Comerciais leves,13,FORD,MAVERICK,705,https://www.fenabrave.org.br/portal/files/2025_07_02.pdf
2025,7,2025-07,Comerciais leves,14,RENAULT,KANGOO,498,https://www.fenabrave.org.br/portal/files/2025_07_02.pdf
2025,7,2025-07,Comerciais leves,15,FIAT,TITANO,415,https://www.fenabrave.org.br/portal/files/2025_07_02.pdf
2025,7,2025-07,Comerciais leves,16,IVECO,DAILY,350,https://www.fenabrave.org.br/portal/files/2025_07_02.pdf
2025,7,2025-07,Comerciais leves,17,HYUNDAI,HR,338,https://www.fenabrave.org.br/portal/files/2025_07_02.pdf
2025,7,2025-07,Comerciais leves,18,FIAT,SCUDO,317,https://www.fenabrave.org.br/portal/files/2025_07_02.pdf
2025,7,2025-07,Comerciais leves,19,FORD,TRANSIT,307,https://www.fenabrave.org.br/portal/files/2025_07_02.pdf
2025,7,2025-07,Comerciais leves,20,NISSAN,FRONTIER,267,https://www.fenabrave.org.br/portal/files/2025_07_02.pdf
2025,7,2025-07,Comerciais leves,21,MITSUBISHI,L200,244,https://www.fenabrave.org.br/portal/files/2025_07_02.pdf
2025,7,2025-07,Comerciais leves,22,EFFA,V21,230,https://www.fenabrave.org.br/portal/files/2025_07_02.pdf
2025,7,2025-07,Comerciais leves,23,VW TRUCK E BUS,EXPRESS,212,https://www.fenabrave.org.br/portal/files/2025_07_02.pdf
2025,7,2025-07,Comerciais leves,24,FIAT,DUCATO,182,https://www.fenabrave.org.br/portal/files/2025_07_02.pdf
2025,7,2025-07,Comerciais leves,25,IVECO,DAILY 30-130,180,https://www.fenabrave.org.br/portal/files/2025_07_02.pdf
2025,7,2025-07,Comerciais leves,26,KIA,K2500,172,https://www.fenabrave.org.br/portal/files/2025_07_02.pdf
2025,7,2025-07,Comerciais leves,27,FORD,F150,113,https://www.fenabrave.org.br/portal/files/2025_07_02.pdf
2025,7,2025-07,Comerciais leves,28,RAM,1500,100,https://www.fenabrave.org.br/portal/files/2025_07_02.pdf
2025,7,2025-07,Comerciais leves,29,CITROEN,JUMPY,87,https://www.fenabrave.org.br/portal/files/2025_07_02.pdf
2025,7,2025-07,Comerciais leves,30,PEUGEOT,EXPERT,83,https://www.fenabrave.org.br/portal/files/2025_07_02.pdf
2025,7,2025-07,Comerciais leves,31,BYD,SHARK,76,https://www.fenabrave.org.br/portal/files/2025_07_02.pdf
2025,7,2025-07,Comerciais leves,32,FOTON,TUNLAND,60,https://www.fenabrave.org.br/portal/files/2025_07_02.pdf
2025,7,2025-07,Comerciais leves,33,M.BENZ,SPRINTER 317,58,https://www.fenabrave.org.br/portal/files/2025_07_02.pdf
2025,7,2025-07,Comerciais leves,34,RAM,3500,57,https://www.fenabrave.org.br/portal/files/2025_07_02.pdf
2025,7,2025-07,Comerciais leves,35,KIA,UK2500,52,https://www.fenabrave.org.br/portal/files/2025_07_02.pdf
2025,7,2025-07,Comerciais leves,36,PEUGEOT,PARTNER,49,https://www.fenabrave.org.br/portal/files/2025_07_02.pdf
2025,7,2025-07,Comerciais leves,37,EFFA,V22,44,https://www.fenabrave.org.br/portal/files/2025_07_02.pdf
2025,7,2025-07,Comerciais leves,38,GM,SILVERADO,43,https://www.fenabrave.org.br/portal/files/2025_07_02.pdf
2025,7,2025-07,Comerciais leves,39,SHINERAY,P TRUCKS,38,https://www.fenabrave.org.br/portal/files/2025_07_02.pdf
2025,7,2025-07,Comerciais leves,40,CITROEN,JUMPER,37,https://www.fenabrave.org.br/portal/files/2025_07_02.pdf
2025,7,2025-07,Comerciais leves,41,RAM,2500,30,https://www.fenabrave.org.br/portal/files/2025_07_02.pdf
2025,7,2025-07,Comerciais leves,42,PEUGEOT,BOXER,25,https://www.fenabrave.org.br/portal/files/2025_07_02.pdf
2025,7,2025-07,Comerciais leves,43,M.BENZ,SPRINTER 315,24,https://www.fenabrave.org.br/portal/files/2025_07_02.pdf
2025,7,2025-07,Comerciais leves,44,JAC,HUNTER,24,https://www.fenabrave.org.br/portal/files/2025_07_02.pdf
2025,7,2025-07,Comerciais leves,45,M.BENZ,SPRINTER 517,22,https://www.fenabrave.org.br/portal/files/2025_07_02.pdf
2025,7,2025-07,Comerciais leves,46,IVECO,DAILY 35-180,20,https://www.fenabrave.org.br/portal/files/2025_07_02.pdf
2025,7,2025-07,Comerciais leves,47,EFFA,V25,14,https://www.fenabrave.org.br/portal/files/2025_07_02.pdf
2025,7,2025-07,Comerciais leves,48,ARROW,ONE,13,https://www.fenabrave.org.br/portal/files/2025_07_02.pdf
2025,7,2025-07,Comerciais leves,49,FORD,ETRANSIT,10,https://www.fenabrave.org.br/portal/files/2025_07_02.pdf
2025,7,2025-07,Comerciais leves,50,VW,AMAROK,7,https://www.fenabrave.org.br/portal/files/2025_07_02.pdf
2025,8,2025-08,Automóveis,1,VW,POLO,12908,https://www.fenabrave.org.br/portal/files/2025_08_02.pdf
2025,8,2025-08,Automóveis,2,FIAT,ARGO,10097,https://www.fenabrave.org.br/portal/files/2025_08_02.pdf
2025,8,2025-08,Automóveis,3,TOYOTA,COROLLA CROSS,7737,https://www.fenabrave.org.br/portal/files/2025_08_02.pdf
2025,8,2025-08,Automóveis,4,VW,T CROSS,7702,https://www.fenabrave.org.br/portal/files/2025_08_02.pdf
2025,8,2025-08,Automóveis,5,HYUNDAI,HB20,7590,https://www.fenabrave.org.br/portal/files/2025_08_02.pdf
2025,8,2025-08,Automóveis,6,FIAT,MOBI,7045,https://www.fenabrave.org.br/portal/files/2025_08_02.pdf
2025,8,2025-08,Automóveis,7,HYUNDAI,CRETA,6649,https://www.fenabrave.org.br/portal/files/2025_08_02.pdf
2025,8,2025-08,Automóveis,8,GM,ONIX,5815,https://www.fenabrave.org.br/portal/files/2025_08_02.pdf
2025,8,2025-08,Automóveis,9,FIAT,FASTBACK,5040,https://www.fenabrave.org.br/portal/files/2025_08_02.pdf
2025,8,2025-08,Automóveis,10,RENAULT,KWID,5025,https://www.fenabrave.org.br/portal/files/2025_08_02.pdf
2025,8,2025-08,Automóveis,11,GM,TRACKER,4942,https://www.fenabrave.org.br/portal/files/2025_08_02.pdf
2025,8,2025-08,Automóveis,12,NISSAN,KICKS,4740,https://www.fenabrave.org.br/portal/files/2025_08_02.pdf
2025,8,2025-08,Automóveis,13,JEEP,COMPASS,4717,https://www.fenabrave.org.br/portal/files/2025_08_02.pdf
2025,8,2025-08,Automóveis,14,GM,ONIX PLUS,4632,https://www.fenabrave.org.br/portal/files/2025_08_02.pdf
2025,8,2025-08,Automóveis,15,VW,NIVUS,4557,https://www.fenabrave.org.br/portal/files/2025_08_02.pdf
2025,8,2025-08,Automóveis,16,FIAT,PULSE,4282,https://www.fenabrave.org.br/portal/files/2025_08_02.pdf
2025,8,2025-08,Automóveis,17,VW,TERA,4157,https://www.fenabrave.org.br/portal/files/2025_08_02.pdf
2025,8,2025-08,Automóveis,18,HONDA,HR-V,4028,https://www.fenabrave.org.br/portal/files/2025_08_02.pdf
2025,8,2025-08,Automóveis,19,VW,VIRTUS,3646,https://www.fenabrave.org.br/portal/files/2025_08_02.pdf
2025,8,2025-08,Automóveis,20,CAOA CHERY,TIGGO 7,3541,https://www.fenabrave.org.br/portal/files/2025_08_02.pdf
2025,8,2025-08,Automóveis,21,BYD,DOLPHIN MINI,3300,https://www.fenabrave.org.br/portal/files/2025_08_02.pdf
2025,8,2025-08,Automóveis,22,JEEP,RENEGADE,3228,https://www.fenabrave.org.br/portal/files/2025_08_02.pdf
2025,8,2025-08,Automóveis,23,GWM,HAVAL H6,3102,https://www.fenabrave.org.br/portal/files/2025_08_02.pdf
2025,8,2025-08,Automóveis,24,BYD,SONG,3011,https://www.fenabrave.org.br/portal/files/2025_08_02.pdf
2025,8,2025-08,Automóveis,25,TOYOTA,COROLLA,2890,https://www.fenabrave.org.br/portal/files/2025_08_02.pdf
2025,8,2025-08,Automóveis,26,HYUNDAI,HB20S,2251,https://www.fenabrave.org.br/portal/files/2025_08_02.pdf
2025,8,2025-08,Automóveis,27,RENAULT,KARDIAN,1929,https://www.fenabrave.org.br/portal/files/2025_08_02.pdf
2025,8,2025-08,Automóveis,28,CAOA CHERY,TIGGO 8,1916,https://www.fenabrave.org.br/portal/files/2025_08_02.pdf
2025,8,2025-08,Automóveis,29,HONDA,CITY,1848,https://www.fenabrave.org.br/portal/files/2025_08_02.pdf
2025,8,2025-08,Automóveis,30,GM,SPIN,1794,https://www.fenabrave.org.br/portal/files/2025_08_02.pdf
2025,8,2025-08,Automóveis,31,FIAT,CRONOS,1395,https://www.fenabrave.org.br/portal/files/2025_08_02.pdf
2025,8,2025-08,Automóveis,32,RENAULT,DUSTER,1369,https://www.fenabrave.org.br/portal/files/2025_08_02.pdf
2025,8,2025-08,Automóveis,33,HONDA,CITY HATCH,1357,https://www.fenabrave.org.br/portal/files/2025_08_02.pdf
2025,8,2025-08,Automóveis,34,BYD,DOLPHIN,1311,https://www.fenabrave.org.br/portal/files/2025_08_02.pdf
2025,8,2025-08,Automóveis,35,CAOA CHERY,TIGGO 5X,1208,https://www.fenabrave.org.br/portal/files/2025_08_02.pdf
2025,8,2025-08,Automóveis,36,FORD,TERRITORY,1191,https://www.fenabrave.org.br/portal/files/2025_08_02.pdf
2025,8,2025-08,Automóveis,37,TOYOTA,HILUX SW4,1174,https://www.fenabrave.org.br/portal/files/2025_08_02.pdf
2025,8,2025-08,Automóveis,38,BYD,KING,1086,https://www.fenabrave.org.br/portal/files/2025_08_02.pdf
2025,8,2025-08,Automóveis,39,JEEP,COMMANDER,1068,https://www.fenabrave.org.br/portal/files/2025_08_02.pdf
2025,8,2025-08,Automóveis,40,CITROEN,BASALT,991,https://www.fenabrave.org.br/portal/files/2025_08_02.pdf
2025,8,2025-08,Automóveis,41,MITSUBISHI,ECLIPSE CROSS,894,https://www.fenabrave.org.br/portal/files/2025_08_02.pdf
2025,8,2025-08,Automóveis,42,CITROEN,C3,852,https://www.fenabrave.org.br/portal/files/2025_08_02.pdf
2025,8,2025-08,Automóveis,43,BYD,YUAN,773,https://www.fenabrave.org.br/portal/files/2025_08_02.pdf
2025,8,2025-08,Automóveis,44,PEUGEOT,208,749,https://www.fenabrave.org.br/portal/files/2025_08_02.pdf
2025,8,2025-08,Automóveis,45,VW,TAOS,726,https://www.fenabrave.org.br/portal/files/2025_08_02.pdf
2025,8,2025-08,Automóveis,46,PEUGEOT,2008,663,https://www.fenabrave.org.br/portal/files/2025_08_02.pdf
2025,8,2025-08,Automóveis,47,NISSAN,VERSA,655,https://www.fenabrave.org.br/portal/files/2025_08_02.pdf
2025,8,2025-08,Automóveis,48,OMODA JAECOO,JAECOO 7,635,https://www.fenabrave.org.br/portal/files/2025_08_02.pdf
2025,8,2025-08,Automóveis,49,CITROEN,C3 AIRCROSS,485,https://www.fenabrave.org.br/portal/files/2025_08_02.pdf
2025,8,2025-08,Automóveis,50,BMW,X1,479,https://www.fenabrave.org.br/portal/files/2025_08_02.pdf
2025,8,2025-08,Comerciais leves,1,FIAT,STRADA,11833,https://www.fenabrave.org.br/portal/files/2025_08_02.pdf
2025,8,2025-08,Comerciais leves,2,VW,SAVEIRO,5358,https://www.fenabrave.org.br/portal/files/2025_08_02.pdf
2025,8,2025-08,Comerciais leves,3,TOYOTA,HILUX,3570,https://www.fenabrave.org.br/portal/files/2025_08_02.pdf
2025,8,2025-08,Comerciais leves,4,FIAT,TORO,3181,https://www.fenabrave.org.br/portal/files/2025_08_02.pdf
2025,8,2025-08,Comerciais leves,5,FORD,RANGER,2628,https://www.fenabrave.org.br/portal/files/2025_08_02.pdf
2025,8,2025-08,Comerciais leves,6,GM,S10,2340,https://www.fenabrave.org.br/portal/files/2025_08_02.pdf
2025,8,2025-08,Comerciais leves,7,RAM,RAMPAGE,1951,https://www.fenabrave.org.br/portal/files/2025_08_02.pdf
2025,8,2025-08,Comerciais leves,8,FIAT,FIORINO,1778,https://www.fenabrave.org.br/portal/files/2025_08_02.pdf
2025,8,2025-08,Comerciais leves,9,GM,MONTANA,1657,https://www.fenabrave.org.br/portal/files/2025_08_02.pdf
2025,8,2025-08,Comerciais leves,10,RENAULT,MASTER,1158,https://www.fenabrave.org.br/portal/files/2025_08_02.pdf
2025,8,2025-08,Comerciais leves,11,MITSUBISHI,TRITON,1008,https://www.fenabrave.org.br/portal/files/2025_08_02.pdf
2025,8,2025-08,Comerciais leves,12,RENAULT,OROCH,959,https://www.fenabrave.org.br/portal/files/2025_08_02.pdf
2025,8,2025-08,Comerciais leves,13,FORD,MAVERICK,479,https://www.fenabrave.org.br/portal/files/2025_08_02.pdf
2025,8,2025-08,Comerciais leves,14,RENAULT,KANGOO,349,https://www.fenabrave.org.br/portal/files/2025_08_02.pdf
2025,8,2025-08,Comerciais leves,15,FIAT,TITANO,311,https://www.fenabrave.org.br/portal/files/2025_08_02.pdf
2025,8,2025-08,Comerciais leves,16,MITSUBISHI,L200,283,https://www.fenabrave.org.br/portal/files/2025_08_02.pdf
2025,8,2025-08,Comerciais leves,17,HYUNDAI,HR,247,https://www.fenabrave.org.br/portal/files/2025_08_02.pdf
2025,8,2025-08,Comerciais leves,18,FORD,TRANSIT,244,https://www.fenabrave.org.br/portal/files/2025_08_02.pdf
2025,8,2025-08,Comerciais leves,19,IVECO,DAILY 30-130,241,https://www.fenabrave.org.br/portal/files/2025_08_02.pdf
2025,8,2025-08,Comerciais leves,20,EFFA,V21,231,https://www.fenabrave.org.br/portal/files/2025_08_02.pdf
2025,8,2025-08,Comerciais leves,21,FIAT,SCUDO,229,https://www.fenabrave.org.br/portal/files/2025_08_02.pdf
2025,8,2025-08,Comerciais leves,22,NISSAN,FRONTIER,220,https://www.fenabrave.org.br/portal/files/2025_08_02.pdf
2025,8,2025-08,Comerciais leves,23,IVECO,DAILY,218,https://www.fenabrave.org.br/portal/files/2025_08_02.pdf
2025,8,2025-08,Comerciais leves,24,VW TRUCK E BUS,EXPRESS,184,https://www.fenabrave.org.br/portal/files/2025_08_02.pdf
2025,8,2025-08,Comerciais leves,25,FIAT,DUCATO,179,https://www.fenabrave.org.br/portal/files/2025_08_02.pdf
2025,8,2025-08,Comerciais leves,26,KIA,K2500,147,https://www.fenabrave.org.br/portal/files/2025_08_02.pdf
2025,8,2025-08,Comerciais leves,27,GWM,POER,99,https://www.fenabrave.org.br/portal/files/2025_08_02.pdf
2025,8,2025-08,Comerciais leves,28,KIA,UK2500,98,https://www.fenabrave.org.br/portal/files/2025_08_02.pdf
2025,8,2025-08,Comerciais leves,29,PEUGEOT,EXPERT,96,https://www.fenabrave.org.br/portal/files/2025_08_02.pdf
2025,8,2025-08,Comerciais leves,30,FOTON,TUNLAND,86,https://www.fenabrave.org.br/portal/files/2025_08_02.pdf
2025,8,2025-08,Comerciais leves,31,FORD,F150,83,https://www.fenabrave.org.br/portal/files/2025_08_02.pdf
2025,8,2025-08,Comerciais leves,32,CITROEN,JUMPY,68,https://www.fenabrave.org.br/portal/files/2025_08_02.pdf
2025,8,2025-08,Comerciais leves,33,RAM,1500,68,https://www.fenabrave.org.br/portal/files/2025_08_02.pdf
2025,8,2025-08,Comerciais leves,34,FOTON,AUMARK S 315,67,https://www.fenabrave.org.br/portal/files/2025_08_02.pdf
2025,8,2025-08,Comerciais leves,35,BYD,SHARK,66,https://www.fenabrave.org.br/portal/files/2025_08_02.pdf
2025,8,2025-08,Comerciais leves,36,EFFA,V22,52,https://www.fenabrave.org.br/portal/files/2025_08_02.pdf
2025,8,2025-08,Comerciais leves,37,M.BENZ,SPRINTER 417,51,https://www.fenabrave.org.br/portal/files/2025_08_02.pdf
2025,8,2025-08,Comerciais leves,38,M.BENZ,SPRINTER 317,49,https://www.fenabrave.org.br/portal/files/2025_08_02.pdf
2025,8,2025-08,Comerciais leves,39,RAM,2500,46,https://www.fenabrave.org.br/portal/files/2025_08_02.pdf
2025,8,2025-08,Comerciais leves,40,PEUGEOT,PARTNER,41,https://www.fenabrave.org.br/portal/files/2025_08_02.pdf
2025,8,2025-08,Comerciais leves,41,RAM,3500,36,https://www.fenabrave.org.br/portal/files/2025_08_02.pdf
2025,8,2025-08,Comerciais leves,42,GM,SILVERADO,33,https://www.fenabrave.org.br/portal/files/2025_08_02.pdf
2025,8,2025-08,Comerciais leves,43,JAC,HUNTER,31,https://www.fenabrave.org.br/portal/files/2025_08_02.pdf
2025,8,2025-08,Comerciais leves,44,SHINERAY,TLUX,29,https://www.fenabrave.org.br/portal/files/2025_08_02.pdf
2025,8,2025-08,Comerciais leves,45,M.BENZ,SPRINTER 315,27,https://www.fenabrave.org.br/portal/files/2025_08_02.pdf
2025,8,2025-08,Comerciais leves,46,PEUGEOT,BOXER,25,https://www.fenabrave.org.br/portal/files/2025_08_02.pdf
2025,8,2025-08,Comerciais leves,47,CITROEN,JUMPER,20,https://www.fenabrave.org.br/portal/files/2025_08_02.pdf
2025,8,2025-08,Comerciais leves,48,EFFA,V25,15,https://www.fenabrave.org.br/portal/files/2025_08_02.pdf
2025,8,2025-08,Comerciais leves,49,IVECO,DAILY 35-180,11,https://www.fenabrave.org.br/portal/files/2025_08_02.pdf
2025,8,2025-08,Comerciais leves,50,M.BENZ,SPRINTER,5,https://www.fenabrave.org.br/portal/files/2025_08_02.pdf
2025,9,2025-09,Automóveis,1,VW,POLO,10647,https://www.fenabrave.org.br/portal/files/2025_09_02.pdf
2025,9,2025-09,Automóveis,2,FIAT,ARGO,9484,https://www.fenabrave.org.br/portal/files/2025_09_02.pdf
2025,9,2025-09,Automóveis,3,HYUNDAI,HB20,8796,https://www.fenabrave.org.br/portal/files/2025_09_02.pdf
2025,9,2025-09,Automóveis,4,VW,TERA,7610,https://www.fenabrave.org.br/portal/files/2025_09_02.pdf
2025,9,2025-09,Automóveis,5,TOYOTA,COROLLA CROSS,7282,https://www.fenabrave.org.br/portal/files/2025_09_02.pdf
2025,9,2025-09,Automóveis,6,GM,ONIX,7039,https://www.fenabrave.org.br/portal/files/2025_09_02.pdf
2025,9,2025-09,Automóveis,7,NISSAN,KICKS,6319,https://www.fenabrave.org.br/portal/files/2025_09_02.pdf
2025,9,2025-09,Automóveis,8,HYUNDAI,CRETA,5953,https://www.fenabrave.org.br/portal/files/2025_09_02.pdf
2025,9,2025-09,Automóveis,9,GM,TRACKER,5657,https://www.fenabrave.org.br/portal/files/2025_09_02.pdf
2025,9,2025-09,Automóveis,10,RENAULT,KWID,5439,https://www.fenabrave.org.br/portal/files/2025_09_02.pdf
2025,9,2025-09,Automóveis,11,FIAT,FASTBACK,5344,https://www.fenabrave.org.br/portal/files/2025_09_02.pdf
2025,9,2025-09,Automóveis,12,JEEP,COMPASS,5291,https://www.fenabrave.org.br/portal/files/2025_09_02.pdf
2025,9,2025-09,Automóveis,13,GM,ONIX PLUS,5169,https://www.fenabrave.org.br/portal/files/2025_09_02.pdf
2025,9,2025-09,Automóveis,14,HONDA,HR-V,5041,https://www.fenabrave.org.br/portal/files/2025_09_02.pdf
2025,9,2025-09,Automóveis,15,FIAT,MOBI,4741,https://www.fenabrave.org.br/portal/files/2025_09_02.pdf
2025,9,2025-09,Automóveis,16,VW,T CROSS,4736,https://www.fenabrave.org.br/portal/files/2025_09_02.pdf
2025,9,2025-09,Automóveis,17,JEEP,RENEGADE,4547,https://www.fenabrave.org.br/portal/files/2025_09_02.pdf
2025,9,2025-09,Automóveis,18,VW,NIVUS,4173,https://www.fenabrave.org.br/portal/files/2025_09_02.pdf
2025,9,2025-09,Automóveis,19,HYUNDAI,HB20S,3883,https://www.fenabrave.org.br/portal/files/2025_09_02.pdf
2025,9,2025-09,Automóveis,20,FIAT,PULSE,3756,https://www.fenabrave.org.br/portal/files/2025_09_02.pdf
2025,9,2025-09,Automóveis,21,CAOA CHERY,TIGGO 7,3742,https://www.fenabrave.org.br/portal/files/2025_09_02.pdf
2025,9,2025-09,Automóveis,22,BYD,DOLPHIN MINI,3392,https://www.fenabrave.org.br/portal/files/2025_09_02.pdf
2025,9,2025-09,Automóveis,23,BYD,SONG,3246,https://www.fenabrave.org.br/portal/files/2025_09_02.pdf
2025,9,2025-09,Automóveis,24,TOYOTA,COROLLA,3121,https://www.fenabrave.org.br/portal/files/2025_09_02.pdf
2025,9,2025-09,Automóveis,25,VW,VIRTUS,2973,https://www.fenabrave.org.br/portal/files/2025_09_02.pdf
2025,9,2025-09,Automóveis,26,GWM,HAVAL H6,2886,https://www.fenabrave.org.br/portal/files/2025_09_02.pdf
2025,9,2025-09,Automóveis,27,CAOA CHERY,TIGGO 8,2137,https://www.fenabrave.org.br/portal/files/2025_09_02.pdf
2025,9,2025-09,Automóveis,28,RENAULT,KARDIAN,2014,https://www.fenabrave.org.br/portal/files/2025_09_02.pdf
2025,9,2025-09,Automóveis,29,GM,SPIN,1906,https://www.fenabrave.org.br/portal/files/2025_09_02.pdf
2025,9,2025-09,Automóveis,30,JEEP,COMMANDER,1643,https://www.fenabrave.org.br/portal/files/2025_09_02.pdf
2025,9,2025-09,Automóveis,31,FIAT,CRONOS,1606,https://www.fenabrave.org.br/portal/files/2025_09_02.pdf
2025,9,2025-09,Automóveis,32,RENAULT,DUSTER,1513,https://www.fenabrave.org.br/portal/files/2025_09_02.pdf
2025,9,2025-09,Automóveis,33,BYD,DOLPHIN,1454,https://www.fenabrave.org.br/portal/files/2025_09_02.pdf
2025,9,2025-09,Automóveis,34,HONDA,CITY,1453,https://www.fenabrave.org.br/portal/files/2025_09_02.pdf
2025,9,2025-09,Automóveis,35,CAOA CHERY,TIGGO 5X,1423,https://www.fenabrave.org.br/portal/files/2025_09_02.pdf
2025,9,2025-09,Automóveis,36,TOYOTA,HILUX SW4,1310,https://www.fenabrave.org.br/portal/files/2025_09_02.pdf
2025,9,2025-09,Automóveis,37,HONDA,CITY HATCH,1276,https://www.fenabrave.org.br/portal/files/2025_09_02.pdf
2025,9,2025-09,Automóveis,38,CITROEN,BASALT,1226,https://www.fenabrave.org.br/portal/files/2025_09_02.pdf
2025,9,2025-09,Automóveis,39,VW,TAOS,1144,https://www.fenabrave.org.br/portal/files/2025_09_02.pdf
2025,9,2025-09,Automóveis,40,FORD,TERRITORY,1141,https://www.fenabrave.org.br/portal/files/2025_09_02.pdf
2025,9,2025-09,Automóveis,41,BYD,KING,1001,https://www.fenabrave.org.br/portal/files/2025_09_02.pdf
2025,9,2025-09,Automóveis,42,MITSUBISHI,ECLIPSE CROSS,988,https://www.fenabrave.org.br/portal/files/2025_09_02.pdf
2025,9,2025-09,Automóveis,43,CITROEN,C3,953,https://www.fenabrave.org.br/portal/files/2025_09_02.pdf
2025,9,2025-09,Automóveis,44,PEUGEOT,208,879,https://www.fenabrave.org.br/portal/files/2025_09_02.pdf
2025,9,2025-09,Automóveis,45,OMODA JAECOO,JAECOO 7,740,https://www.fenabrave.org.br/portal/files/2025_09_02.pdf
2025,9,2025-09,Automóveis,46,PEUGEOT,2008,668,https://www.fenabrave.org.br/portal/files/2025_09_02.pdf
2025,9,2025-09,Automóveis,47,NISSAN,VERSA,628,https://www.fenabrave.org.br/portal/files/2025_09_02.pdf
2025,9,2025-09,Automóveis,48,BYD,YUAN,553,https://www.fenabrave.org.br/portal/files/2025_09_02.pdf
2025,9,2025-09,Automóveis,49,BMW,X1,512,https://www.fenabrave.org.br/portal/files/2025_09_02.pdf
2025,9,2025-09,Automóveis,50,GWM,ORA 03,429,https://www.fenabrave.org.br/portal/files/2025_09_02.pdf
2025,9,2025-09,Comerciais leves,1,FIAT,STRADA,13876,https://www.fenabrave.org.br/portal/files/2025_09_02.pdf
2025,9,2025-09,Comerciais leves,2,VW,SAVEIRO,8154,https://www.fenabrave.org.br/portal/files/2025_09_02.pdf
2025,9,2025-09,Comerciais leves,3,FIAT,TORO,5174,https://www.fenabrave.org.br/portal/files/2025_09_02.pdf
2025,9,2025-09,Comerciais leves,4,TOYOTA,HILUX,4066,https://www.fenabrave.org.br/portal/files/2025_09_02.pdf
2025,9,2025-09,Comerciais leves,5,FORD,RANGER,3114,https://www.fenabrave.org.br/portal/files/2025_09_02.pdf
2025,9,2025-09,Comerciais leves,6,GM,S10,2793,https://www.fenabrave.org.br/portal/files/2025_09_02.pdf
2025,9,2025-09,Comerciais leves,7,FIAT,FIORINO,2384,https://www.fenabrave.org.br/portal/files/2025_09_02.pdf
2025,9,2025-09,Comerciais leves,8,RAM,RAMPAGE,2253,https://www.fenabrave.org.br/portal/files/2025_09_02.pdf
2025,9,2025-09,Comerciais leves,9,GM,MONTANA,2183,https://www.fenabrave.org.br/portal/files/2025_09_02.pdf
2025,9,2025-09,Comerciais leves,10,RENAULT,MASTER,1350,https://www.fenabrave.org.br/portal/files/2025_09_02.pdf
2025,9,2025-09,Comerciais leves,11,MITSUBISHI,TRITON,1160,https://www.fenabrave.org.br/portal/files/2025_09_02.pdf
2025,9,2025-09,Comerciais leves,12,RENAULT,OROCH,923,https://www.fenabrave.org.br/portal/files/2025_09_02.pdf
2025,9,2025-09,Comerciais leves,13,FORD,MAVERICK,453,https://www.fenabrave.org.br/portal/files/2025_09_02.pdf
2025,9,2025-09,Comerciais leves,14,NISSAN,FRONTIER,386,https://www.fenabrave.org.br/portal/files/2025_09_02.pdf
2025,9,2025-09,Comerciais leves,15,FIAT,DUCATO,357,https://www.fenabrave.org.br/portal/files/2025_09_02.pdf
2025,9,2025-09,Comerciais leves,16,FIAT,TITANO,336,https://www.fenabrave.org.br/portal/files/2025_09_02.pdf
2025,9,2025-09,Comerciais leves,17,IVECO,DAILY 30-130,318,https://www.fenabrave.org.br/portal/files/2025_09_02.pdf
2025,9,2025-09,Comerciais leves,18,RENAULT,KANGOO,287,https://www.fenabrave.org.br/portal/files/2025_09_02.pdf
2025,9,2025-09,Comerciais leves,19,EFFA,V21,263,https://www.fenabrave.org.br/portal/files/2025_09_02.pdf
2025,9,2025-09,Comerciais leves,20,IVECO,DAILY,262,https://www.fenabrave.org.br/portal/files/2025_09_02.pdf
2025,9,2025-09,Comerciais leves,21,VW TRUCK E BUS,EXPRESS,222,https://www.fenabrave.org.br/portal/files/2025_09_02.pdf
2025,9,2025-09,Comerciais leves,22,FORD,TRANSIT,213,https://www.fenabrave.org.br/portal/files/2025_09_02.pdf
2025,9,2025-09,Comerciais leves,23,HYUNDAI,HR,201,https://www.fenabrave.org.br/portal/files/2025_09_02.pdf
2025,9,2025-09,Comerciais leves,24,FIAT,SCUDO,187,https://www.fenabrave.org.br/portal/files/2025_09_02.pdf
2025,9,2025-09,Comerciais leves,25,KIA,K2500,172,https://www.fenabrave.org.br/portal/files/2025_09_02.pdf
2025,9,2025-09,Comerciais leves,26,TOYOTA,HIACE,133,https://www.fenabrave.org.br/portal/files/2025_09_02.pdf
2025,9,2025-09,Comerciais leves,27,PEUGEOT,EXPERT,131,https://www.fenabrave.org.br/portal/files/2025_09_02.pdf
2025,9,2025-09,Comerciais leves,28,FORD,F150,126,https://www.fenabrave.org.br/portal/files/2025_09_02.pdf
2025,9,2025-09,Comerciais leves,29,KIA,UK2500,116,https://www.fenabrave.org.br/portal/files/2025_09_02.pdf
2025,9,2025-09,Comerciais leves,30,RAM,3500,99,https://www.fenabrave.org.br/portal/files/2025_09_02.pdf
2025,9,2025-09,Comerciais leves,31,BYD,SHARK,90,https://www.fenabrave.org.br/portal/files/2025_09_02.pdf
2025,9,2025-09,Comerciais leves,32,CITROEN,JUMPY,89,https://www.fenabrave.org.br/portal/files/2025_09_02.pdf
2025,9,2025-09,Comerciais leves,33,GWM,POER,80,https://www.fenabrave.org.br/portal/files/2025_09_02.pdf
2025,9,2025-09,Comerciais leves,34,RAM,1500,75,https://www.fenabrave.org.br/portal/files/2025_09_02.pdf
2025,9,2025-09,Comerciais leves,35,M.BENZ,SPRINTER 417,71,https://www.fenabrave.org.br/portal/files/2025_09_02.pdf
2025,9,2025-09,Comerciais leves,36,PEUGEOT,BOXER,71,https://www.fenabrave.org.br/portal/files/2025_09_02.pdf
2025,9,2025-09,Comerciais leves,37,RAM,2500,69,https://www.fenabrave.org.br/portal/files/2025_09_02.pdf
2025,9,2025-09,Comerciais leves,38,MITSUBISHI,L200,63,https://www.fenabrave.org.br/portal/files/2025_09_02.pdf
2025,9,2025-09,Comerciais leves,39,FOTON,AUMARK S 315,61,https://www.fenabrave.org.br/portal/files/2025_09_02.pdf
2025,9,2025-09,Comerciais leves,40,GM,SILVERADO,60,https://www.fenabrave.org.br/portal/files/2025_09_02.pdf
2025,9,2025-09,Comerciais leves,41,M.BENZ,SPRINTER 317,60,https://www.fenabrave.org.br/portal/files/2025_09_02.pdf
2025,9,2025-09,Comerciais leves,42,SHINERAY,TLUX,58,https://www.fenabrave.org.br/portal/files/2025_09_02.pdf
2025,9,2025-09,Comerciais leves,43,PEUGEOT,PARTNER,48,https://www.fenabrave.org.br/portal/files/2025_09_02.pdf
2025,9,2025-09,Comerciais leves,44,JAC,HUNTER,41,https://www.fenabrave.org.br/portal/files/2025_09_02.pdf
2025,9,2025-09,Comerciais leves,45,FOTON,TUNLAND,41,https://www.fenabrave.org.br/portal/files/2025_09_02.pdf
2025,9,2025-09,Comerciais leves,46,EFFA,V22,40,https://www.fenabrave.org.br/portal/files/2025_09_02.pdf
2025,9,2025-09,Comerciais leves,47,CITROEN,JUMPER,39,https://www.fenabrave.org.br/portal/files/2025_09_02.pdf
2025,9,2025-09,Comerciais leves,48,IVECO,DAILY 35-180,13,https://www.fenabrave.org.br/portal/files/2025_09_02.pdf
2025,9,2025-09,Comerciais leves,49,EFFA,V25,13,https://www.fenabrave.org.br/portal/files/2025_09_02.pdf
2025,9,2025-09,Comerciais leves,50,M.BENZ,SPRINTER 315,12,https://www.fenabrave.org.br/portal/files/2025_09_02.pdf
2025,10,2025-10,Automóveis,1,VW,TERA,10162,https://www.fenabrave.org.br/portal/files/2025_10_02.pdf
2025,10,2025-10,Automóveis,2,FIAT,ARGO,9981,https://www.fenabrave.org.br/portal/files/2025_10_02.pdf
2025,10,2025-10,Automóveis,3,HYUNDAI,HB20,9687,https://www.fenabrave.org.br/portal/files/2025_10_02.pdf
2025,10,2025-10,Automóveis,4,VW,POLO,9150,https://www.fenabrave.org.br/portal/files/2025_10_02.pdf
2025,10,2025-10,Automóveis,5,HYUNDAI,CRETA,8679,https://www.fenabrave.org.br/portal/files/2025_10_02.pdf
2025,10,2025-10,Automóveis,6,GM,ONIX,7439,https://www.fenabrave.org.br/portal/files/2025_10_02.pdf
2025,10,2025-10,Automóveis,7,VW,T CROSS,7113,https://www.fenabrave.org.br/portal/files/2025_10_02.pdf
2025,10,2025-10,Automóveis,8,HONDA,HR-V,6711,https://www.fenabrave.org.br/portal/files/2025_10_02.pdf
2025,10,2025-10,Automóveis,9,FIAT,MOBI,6277,https://www.fenabrave.org.br/portal/files/2025_10_02.pdf
2025,10,2025-10,Automóveis,10,JEEP,COMPASS,6257,https://www.fenabrave.org.br/portal/files/2025_10_02.pdf
2025,10,2025-10,Automóveis,11,GM,ONIX PLUS,5853,https://www.fenabrave.org.br/portal/files/2025_10_02.pdf
2025,10,2025-10,Automóveis,12,NISSAN,KICKS,5721,https://www.fenabrave.org.br/portal/files/2025_10_02.pdf
2025,10,2025-10,Automóveis,13,FIAT,FASTBACK,5666,https://www.fenabrave.org.br/portal/files/2025_10_02.pdf
2025,10,2025-10,Automóveis,14,HYUNDAI,HB20S,5517,https://www.fenabrave.org.br/portal/files/2025_10_02.pdf
2025,10,2025-10,Automóveis,15,RENAULT,KWID,5316,https://www.fenabrave.org.br/portal/files/2025_10_02.pdf
2025,10,2025-10,Automóveis,16,GM,TRACKER,5290,https://www.fenabrave.org.br/portal/files/2025_10_02.pdf
2025,10,2025-10,Automóveis,17,JEEP,RENEGADE,4263,https://www.fenabrave.org.br/portal/files/2025_10_02.pdf
2025,10,2025-10,Automóveis,18,VW,NIVUS,4257,https://www.fenabrave.org.br/portal/files/2025_10_02.pdf
2025,10,2025-10,Automóveis,19,CAOA CHERY,TIGGO 7,4248,https://www.fenabrave.org.br/portal/files/2025_10_02.pdf
2025,10,2025-10,Automóveis,20,FIAT,PULSE,3965,https://www.fenabrave.org.br/portal/files/2025_10_02.pdf
2025,10,2025-10,Automóveis,21,VW,VIRTUS,3615,https://www.fenabrave.org.br/portal/files/2025_10_02.pdf
2025,10,2025-10,Automóveis,22,TOYOTA,COROLLA CROSS,3609,https://www.fenabrave.org.br/portal/files/2025_10_02.pdf
2025,10,2025-10,Automóveis,23,BYD,SONG,3444,https://www.fenabrave.org.br/portal/files/2025_10_02.pdf
2025,10,2025-10,Automóveis,24,GWM,HAVAL H6,3375,https://www.fenabrave.org.br/portal/files/2025_10_02.pdf
2025,10,2025-10,Automóveis,25,BYD,DOLPHIN MINI,2794,https://www.fenabrave.org.br/portal/files/2025_10_02.pdf
2025,10,2025-10,Automóveis,26,TOYOTA,COROLLA,2287,https://www.fenabrave.org.br/portal/files/2025_10_02.pdf
2025,10,2025-10,Automóveis,27,JEEP,COMMANDER,2162,https://www.fenabrave.org.br/portal/files/2025_10_02.pdf
2025,10,2025-10,Automóveis,28,GM,SPIN,2103,https://www.fenabrave.org.br/portal/files/2025_10_02.pdf
2025,10,2025-10,Automóveis,29,CAOA CHERY,TIGGO 5X,1994,https://www.fenabrave.org.br/portal/files/2025_10_02.pdf
2025,10,2025-10,Automóveis,30,FIAT,CRONOS,1846,https://www.fenabrave.org.br/portal/files/2025_10_02.pdf
2025,10,2025-10,Automóveis,31,CAOA CHERY,TIGGO 8,1772,https://www.fenabrave.org.br/portal/files/2025_10_02.pdf
2025,10,2025-10,Automóveis,32,BYD,DOLPHIN,1731,https://www.fenabrave.org.br/portal/files/2025_10_02.pdf
2025,10,2025-10,Automóveis,33,RENAULT,DUSTER,1680,https://www.fenabrave.org.br/portal/files/2025_10_02.pdf
2025,10,2025-10,Automóveis,34,HONDA,CITY,1644,https://www.fenabrave.org.br/portal/files/2025_10_02.pdf
2025,10,2025-10,Automóveis,35,CITROEN,BASALT,1562,https://www.fenabrave.org.br/portal/files/2025_10_02.pdf
2025,10,2025-10,Automóveis,36,HONDA,CITY HATCH,1540,https://www.fenabrave.org.br/portal/files/2025_10_02.pdf
2025,10,2025-10,Automóveis,37,RENAULT,KARDIAN,1533,https://www.fenabrave.org.br/portal/files/2025_10_02.pdf
2025,10,2025-10,Automóveis,38,TOYOTA,HILUX SW4,1421,https://www.fenabrave.org.br/portal/files/2025_10_02.pdf
2025,10,2025-10,Automóveis,39,CITROEN,C3,1383,https://www.fenabrave.org.br/portal/files/2025_10_02.pdf
2025,10,2025-10,Automóveis,40,BYD,KING,1291,https://www.fenabrave.org.br/portal/files/2025_10_02.pdf
2025,10,2025-10,Automóveis,41,FORD,TERRITORY,1138,https://www.fenabrave.org.br/portal/files/2025_10_02.pdf
2025,10,2025-10,Automóveis,42,MITSUBISHI,ECLIPSE CROSS,1043,https://www.fenabrave.org.br/portal/files/2025_10_02.pdf
2025,10,2025-10,Automóveis,43,PEUGEOT,208,842,https://www.fenabrave.org.br/portal/files/2025_10_02.pdf
2025,10,2025-10,Automóveis,44,NISSAN,SENTRA,761,https://www.fenabrave.org.br/portal/files/2025_10_02.pdf
2025,10,2025-10,Automóveis,45,PEUGEOT,2008,734,https://www.fenabrave.org.br/portal/files/2025_10_02.pdf
2025,10,2025-10,Automóveis,46,OMODA JAECOO,JAECOO 7,677,https://www.fenabrave.org.br/portal/files/2025_10_02.pdf
2025,10,2025-10,Automóveis,47,BYD,YUAN,551,https://www.fenabrave.org.br/portal/files/2025_10_02.pdf
2025,10,2025-10,Automóveis,48,NISSAN,VERSA,515,https://www.fenabrave.org.br/portal/files/2025_10_02.pdf
2025,10,2025-10,Automóveis,49,VW,TAOS,496,https://www.fenabrave.org.br/portal/files/2025_10_02.pdf
2025,10,2025-10,Automóveis,50,VW,TIGUAN,486,https://www.fenabrave.org.br/portal/files/2025_10_02.pdf
2025,10,2025-10,Comerciais leves,1,FIAT,STRADA,14041,https://www.fenabrave.org.br/portal/files/2025_10_02.pdf
2025,10,2025-10,Comerciais leves,2,VW,SAVEIRO,6437,https://www.fenabrave.org.br/portal/files/2025_10_02.pdf
2025,10,2025-10,Comerciais leves,3,FIAT,TORO,5915,https://www.fenabrave.org.br/portal/files/2025_10_02.pdf
2025,10,2025-10,Comerciais leves,4,TOYOTA,HILUX,5204,https://www.fenabrave.org.br/portal/files/2025_10_02.pdf
2025,10,2025-10,Comerciais leves,5,GM,S10,3312,https://www.fenabrave.org.br/portal/files/2025_10_02.pdf
2025,10,2025-10,Comerciais leves,6,FORD,RANGER,3310,https://www.fenabrave.org.br/portal/files/2025_10_02.pdf
2025,10,2025-10,Comerciais leves,7,RAM,RAMPAGE,3053,https://www.fenabrave.org.br/portal/files/2025_10_02.pdf
2025,10,2025-10,Comerciais leves,8,FIAT,FIORINO,1951,https://www.fenabrave.org.br/portal/files/2025_10_02.pdf
2025,10,2025-10,Comerciais leves,9,GM,MONTANA,1848,https://www.fenabrave.org.br/portal/files/2025_10_02.pdf
2025,10,2025-10,Comerciais leves,10,RENAULT,MASTER,1646,https://www.fenabrave.org.br/portal/files/2025_10_02.pdf
2025,10,2025-10,Comerciais leves,11,MITSUBISHI,TRITON,1312,https://www.fenabrave.org.br/portal/files/2025_10_02.pdf
2025,10,2025-10,Comerciais leves,12,RENAULT,OROCH,929,https://www.fenabrave.org.br/portal/files/2025_10_02.pdf
2025,10,2025-10,Comerciais leves,13,RENAULT,KANGOO,574,https://www.fenabrave.org.br/portal/files/2025_10_02.pdf
2025,10,2025-10,Comerciais leves,14,FIAT,SCUDO,471,https://www.fenabrave.org.br/portal/files/2025_10_02.pdf
2025,10,2025-10,Comerciais leves,15,GWM,POER,431,https://www.fenabrave.org.br/portal/files/2025_10_02.pdf
2025,10,2025-10,Comerciais leves,16,FORD,MAVERICK,424,https://www.fenabrave.org.br/portal/files/2025_10_02.pdf
2025,10,2025-10,Comerciais leves,17,IVECO,DAILY,403,https://www.fenabrave.org.br/portal/files/2025_10_02.pdf
2025,10,2025-10,Comerciais leves,18,FIAT,TITANO,337,https://www.fenabrave.org.br/portal/files/2025_10_02.pdf
2025,10,2025-10,Comerciais leves,19,EFFA,V21,238,https://www.fenabrave.org.br/portal/files/2025_10_02.pdf
2025,10,2025-10,Comerciais leves,20,FORD,TRANSIT,230,https://www.fenabrave.org.br/portal/files/2025_10_02.pdf
2025,10,2025-10,Comerciais leves,21,IVECO,DAILY 30-130,225,https://www.fenabrave.org.br/portal/files/2025_10_02.pdf
2025,10,2025-10,Comerciais leves,22,VW TRUCK E BUS,EXPRESS,213,https://www.fenabrave.org.br/portal/files/2025_10_02.pdf
2025,10,2025-10,Comerciais leves,23,KIA,UK2500,207,https://www.fenabrave.org.br/portal/files/2025_10_02.pdf
2025,10,2025-10,Comerciais leves,24,FIAT,DUCATO,198,https://www.fenabrave.org.br/portal/files/2025_10_02.pdf
2025,10,2025-10,Comerciais leves,25,KIA,K2500,184,https://www.fenabrave.org.br/portal/files/2025_10_02.pdf
2025,10,2025-10,Comerciais leves,26,NISSAN,FRONTIER,162,https://www.fenabrave.org.br/portal/files/2025_10_02.pdf
2025,10,2025-10,Comerciais leves,27,M.BENZ,SPRINTER 317,161,https://www.fenabrave.org.br/portal/files/2025_10_02.pdf
2025,10,2025-10,Comerciais leves,28,PEUGEOT,EXPERT,149,https://www.fenabrave.org.br/portal/files/2025_10_02.pdf
2025,10,2025-10,Comerciais leves,29,GM,SILVERADO,147,https://www.fenabrave.org.br/portal/files/2025_10_02.pdf
2025,10,2025-10,Comerciais leves,30,HYUNDAI,HR,141,https://www.fenabrave.org.br/portal/files/2025_10_02.pdf
2025,10,2025-10,Comerciais leves,31,RAM,3500,139,https://www.fenabrave.org.br/portal/files/2025_10_02.pdf
2025,10,2025-10,Comerciais leves,32,FORD,F150,119,https://www.fenabrave.org.br/portal/files/2025_10_02.pdf
2025,10,2025-10,Comerciais leves,33,TOYOTA,HIACE,105,https://www.fenabrave.org.br/portal/files/2025_10_02.pdf
2025,10,2025-10,Comerciais leves,34,CITROEN,JUMPY,99,https://www.fenabrave.org.br/portal/files/2025_10_02.pdf
2025,10,2025-10,Comerciais leves,35,FOTON,AUMARK S 315,89,https://www.fenabrave.org.br/portal/files/2025_10_02.pdf
2025,10,2025-10,Comerciais leves,36,M.BENZ,SPRINTER 417,69,https://www.fenabrave.org.br/portal/files/2025_10_02.pdf
2025,10,2025-10,Comerciais leves,37,SHINERAY,TLUX,67,https://www.fenabrave.org.br/portal/files/2025_10_02.pdf
2025,10,2025-10,Comerciais leves,38,BYD,SHARK,67,https://www.fenabrave.org.br/portal/files/2025_10_02.pdf
2025,10,2025-10,Comerciais leves,39,FOTON,TUNLAND,58,https://www.fenabrave.org.br/portal/files/2025_10_02.pdf
2025,10,2025-10,Comerciais leves,40,RAM,1500,56,https://www.fenabrave.org.br/portal/files/2025_10_02.pdf
2025,10,2025-10,Comerciais leves,41,PEUGEOT,PARTNER,54,https://www.fenabrave.org.br/portal/files/2025_10_02.pdf
2025,10,2025-10,Comerciais leves,42,RAM,2500,50,https://www.fenabrave.org.br/portal/files/2025_10_02.pdf
2025,10,2025-10,Comerciais leves,43,RADAR,RD6,44,https://www.fenabrave.org.br/portal/files/2025_10_02.pdf
2025,10,2025-10,Comerciais leves,44,MITSUBISHI,L200,37,https://www.fenabrave.org.br/portal/files/2025_10_02.pdf
2025,10,2025-10,Comerciais leves,45,EFFA,V22,37,https://www.fenabrave.org.br/portal/files/2025_10_02.pdf
2025,10,2025-10,Comerciais leves,46,JAC,HUNTER,29,https://www.fenabrave.org.br/portal/files/2025_10_02.pdf
2025,10,2025-10,Comerciais leves,47,VW,AMAROK,24,https://www.fenabrave.org.br/portal/files/2025_10_02.pdf
2025,10,2025-10,Comerciais leves,48,CITROEN,JUMPER,16,https://www.fenabrave.org.br/portal/files/2025_10_02.pdf
2025,10,2025-10,Comerciais leves,49,IVECO,DAILY 35-180,15,https://www.fenabrave.org.br/portal/files/2025_10_02.pdf
2025,10,2025-10,Comerciais leves,50,PEUGEOT,BOXER,14,https://www.fenabrave.org.br/portal/files/2025_10_02.pdf
2025,11,2025-11,Automóveis,1,VW,TERA,9772,https://www.fenabrave.org.br/portal/files/2025_11_02.pdf
2025,11,2025-11,Automóveis,2,GM,ONIX,9524,https://www.fenabrave.org.br/portal/files/2025_11_02.pdf
2025,11,2025-11,Automóveis,3,VW,POLO,9381,https://www.fenabrave.org.br/portal/files/2025_11_02.pdf
2025,11,2025-11,Automóveis,4,VW,T CROSS,9016,https://www.fenabrave.org.br/portal/files/2025_11_02.pdf
2025,11,2025-11,Automóveis,5,FIAT,ARGO,8386,https://www.fenabrave.org.br/portal/files/2025_11_02.pdf
2025,11,2025-11,Automóveis,6,HYUNDAI,CRETA,7689,https://www.fenabrave.org.br/portal/files/2025_11_02.pdf
2025,11,2025-11,Automóveis,7,HYUNDAI,HB20,7640,https://www.fenabrave.org.br/portal/files/2025_11_02.pdf
2025,11,2025-11,Automóveis,8,RENAULT,KWID,7302,https://www.fenabrave.org.br/portal/files/2025_11_02.pdf
2025,11,2025-11,Automóveis,9,FIAT,MOBI,7188,https://www.fenabrave.org.br/portal/files/2025_11_02.pdf
2025,11,2025-11,Automóveis,10,GM,ONIX PLUS,5995,https://www.fenabrave.org.br/portal/files/2025_11_02.pdf
2025,11,2025-11,Automóveis,11,JEEP,COMPASS,5889,https://www.fenabrave.org.br/portal/files/2025_11_02.pdf
2025,11,2025-11,Automóveis,12,NISSAN,KICKS,5646,https://www.fenabrave.org.br/portal/files/2025_11_02.pdf
2025,11,2025-11,Automóveis,13,HONDA,HR-V,4963,https://www.fenabrave.org.br/portal/files/2025_11_02.pdf
2025,11,2025-11,Automóveis,14,GM,TRACKER,4528,https://www.fenabrave.org.br/portal/files/2025_11_02.pdf
2025,11,2025-11,Automóveis,15,HYUNDAI,HB20S,4425,https://www.fenabrave.org.br/portal/files/2025_11_02.pdf
2025,11,2025-11,Automóveis,16,FIAT,FASTBACK,4381,https://www.fenabrave.org.br/portal/files/2025_11_02.pdf
2025,11,2025-11,Automóveis,17,BYD,SONG,4380,https://www.fenabrave.org.br/portal/files/2025_11_02.pdf
2025,11,2025-11,Automóveis,18,JEEP,RENEGADE,4230,https://www.fenabrave.org.br/portal/files/2025_11_02.pdf
2025,11,2025-11,Automóveis,19,CAOA CHERY,TIGGO 7,4060,https://www.fenabrave.org.br/portal/files/2025_11_02.pdf
2025,11,2025-11,Automóveis,20,VW,VIRTUS,3285,https://www.fenabrave.org.br/portal/files/2025_11_02.pdf
2025,11,2025-11,Automóveis,21,GWM,HAVAL H6,3215,https://www.fenabrave.org.br/portal/files/2025_11_02.pdf
2025,11,2025-11,Automóveis,22,FIAT,PULSE,3213,https://www.fenabrave.org.br/portal/files/2025_11_02.pdf
2025,11,2025-11,Automóveis,23,VW,NIVUS,3124,https://www.fenabrave.org.br/portal/files/2025_11_02.pdf
2025,11,2025-11,Automóveis,24,BYD,DOLPHIN MINI,2881,https://www.fenabrave.org.br/portal/files/2025_11_02.pdf
2025,11,2025-11,Automóveis,25,FIAT,CRONOS,2375,https://www.fenabrave.org.br/portal/files/2025_11_02.pdf
2025,11,2025-11,Automóveis,26,GM,SPIN,2317,https://www.fenabrave.org.br/portal/files/2025_11_02.pdf
2025,11,2025-11,Automóveis,27,JEEP,COMMANDER,1830,https://www.fenabrave.org.br/portal/files/2025_11_02.pdf
2025,11,2025-11,Automóveis,28,RENAULT,DUSTER,1789,https://www.fenabrave.org.br/portal/files/2025_11_02.pdf
2025,11,2025-11,Automóveis,29,CAOA CHERY,TIGGO 8,1501,https://www.fenabrave.org.br/portal/files/2025_11_02.pdf
2025,11,2025-11,Automóveis,30,TOYOTA,COROLLA CROSS,1465,https://www.fenabrave.org.br/portal/files/2025_11_02.pdf
2025,11,2025-11,Automóveis,31,CAOA CHERY,TIGGO 5X,1437,https://www.fenabrave.org.br/portal/files/2025_11_02.pdf
2025,11,2025-11,Automóveis,32,TOYOTA,HILUX SW4,1432,https://www.fenabrave.org.br/portal/files/2025_11_02.pdf
2025,11,2025-11,Automóveis,33,CITROEN,BASALT,1404,https://www.fenabrave.org.br/portal/files/2025_11_02.pdf
2025,11,2025-11,Automóveis,34,CITROEN,C3,1368,https://www.fenabrave.org.br/portal/files/2025_11_02.pdf
2025,11,2025-11,Automóveis,35,HONDA,WR-V,1342,https://www.fenabrave.org.br/portal/files/2025_11_02.pdf
2025,11,2025-11,Automóveis,36,HONDA,CITY,1292,https://www.fenabrave.org.br/portal/files/2025_11_02.pdf
2025,11,2025-11,Automóveis,37,HONDA,CITY HATCH,1269,https://www.fenabrave.org.br/portal/files/2025_11_02.pdf
2025,11,2025-11,Automóveis,38,RENAULT,KARDIAN,1097,https://www.fenabrave.org.br/portal/files/2025_11_02.pdf
2025,11,2025-11,Automóveis,39,FORD,TERRITORY,1058,https://www.fenabrave.org.br/portal/files/2025_11_02.pdf
2025,11,2025-11,Automóveis,40,TOYOTA,COROLLA,1034,https://www.fenabrave.org.br/portal/files/2025_11_02.pdf
2025,11,2025-11,Automóveis,41,MITSUBISHI,ECLIPSE CROSS,899,https://www.fenabrave.org.br/portal/files/2025_11_02.pdf
2025,11,2025-11,Automóveis,42,BYD,KING,857,https://www.fenabrave.org.br/portal/files/2025_11_02.pdf
2025,11,2025-11,Automóveis,43,GEELY,EX2,835,https://www.fenabrave.org.br/portal/files/2025_11_02.pdf
2025,11,2025-11,Automóveis,44,BYD,DOLPHIN,802,https://www.fenabrave.org.br/portal/files/2025_11_02.pdf
2025,11,2025-11,Automóveis,45,PEUGEOT,208,674,https://www.fenabrave.org.br/portal/files/2025_11_02.pdf
2025,11,2025-11,Automóveis,46,PEUGEOT,2008,654,https://www.fenabrave.org.br/portal/files/2025_11_02.pdf
2025,11,2025-11,Automóveis,47,RENAULT,BOREAL,586,https://www.fenabrave.org.br/portal/files/2025_11_02.pdf
2025,11,2025-11,Automóveis,48,GWM,HAVAL H9,570,https://www.fenabrave.org.br/portal/files/2025_11_02.pdf
2025,11,2025-11,Automóveis,49,OMODA JAECOO,JAECOO 7,564,https://www.fenabrave.org.br/portal/files/2025_11_02.pdf
2025,11,2025-11,Automóveis,50,OMODA JAECOO,OMODA 5,504,https://www.fenabrave.org.br/portal/files/2025_11_02.pdf
2025,11,2025-11,Comerciais leves,1,FIAT,STRADA,13019,https://www.fenabrave.org.br/portal/files/2025_11_02.pdf
2025,11,2025-11,Comerciais leves,2,VW,SAVEIRO,4796,https://www.fenabrave.org.br/portal/files/2025_11_02.pdf
2025,11,2025-11,Comerciais leves,3,FIAT,TORO,4268,https://www.fenabrave.org.br/portal/files/2025_11_02.pdf
2025,11,2025-11,Comerciais leves,4,TOYOTA,HILUX,4047,https://www.fenabrave.org.br/portal/files/2025_11_02.pdf
2025,11,2025-11,Comerciais leves,5,GM,S10,2998,https://www.fenabrave.org.br/portal/files/2025_11_02.pdf
2025,11,2025-11,Comerciais leves,6,FORD,RANGER,2676,https://www.fenabrave.org.br/portal/files/2025_11_02.pdf
2025,11,2025-11,Comerciais leves,7,RAM,RAMPAGE,2423,https://www.fenabrave.org.br/portal/files/2025_11_02.pdf
2025,11,2025-11,Comerciais leves,8,FIAT,FIORINO,1399,https://www.fenabrave.org.br/portal/files/2025_11_02.pdf
2025,11,2025-11,Comerciais leves,9,GM,MONTANA,1375,https://www.fenabrave.org.br/portal/files/2025_11_02.pdf
2025,11,2025-11,Comerciais leves,10,RENAULT,MASTER,1139,https://www.fenabrave.org.br/portal/files/2025_11_02.pdf
2025,11,2025-11,Comerciais leves,11,MITSUBISHI,TRITON,1045,https://www.fenabrave.org.br/portal/files/2025_11_02.pdf
2025,11,2025-11,Comerciais leves,12,RENAULT,OROCH,961,https://www.fenabrave.org.br/portal/files/2025_11_02.pdf
2025,11,2025-11,Comerciais leves,13,RENAULT,KANGOO,491,https://www.fenabrave.org.br/portal/files/2025_11_02.pdf
2025,11,2025-11,Comerciais leves,14,FIAT,TITANO,378,https://www.fenabrave.org.br/portal/files/2025_11_02.pdf
2025,11,2025-11,Comerciais leves,15,FORD,MAVERICK,370,https://www.fenabrave.org.br/portal/files/2025_11_02.pdf
2025,11,2025-11,Comerciais leves,16,GWM,POER,331,https://www.fenabrave.org.br/portal/files/2025_11_02.pdf
2025,11,2025-11,Comerciais leves,17,VW,AMAROK,326,https://www.fenabrave.org.br/portal/files/2025_11_02.pdf
2025,11,2025-11,Comerciais leves,18,FIAT,SCUDO,325,https://www.fenabrave.org.br/portal/files/2025_11_02.pdf
2025,11,2025-11,Comerciais leves,19,VW TRUCK E BUS,EXPRESS,217,https://www.fenabrave.org.br/portal/files/2025_11_02.pdf
2025,11,2025-11,Comerciais leves,20,IVECO,DAILY,205,https://www.fenabrave.org.br/portal/files/2025_11_02.pdf
2025,11,2025-11,Comerciais leves,21,KIA,K2500,194,https://www.fenabrave.org.br/portal/files/2025_11_02.pdf
2025,11,2025-11,Comerciais leves,22,EFFA,V21,185,https://www.fenabrave.org.br/portal/files/2025_11_02.pdf
2025,11,2025-11,Comerciais leves,23,FORD,TRANSIT,175,https://www.fenabrave.org.br/portal/files/2025_11_02.pdf
2025,11,2025-11,Comerciais leves,24,FIAT,DUCATO,167,https://www.fenabrave.org.br/portal/files/2025_11_02.pdf
2025,11,2025-11,Comerciais leves,25,KIA,UK2500,164,https://www.fenabrave.org.br/portal/files/2025_11_02.pdf
2025,11,2025-11,Comerciais leves,26,PEUGEOT,EXPERT,140,https://www.fenabrave.org.br/portal/files/2025_11_02.pdf
2025,11,2025-11,Comerciais leves,27,IVECO,DAILY 30-130,132,https://www.fenabrave.org.br/portal/files/2025_11_02.pdf
2025,11,2025-11,Comerciais leves,28,GM,SILVERADO,121,https://www.fenabrave.org.br/portal/files/2025_11_02.pdf
2025,11,2025-11,Comerciais leves,29,FORD,F150,89,https://www.fenabrave.org.br/portal/files/2025_11_02.pdf
2025,11,2025-11,Comerciais leves,30,BYD,SHARK,82,https://www.fenabrave.org.br/portal/files/2025_11_02.pdf
2025,11,2025-11,Comerciais leves,31,RAM,3500,81,https://www.fenabrave.org.br/portal/files/2025_11_02.pdf
2025,11,2025-11,Comerciais leves,32,HYUNDAI,HR,78,https://www.fenabrave.org.br/portal/files/2025_11_02.pdf
2025,11,2025-11,Comerciais leves,33,FOTON,AUMARK S 315,75,https://www.fenabrave.org.br/portal/files/2025_11_02.pdf
2025,11,2025-11,Comerciais leves,34,NISSAN,FRONTIER,74,https://www.fenabrave.org.br/portal/files/2025_11_02.pdf
2025,11,2025-11,Comerciais leves,35,M.BENZ,SPRINTER 317,58,https://www.fenabrave.org.br/portal/files/2025_11_02.pdf
2025,11,2025-11,Comerciais leves,36,CITROEN,JUMPY,54,https://www.fenabrave.org.br/portal/files/2025_11_02.pdf
2025,11,2025-11,Comerciais leves,37,FOTON,TUNLAND,54,https://www.fenabrave.org.br/portal/files/2025_11_02.pdf
2025,11,2025-11,Comerciais leves,38,TOYOTA,HIACE,49,https://www.fenabrave.org.br/portal/files/2025_11_02.pdf
2025,11,2025-11,Comerciais leves,39,SHINERAY,TLUX,44,https://www.fenabrave.org.br/portal/files/2025_11_02.pdf
2025,11,2025-11,Comerciais leves,40,PEUGEOT,PARTNER,43,https://www.fenabrave.org.br/portal/files/2025_11_02.pdf
2025,11,2025-11,Comerciais leves,41,M.BENZ,SPRINTER 417,37,https://www.fenabrave.org.br/portal/files/2025_11_02.pdf
2025,11,2025-11,Comerciais leves,42,JAC,HUNTER,31,https://www.fenabrave.org.br/portal/files/2025_11_02.pdf
2025,11,2025-11,Comerciais leves,43,EFFA,V22,29,https://www.fenabrave.org.br/portal/files/2025_11_02.pdf
2025,11,2025-11,Comerciais leves,44,RAM,2500,23,https://www.fenabrave.org.br/portal/files/2025_11_02.pdf
2025,11,2025-11,Comerciais leves,45,MITSUBISHI,L200,21,https://www.fenabrave.org.br/portal/files/2025_11_02.pdf
2025,11,2025-11,Comerciais leves,46,CITROEN,JUMPER,20,https://www.fenabrave.org.br/portal/files/2025_11_02.pdf
2025,11,2025-11,Comerciais leves,47,PEUGEOT,BOXER,18,https://www.fenabrave.org.br/portal/files/2025_11_02.pdf
2025,11,2025-11,Comerciais leves,48,RAM,1500,18,https://www.fenabrave.org.br/portal/files/2025_11_02.pdf
2025,11,2025-11,Comerciais leves,49,IVECO,DAILY 35-180,17,https://www.fenabrave.org.br/portal/files/2025_11_02.pdf
2025,11,2025-11,Comerciais leves,50,FEVER,ORCA,14,https://www.fenabrave.org.br/portal/files/2025_11_02.pdf
2025,12,2025-12,Automóveis,1,VW,T CROSS,10721,https://www.fenabrave.org.br/portal/files/2025_12_02.pdf
2025,12,2025-12,Automóveis,2,VW,TERA,10448,https://www.fenabrave.org.br/portal/files/2025_12_02.pdf
2025,12,2025-12,Automóveis,3,VW,POLO,10434,https://www.fenabrave.org.br/portal/files/2025_12_02.pdf
2025,12,2025-12,Automóveis,4,FIAT,ARGO,10256,https://www.fenabrave.org.br/portal/files/2025_12_02.pdf
2025,12,2025-12,Automóveis,5,HYUNDAI,HB20,8928,https://www.fenabrave.org.br/portal/files/2025_12_02.pdf
2025,12,2025-12,Automóveis,6,HYUNDAI,CRETA,8160,https://www.fenabrave.org.br/portal/files/2025_12_02.pdf
2025,12,2025-12,Automóveis,7,GM,ONIX,7995,https://www.fenabrave.org.br/portal/files/2025_12_02.pdf
2025,12,2025-12,Automóveis,8,BYD,SONG,7475,https://www.fenabrave.org.br/portal/files/2025_12_02.pdf
2025,12,2025-12,Automóveis,9,GM,ONIX PLUS,6642,https://www.fenabrave.org.br/portal/files/2025_12_02.pdf
2025,12,2025-12,Automóveis,10,JEEP,COMPASS,6640,https://www.fenabrave.org.br/portal/files/2025_12_02.pdf
2025,12,2025-12,Automóveis,11,NISSAN,KICKS,6433,https://www.fenabrave.org.br/portal/files/2025_12_02.pdf
2025,12,2025-12,Automóveis,12,FIAT,MOBI,6432,https://www.fenabrave.org.br/portal/files/2025_12_02.pdf
2025,12,2025-12,Automóveis,13,GM,TRACKER,6242,https://www.fenabrave.org.br/portal/files/2025_12_02.pdf
2025,12,2025-12,Automóveis,14,RENAULT,KWID,5784,https://www.fenabrave.org.br/portal/files/2025_12_02.pdf
2025,12,2025-12,Automóveis,15,FIAT,FASTBACK,5506,https://www.fenabrave.org.br/portal/files/2025_12_02.pdf
2025,12,2025-12,Automóveis,16,CAOA CHERY,TIGGO 7,4944,https://www.fenabrave.org.br/portal/files/2025_12_02.pdf
2025,12,2025-12,Automóveis,17,HONDA,HR-V,4401,https://www.fenabrave.org.br/portal/files/2025_12_02.pdf
2025,12,2025-12,Automóveis,18,VW,NIVUS,4213,https://www.fenabrave.org.br/portal/files/2025_12_02.pdf
2025,12,2025-12,Automóveis,19,JEEP,RENEGADE,4152,https://www.fenabrave.org.br/portal/files/2025_12_02.pdf
2025,12,2025-12,Automóveis,20,FIAT,PULSE,4114,https://www.fenabrave.org.br/portal/files/2025_12_02.pdf
2025,12,2025-12,Automóveis,21,BYD,DOLPHIN MINI,3889,https://www.fenabrave.org.br/portal/files/2025_12_02.pdf
2025,12,2025-12,Automóveis,22,GWM,HAVAL H6,3381,https://www.fenabrave.org.br/portal/files/2025_12_02.pdf
2025,12,2025-12,Automóveis,23,HYUNDAI,HB20S,3303,https://www.fenabrave.org.br/portal/files/2025_12_02.pdf
2025,12,2025-12,Automóveis,24,HONDA,WR-V,3229,https://www.fenabrave.org.br/portal/files/2025_12_02.pdf
2025,12,2025-12,Automóveis,25,CITROEN,BASALT,2980,https://www.fenabrave.org.br/portal/files/2025_12_02.pdf
2025,12,2025-12,Automóveis,26,FIAT,CRONOS,2883,https://www.fenabrave.org.br/portal/files/2025_12_02.pdf
2025,12,2025-12,Automóveis,27,TOYOTA,COROLLA CROSS,2628,https://www.fenabrave.org.br/portal/files/2025_12_02.pdf
2025,12,2025-12,Automóveis,28,JEEP,COMMANDER,2555,https://www.fenabrave.org.br/portal/files/2025_12_02.pdf
2025,12,2025-12,Automóveis,29,VW,VIRTUS,2425,https://www.fenabrave.org.br/portal/files/2025_12_02.pdf
2025,12,2025-12,Automóveis,30,BYD,DOLPHIN,2347,https://www.fenabrave.org.br/portal/files/2025_12_02.pdf
2025,12,2025-12,Automóveis,31,GM,SPIN,2331,https://www.fenabrave.org.br/portal/files/2025_12_02.pdf
2025,12,2025-12,Automóveis,32,TOYOTA,COROLLA,2272,https://www.fenabrave.org.br/portal/files/2025_12_02.pdf
2025,12,2025-12,Automóveis,33,TOYOTA,HILUX SW4,1913,https://www.fenabrave.org.br/portal/files/2025_12_02.pdf
2025,12,2025-12,Automóveis,34,CAOA CHERY,TIGGO 8,1651,https://www.fenabrave.org.br/portal/files/2025_12_02.pdf
2025,12,2025-12,Automóveis,35,RENAULT,DUSTER,1647,https://www.fenabrave.org.br/portal/files/2025_12_02.pdf
2025,12,2025-12,Automóveis,36,HONDA,CITY,1618,https://www.fenabrave.org.br/portal/files/2025_12_02.pdf
2025,12,2025-12,Automóveis,37,PEUGEOT,208,1600,https://www.fenabrave.org.br/portal/files/2025_12_02.pdf
2025,12,2025-12,Automóveis,38,GEELY,EX2,1557,https://www.fenabrave.org.br/portal/files/2025_12_02.pdf
2025,12,2025-12,Automóveis,39,HONDA,CITY HATCH,1493,https://www.fenabrave.org.br/portal/files/2025_12_02.pdf
2025,12,2025-12,Automóveis,40,RENAULT,BOREAL,1384,https://www.fenabrave.org.br/portal/files/2025_12_02.pdf
2025,12,2025-12,Automóveis,41,CITROEN,C3,1344,https://www.fenabrave.org.br/portal/files/2025_12_02.pdf
2025,12,2025-12,Automóveis,42,RENAULT,KARDIAN,1161,https://www.fenabrave.org.br/portal/files/2025_12_02.pdf
2025,12,2025-12,Automóveis,43,FORD,TERRITORY,1115,https://www.fenabrave.org.br/portal/files/2025_12_02.pdf
2025,12,2025-12,Automóveis,44,PEUGEOT,2008,1029,https://www.fenabrave.org.br/portal/files/2025_12_02.pdf
2025,12,2025-12,Automóveis,45,OMODA JAECOO,JAECOO 7,997,https://www.fenabrave.org.br/portal/files/2025_12_02.pdf
2025,12,2025-12,Automóveis,46,BYD,KING,956,https://www.fenabrave.org.br/portal/files/2025_12_02.pdf
2025,12,2025-12,Automóveis,47,MITSUBISHI,ECLIPSE CROSS,836,https://www.fenabrave.org.br/portal/files/2025_12_02.pdf
2025,12,2025-12,Automóveis,48,OMODA JAECOO,OMODA 5,791,https://www.fenabrave.org.br/portal/files/2025_12_02.pdf
2025,12,2025-12,Automóveis,49,GWM,HAVAL H9,774,https://www.fenabrave.org.br/portal/files/2025_12_02.pdf
2025,12,2025-12,Automóveis,50,NISSAN,VERSA,715,https://www.fenabrave.org.br/portal/files/2025_12_02.pdf
2025,12,2025-12,Comerciais leves,1,FIAT,STRADA,14536,https://www.fenabrave.org.br/portal/files/2025_12_02.pdf
2025,12,2025-12,Comerciais leves,2,VW,SAVEIRO,8165,https://www.fenabrave.org.br/portal/files/2025_12_02.pdf
2025,12,2025-12,Comerciais leves,3,FIAT,TORO,6275,https://www.fenabrave.org.br/portal/files/2025_12_02.pdf
2025,12,2025-12,Comerciais leves,4,TOYOTA,HILUX,4319,https://www.fenabrave.org.br/portal/files/2025_12_02.pdf
2025,12,2025-12,Comerciais leves,5,GM,S10,3583,https://www.fenabrave.org.br/portal/files/2025_12_02.pdf
2025,12,2025-12,Comerciais leves,6,FORD,RANGER,3255,https://www.fenabrave.org.br/portal/files/2025_12_02.pdf
2025,12,2025-12,Comerciais leves,7,RAM,RAMPAGE,3055,https://www.fenabrave.org.br/portal/files/2025_12_02.pdf
2025,12,2025-12,Comerciais leves,8,FIAT,FIORINO,2106,https://www.fenabrave.org.br/portal/files/2025_12_02.pdf
2025,12,2025-12,Comerciais leves,9,GM,MONTANA,1538,https://www.fenabrave.org.br/portal/files/2025_12_02.pdf
2025,12,2025-12,Comerciais leves,10,RENAULT,MASTER,1316,https://www.fenabrave.org.br/portal/files/2025_12_02.pdf
2025,12,2025-12,Comerciais leves,11,RENAULT,OROCH,1229,https://www.fenabrave.org.br/portal/files/2025_12_02.pdf
2025,12,2025-12,Comerciais leves,12,MITSUBISHI,TRITON,1222,https://www.fenabrave.org.br/portal/files/2025_12_02.pdf
2025,12,2025-12,Comerciais leves,13,FORD,MAVERICK,738,https://www.fenabrave.org.br/portal/files/2025_12_02.pdf
2025,12,2025-12,Comerciais leves,14,FIAT,TITANO,674,https://www.fenabrave.org.br/portal/files/2025_12_02.pdf
2025,12,2025-12,Comerciais leves,15,RENAULT,KANGOO,384,https://www.fenabrave.org.br/portal/files/2025_12_02.pdf
2025,12,2025-12,Comerciais leves,16,VW,AMAROK,363,https://www.fenabrave.org.br/portal/files/2025_12_02.pdf
2025,12,2025-12,Comerciais leves,17,GWM,POER,339,https://www.fenabrave.org.br/portal/files/2025_12_02.pdf
2025,12,2025-12,Comerciais leves,18,FIAT,SCUDO,313,https://www.fenabrave.org.br/portal/files/2025_12_02.pdf
2025,12,2025-12,Comerciais leves,19,FIAT,DUCATO,240,https://www.fenabrave.org.br/portal/files/2025_12_02.pdf
2025,12,2025-12,Comerciais leves,20,KIA,K2500,210,https://www.fenabrave.org.br/portal/files/2025_12_02.pdf
2025,12,2025-12,Comerciais leves,21,VW TRUCK E BUS,EXPRESS,195,https://www.fenabrave.org.br/portal/files/2025_12_02.pdf
2025,12,2025-12,Comerciais leves,22,GM,SILVERADO,191,https://www.fenabrave.org.br/portal/files/2025_12_02.pdf
2025,12,2025-12,Comerciais leves,23,PEUGEOT,EXPERT,178,https://www.fenabrave.org.br/portal/files/2025_12_02.pdf
2025,12,2025-12,Comerciais leves,24,EFFA,V21,177,https://www.fenabrave.org.br/portal/files/2025_12_02.pdf
2025,12,2025-12,Comerciais leves,25,IVECO,DAILY 30-130,165,https://www.fenabrave.org.br/portal/files/2025_12_02.pdf
2025,12,2025-12,Comerciais leves,26,IVECO,DAILY,161,https://www.fenabrave.org.br/portal/files/2025_12_02.pdf
2025,12,2025-12,Comerciais leves,27,FORD,TRANSIT,144,https://www.fenabrave.org.br/portal/files/2025_12_02.pdf
2025,12,2025-12,Comerciais leves,28,BYD,SHARK,129,https://www.fenabrave.org.br/portal/files/2025_12_02.pdf
2025,12,2025-12,Comerciais leves,29,CITROEN,JUMPY,126,https://www.fenabrave.org.br/portal/files/2025_12_02.pdf
2025,12,2025-12,Comerciais leves,30,FORD,F150,106,https://www.fenabrave.org.br/portal/files/2025_12_02.pdf
2025,12,2025-12,Comerciais leves,31,M.BENZ,SPRINTER 317,97,https://www.fenabrave.org.br/portal/files/2025_12_02.pdf
2025,12,2025-12,Comerciais leves,32,FOTON,AUMARK S 315,82,https://www.fenabrave.org.br/portal/files/2025_12_02.pdf
2025,12,2025-12,Comerciais leves,33,TOYOTA,HIACE,80,https://www.fenabrave.org.br/portal/files/2025_12_02.pdf
2025,12,2025-12,Comerciais leves,34,KIA,UK2500,77,https://www.fenabrave.org.br/portal/files/2025_12_02.pdf
2025,12,2025-12,Comerciais leves,35,NISSAN,FRONTIER,70,https://www.fenabrave.org.br/portal/files/2025_12_02.pdf
2025,12,2025-12,Comerciais leves,36,SHINERAY,TLUX,51,https://www.fenabrave.org.br/portal/files/2025_12_02.pdf
2025,12,2025-12,Comerciais leves,37,RAM,3500,51,https://www.fenabrave.org.br/portal/files/2025_12_02.pdf
2025,12,2025-12,Comerciais leves,38,HYUNDAI,HR,47,https://www.fenabrave.org.br/portal/files/2025_12_02.pdf
2025,12,2025-12,Comerciais leves,39,JAC,HUNTER,47,https://www.fenabrave.org.br/portal/files/2025_12_02.pdf
2025,12,2025-12,Comerciais leves,40,PEUGEOT,PARTNER,40,https://www.fenabrave.org.br/portal/files/2025_12_02.pdf
2025,12,2025-12,Comerciais leves,41,EFFA,V22,40,https://www.fenabrave.org.br/portal/files/2025_12_02.pdf
2025,12,2025-12,Comerciais leves,42,M.BENZ,SPRINTER 417,36,https://www.fenabrave.org.br/portal/files/2025_12_02.pdf
2025,12,2025-12,Comerciais leves,43,MITSUBISHI,L200,29,https://www.fenabrave.org.br/portal/files/2025_12_02.pdf
2025,12,2025-12,Comerciais leves,44,M.BENZ,ESPRINTER 320,27,https://www.fenabrave.org.br/portal/files/2025_12_02.pdf
2025,12,2025-12,Comerciais leves,45,FOTON,TUNLAND,24,https://www.fenabrave.org.br/portal/files/2025_12_02.pdf
2025,12,2025-12,Comerciais leves,46,RAM,2500,23,https://www.fenabrave.org.br/portal/files/2025_12_02.pdf
2025,12,2025-12,Comerciais leves,47,CITROEN,JUMPER,16,https://www.fenabrave.org.br/portal/files/2025_12_02.pdf
2025,12,2025-12,Comerciais leves,48,RAM,1500,14,https://www.fenabrave.org.br/portal/files/2025_12_02.pdf
2025,12,2025-12,Comerciais leves,49,M.BENZ,SPRINTER,13,https://www.fenabrave.org.br/portal/files/2025_12_02.pdf
2025,12,2025-12,Comerciais leves,50,PEUGEOT,BOXER,12,https://www.fenabrave.org.br/portal/files/2025_12_02.pdf
2026,1,2026-01,Automóveis,1,VW,T CROSS,5741,https://www.fenabrave.org.br/portal/files/2026_01_02.pdf
2026,1,2026-01,Automóveis,2,VW,POLO,5699,https://www.fenabrave.org.br/portal/files/2026_01_02.pdf
2026,1,2026-01,Automóveis,3,FIAT,ARGO,5177,https://www.fenabrave.org.br/portal/files/2026_01_02.pdf
2026,1,2026-01,Automóveis,4,VW,TERA,4992,https://www.fenabrave.org.br/portal/files/2026_01_02.pdf
2026,1,2026-01,Automóveis,5,GM,ONIX,4948,https://www.fenabrave.org.br/portal/files/2026_01_02.pdf
2026,1,2026-01,Automóveis,6,GM,TRACKER,4532,https://www.fenabrave.org.br/portal/files/2026_01_02.pdf
2026,1,2026-01,Automóveis,7,JEEP,COMPASS,4503,https://www.fenabrave.org.br/portal/files/2026_01_02.pdf
2026,1,2026-01,Automóveis,8,HYUNDAI,CRETA,4429,https://www.fenabrave.org.br/portal/files/2026_01_02.pdf
2026,1,2026-01,Automóveis,9,HYUNDAI,HB20,4065,https://www.fenabrave.org.br/portal/files/2026_01_02.pdf
2026,1,2026-01,Automóveis,10,FIAT,FASTBACK,3927,https://www.fenabrave.org.br/portal/files/2026_01_02.pdf
2026,1,2026-01,Automóveis,11,BYD,SONG,3802,https://www.fenabrave.org.br/portal/files/2026_01_02.pdf
2026,1,2026-01,Automóveis,12,FIAT,MOBI,3530,https://www.fenabrave.org.br/portal/files/2026_01_02.pdf
2026,1,2026-01,Automóveis,13,FIAT,PULSE,3193,https://www.fenabrave.org.br/portal/files/2026_01_02.pdf
2026,1,2026-01,Automóveis,14,VW,NIVUS,3167,https://www.fenabrave.org.br/portal/files/2026_01_02.pdf
2026,1,2026-01,Automóveis,15,NISSAN,KICKS,3058,https://www.fenabrave.org.br/portal/files/2026_01_02.pdf
2026,1,2026-01,Automóveis,16,JEEP,RENEGADE,3052,https://www.fenabrave.org.br/portal/files/2026_01_02.pdf
2026,1,2026-01,Automóveis,17,BYD,DOLPHIN MINI,2840,https://www.fenabrave.org.br/portal/files/2026_01_02.pdf
2026,1,2026-01,Automóveis,18,HONDA,HR-V,2773,https://www.fenabrave.org.br/portal/files/2026_01_02.pdf
2026,1,2026-01,Automóveis,19,GWM,HAVAL H6,2628,https://www.fenabrave.org.br/portal/files/2026_01_02.pdf
2026,1,2026-01,Automóveis,20,RENAULT,KWID,2613,https://www.fenabrave.org.br/portal/files/2026_01_02.pdf
2026,1,2026-01,Automóveis,21,TOYOTA,COROLLA CROSS,2176,https://www.fenabrave.org.br/portal/files/2026_01_02.pdf
2026,1,2026-01,Automóveis,22,CAOA CHERY,TIGGO 7,1937,https://www.fenabrave.org.br/portal/files/2026_01_02.pdf
2026,1,2026-01,Automóveis,23,GM,ONIX PLUS,1869,https://www.fenabrave.org.br/portal/files/2026_01_02.pdf
2026,1,2026-01,Automóveis,24,HONDA,WR-V,1812,https://www.fenabrave.org.br/portal/files/2026_01_02.pdf
2026,1,2026-01,Automóveis,25,VW,VIRTUS,1645,https://www.fenabrave.org.br/portal/files/2026_01_02.pdf
2026,1,2026-01,Automóveis,26,HYUNDAI,HB20S,1580,https://www.fenabrave.org.br/portal/files/2026_01_02.pdf
2026,1,2026-01,Automóveis,27,BYD,DOLPHIN,1511,https://www.fenabrave.org.br/portal/files/2026_01_02.pdf
2026,1,2026-01,Automóveis,28,TOYOTA,COROLLA,1399,https://www.fenabrave.org.br/portal/files/2026_01_02.pdf
2026,1,2026-01,Automóveis,29,FIAT,CRONOS,1360,https://www.fenabrave.org.br/portal/files/2026_01_02.pdf
2026,1,2026-01,Automóveis,30,JEEP,COMMANDER,1330,https://www.fenabrave.org.br/portal/files/2026_01_02.pdf
2026,1,2026-01,Automóveis,31,CAOA CHERY,TIGGO 8,1271,https://www.fenabrave.org.br/portal/files/2026_01_02.pdf
2026,1,2026-01,Automóveis,32,GM,SPIN,1235,https://www.fenabrave.org.br/portal/files/2026_01_02.pdf
2026,1,2026-01,Automóveis,33,TOYOTA,HILUX SW4,1231,https://www.fenabrave.org.br/portal/files/2026_01_02.pdf
2026,1,2026-01,Automóveis,34,VW,TAOS,1225,https://www.fenabrave.org.br/portal/files/2026_01_02.pdf
2026,1,2026-01,Automóveis,35,RENAULT,KARDIAN,1210,https://www.fenabrave.org.br/portal/files/2026_01_02.pdf
2026,1,2026-01,Automóveis,36,GEELY,EX2,1124,https://www.fenabrave.org.br/portal/files/2026_01_02.pdf
2026,1,2026-01,Automóveis,37,HONDA,CITY HATCH,1071,https://www.fenabrave.org.br/portal/files/2026_01_02.pdf
2026,1,2026-01,Automóveis,38,OMODA JAECOO,OMODA 5,1067,https://www.fenabrave.org.br/portal/files/2026_01_02.pdf
2026,1,2026-01,Automóveis,39,CITROEN,BASALT,1027,https://www.fenabrave.org.br/portal/files/2026_01_02.pdf
2026,1,2026-01,Automóveis,40,CITROEN,C3,1027,https://www.fenabrave.org.br/portal/files/2026_01_02.pdf
2026,1,2026-01,Automóveis,41,HONDA,CITY,987,https://www.fenabrave.org.br/portal/files/2026_01_02.pdf
2026,1,2026-01,Automóveis,42,RENAULT,DUSTER,936,https://www.fenabrave.org.br/portal/files/2026_01_02.pdf
2026,1,2026-01,Automóveis,43,GWM,HAVAL H9,882,https://www.fenabrave.org.br/portal/files/2026_01_02.pdf
2026,1,2026-01,Automóveis,44,FORD,TERRITORY,851,https://www.fenabrave.org.br/portal/files/2026_01_02.pdf
2026,1,2026-01,Automóveis,45,BYD,KING,840,https://www.fenabrave.org.br/portal/files/2026_01_02.pdf
2026,1,2026-01,Automóveis,46,PEUGEOT,2008,774,https://www.fenabrave.org.br/portal/files/2026_01_02.pdf
2026,1,2026-01,Automóveis,47,NISSAN,VERSA,653,https://www.fenabrave.org.br/portal/files/2026_01_02.pdf
2026,1,2026-01,Automóveis,48,NISSAN,KAIT,644,https://www.fenabrave.org.br/portal/files/2026_01_02.pdf
2026,1,2026-01,Automóveis,49,RENAULT,BOREAL,641,https://www.fenabrave.org.br/portal/files/2026_01_02.pdf
2026,1,2026-01,Automóveis,50,PEUGEOT,208,568,https://www.fenabrave.org.br/portal/files/2026_01_02.pdf
2026,1,2026-01,Comerciais leves,1,FIAT,STRADA,10541,https://www.fenabrave.org.br/portal/files/2026_01_02.pdf
2026,1,2026-01,Comerciais leves,2,TOYOTA,HILUX,4137,https://www.fenabrave.org.br/portal/files/2026_01_02.pdf
2026,1,2026-01,Comerciais leves,3,FIAT,TORO,4094,https://www.fenabrave.org.br/portal/files/2026_01_02.pdf
2026,1,2026-01,Comerciais leves,4,VW,SAVEIRO,2863,https://www.fenabrave.org.br/portal/files/2026_01_02.pdf
2026,1,2026-01,Comerciais leves,5,FORD,RANGER,2345,https://www.fenabrave.org.br/portal/files/2026_01_02.pdf
2026,1,2026-01,Comerciais leves,6,RAM,RAMPAGE,2144,https://www.fenabrave.org.br/portal/files/2026_01_02.pdf
2026,1,2026-01,Comerciais leves,7,GM,S10,1854,https://www.fenabrave.org.br/portal/files/2026_01_02.pdf
2026,1,2026-01,Comerciais leves,8,FIAT,FIORINO,1359,https://www.fenabrave.org.br/portal/files/2026_01_02.pdf
2026,1,2026-01,Comerciais leves,9,RENAULT,OROCH,1065,https://www.fenabrave.org.br/portal/files/2026_01_02.pdf
2026,1,2026-01,Comerciais leves,10,RENAULT,MASTER,969,https://www.fenabrave.org.br/portal/files/2026_01_02.pdf
2026,1,2026-01,Comerciais leves,11,GM,MONTANA,955,https://www.fenabrave.org.br/portal/files/2026_01_02.pdf
2026,1,2026-01,Comerciais leves,12,MITSUBISHI,TRITON,644,https://www.fenabrave.org.br/portal/files/2026_01_02.pdf
2026,1,2026-01,Comerciais leves,13,FIAT,TITANO,500,https://www.fenabrave.org.br/portal/files/2026_01_02.pdf
2026,1,2026-01,Comerciais leves,14,FORD,MAVERICK,345,https://www.fenabrave.org.br/portal/files/2026_01_02.pdf
2026,1,2026-01,Comerciais leves,15,FIAT,SCUDO,336,https://www.fenabrave.org.br/portal/files/2026_01_02.pdf
2026,1,2026-01,Comerciais leves,16,RENAULT,KANGOO,264,https://www.fenabrave.org.br/portal/files/2026_01_02.pdf
2026,1,2026-01,Comerciais leves,17,GWM,POER,245,https://www.fenabrave.org.br/portal/files/2026_01_02.pdf
2026,1,2026-01,Comerciais leves,18,FIAT,DUCATO,239,https://www.fenabrave.org.br/portal/files/2026_01_02.pdf
2026,1,2026-01,Comerciais leves,19,KIA,K2500,238,https://www.fenabrave.org.br/portal/files/2026_01_02.pdf
2026,1,2026-01,Comerciais leves,20,EFFA,V21,232,https://www.fenabrave.org.br/portal/files/2026_01_02.pdf
2026,1,2026-01,Comerciais leves,21,VW,AMAROK,218,https://www.fenabrave.org.br/portal/files/2026_01_02.pdf
2026,1,2026-01,Comerciais leves,22,VW TRUCK E BUS,EXPRESS,140,https://www.fenabrave.org.br/portal/files/2026_01_02.pdf
2026,1,2026-01,Comerciais leves,23,PEUGEOT,EXPERT,138,https://www.fenabrave.org.br/portal/files/2026_01_02.pdf
2026,1,2026-01,Comerciais leves,24,GM,SILVERADO,125,https://www.fenabrave.org.br/portal/files/2026_01_02.pdf
2026,1,2026-01,Comerciais leves,25,IVECO,DAILY,121,https://www.fenabrave.org.br/portal/files/2026_01_02.pdf
2026,1,2026-01,Comerciais leves,26,TOYOTA,HIACE,109,https://www.fenabrave.org.br/portal/files/2026_01_02.pdf
2026,1,2026-01,Comerciais leves,27,FORD,TRANSIT,101,https://www.fenabrave.org.br/portal/files/2026_01_02.pdf
2026,1,2026-01,Comerciais leves,28,NISSAN,FRONTIER,99,https://www.fenabrave.org.br/portal/files/2026_01_02.pdf
2026,1,2026-01,Comerciais leves,29,IVECO,DAILY 30-130,84,https://www.fenabrave.org.br/portal/files/2026_01_02.pdf
2026,1,2026-01,Comerciais leves,30,CITROEN,JUMPY,73,https://www.fenabrave.org.br/portal/files/2026_01_02.pdf
2026,1,2026-01,Comerciais leves,31,FOTON,AUMARK S 315,71,https://www.fenabrave.org.br/portal/files/2026_01_02.pdf
2026,1,2026-01,Comerciais leves,32,FORD,F150,67,https://www.fenabrave.org.br/portal/files/2026_01_02.pdf
2026,1,2026-01,Comerciais leves,33,JAC,HUNTER,64,https://www.fenabrave.org.br/portal/files/2026_01_02.pdf
2026,1,2026-01,Comerciais leves,34,MITSUBISHI,L200,61,https://www.fenabrave.org.br/portal/files/2026_01_02.pdf
2026,1,2026-01,Comerciais leves,35,M.BENZ,SPRINTER 317,50,https://www.fenabrave.org.br/portal/files/2026_01_02.pdf
2026,1,2026-01,Comerciais leves,36,EFFA,V22,49,https://www.fenabrave.org.br/portal/files/2026_01_02.pdf
2026,1,2026-01,Comerciais leves,37,BYD,SHARK,46,https://www.fenabrave.org.br/portal/files/2026_01_02.pdf
2026,1,2026-01,Comerciais leves,38,M.BENZ,SPRINTER 417,41,https://www.fenabrave.org.br/portal/files/2026_01_02.pdf
2026,1,2026-01,Comerciais leves,39,SHINERAY,TLUX,34,https://www.fenabrave.org.br/portal/files/2026_01_02.pdf
2026,1,2026-01,Comerciais leves,40,RAM,3500,34,https://www.fenabrave.org.br/portal/files/2026_01_02.pdf
2026,1,2026-01,Comerciais leves,41,PEUGEOT,PARTNER,32,https://www.fenabrave.org.br/portal/files/2026_01_02.pdf
2026,1,2026-01,Comerciais leves,42,HYUNDAI,HR,31,https://www.fenabrave.org.br/portal/files/2026_01_02.pdf
2026,1,2026-01,Comerciais leves,43,KIA,UK2500,31,https://www.fenabrave.org.br/portal/files/2026_01_02.pdf
2026,1,2026-01,Comerciais leves,44,RAM,DAKOTA,25,https://www.fenabrave.org.br/portal/files/2026_01_02.pdf
2026,1,2026-01,Comerciais leves,45,FOTON,TUNLAND,24,https://www.fenabrave.org.br/portal/files/2026_01_02.pdf
2026,1,2026-01,Comerciais leves,46,PEUGEOT,BOXER,22,https://www.fenabrave.org.br/portal/files/2026_01_02.pdf
2026,1,2026-01,Comerciais leves,47,IVECO,DAILY 35-180,20,https://www.fenabrave.org.br/portal/files/2026_01_02.pdf
2026,1,2026-01,Comerciais leves,48,RAM,2500,13,https://www.fenabrave.org.br/portal/files/2026_01_02.pdf
2026,1,2026-01,Comerciais leves,49,CITROEN,JUMPER,11,https://www.fenabrave.org.br/portal/files/2026_01_02.pdf
2026,1,2026-01,Comerciais leves,50,RAM,1500,8,https://www.fenabrave.org.br/portal/files/2026_01_02.pdf
2026,2,2026-02,Automóveis,1,VW,POLO,7517,https://www.fenabrave.org.br/portal/files/2026_02_02.pdf
2026,2,2026-02,Automóveis,2,FIAT,MOBI,6560,https://www.fenabrave.org.br/portal/files/2026_02_02.pdf
2026,2,2026-02,Automóveis,3,FIAT,ARGO,6478,https://www.fenabrave.org.br/portal/files/2026_02_02.pdf
2026,2,2026-02,Automóveis,4,GM,ONIX,6450,https://www.fenabrave.org.br/portal/files/2026_02_02.pdf
2026,2,2026-02,Automóveis,5,VW,T CROSS,5667,https://www.fenabrave.org.br/portal/files/2026_02_02.pdf
2026,2,2026-02,Automóveis,6,VW,TERA,5358,https://www.fenabrave.org.br/portal/files/2026_02_02.pdf
2026,2,2026-02,Automóveis,7,RENAULT,KWID,5194,https://www.fenabrave.org.br/portal/files/2026_02_02.pdf
2026,2,2026-02,Automóveis,8,HYUNDAI,HB20,5124,https://www.fenabrave.org.br/portal/files/2026_02_02.pdf
2026,2,2026-02,Automóveis,9,HYUNDAI,CRETA,5045,https://www.fenabrave.org.br/portal/files/2026_02_02.pdf
2026,2,2026-02,Automóveis,10,BYD,DOLPHIN MINI,4874,https://www.fenabrave.org.br/portal/files/2026_02_02.pdf
2026,2,2026-02,Automóveis,11,JEEP,COMPASS,4169,https://www.fenabrave.org.br/portal/files/2026_02_02.pdf
2026,2,2026-02,Automóveis,12,GM,TRACKER,4003,https://www.fenabrave.org.br/portal/files/2026_02_02.pdf
2026,2,2026-02,Automóveis,13,VW,NIVUS,3851,https://www.fenabrave.org.br/portal/files/2026_02_02.pdf
2026,2,2026-02,Automóveis,14,FIAT,FASTBACK,3833,https://www.fenabrave.org.br/portal/files/2026_02_02.pdf
2026,2,2026-02,Automóveis,15,BYD,SONG,3702,https://www.fenabrave.org.br/portal/files/2026_02_02.pdf
2026,2,2026-02,Automóveis,16,GWM,HAVAL H6,3237,https://www.fenabrave.org.br/portal/files/2026_02_02.pdf
2026,2,2026-02,Automóveis,17,FIAT,PULSE,3057,https://www.fenabrave.org.br/portal/files/2026_02_02.pdf
2026,2,2026-02,Automóveis,18,HONDA,HR-V,2948,https://www.fenabrave.org.br/portal/files/2026_02_02.pdf
2026,2,2026-02,Automóveis,19,TOYOTA,COROLLA CROSS,2899,https://www.fenabrave.org.br/portal/files/2026_02_02.pdf
2026,2,2026-02,Automóveis,20,NISSAN,KICKS,2875,https://www.fenabrave.org.br/portal/files/2026_02_02.pdf
2026,2,2026-02,Automóveis,21,JEEP,RENEGADE,2686,https://www.fenabrave.org.br/portal/files/2026_02_02.pdf
2026,2,2026-02,Automóveis,22,HONDA,WR-V,2630,https://www.fenabrave.org.br/portal/files/2026_02_02.pdf
2026,2,2026-02,Automóveis,23,VW,VIRTUS,2489,https://www.fenabrave.org.br/portal/files/2026_02_02.pdf
2026,2,2026-02,Automóveis,24,CAOA CHERY,TIGGO 7,2205,https://www.fenabrave.org.br/portal/files/2026_02_02.pdf
2026,2,2026-02,Automóveis,25,TOYOTA,COROLLA,2149,https://www.fenabrave.org.br/portal/files/2026_02_02.pdf
2026,2,2026-02,Automóveis,26,GM,ONIX PLUS,1994,https://www.fenabrave.org.br/portal/files/2026_02_02.pdf
2026,2,2026-02,Automóveis,27,FIAT,CRONOS,1856,https://www.fenabrave.org.br/portal/files/2026_02_02.pdf
2026,2,2026-02,Automóveis,28,HYUNDAI,HB20S,1855,https://www.fenabrave.org.br/portal/files/2026_02_02.pdf
2026,2,2026-02,Automóveis,29,JEEP,COMMANDER,1371,https://www.fenabrave.org.br/portal/files/2026_02_02.pdf
2026,2,2026-02,Automóveis,30,NISSAN,KAIT,1294,https://www.fenabrave.org.br/portal/files/2026_02_02.pdf
2026,2,2026-02,Automóveis,31,BYD,DOLPHIN,1193,https://www.fenabrave.org.br/portal/files/2026_02_02.pdf
2026,2,2026-02,Automóveis,32,OMODA JAECOO,OMODA 5,1179,https://www.fenabrave.org.br/portal/files/2026_02_02.pdf
2026,2,2026-02,Automóveis,33,RENAULT,KARDIAN,1122,https://www.fenabrave.org.br/portal/files/2026_02_02.pdf
2026,2,2026-02,Automóveis,34,HONDA,CITY,1058,https://www.fenabrave.org.br/portal/files/2026_02_02.pdf
2026,2,2026-02,Automóveis,35,TOYOTA,HILUX SW4,1031,https://www.fenabrave.org.br/portal/files/2026_02_02.pdf
2026,2,2026-02,Automóveis,36,GM,SPIN,1024,https://www.fenabrave.org.br/portal/files/2026_02_02.pdf
2026,2,2026-02,Automóveis,37,VW,TAOS,1022,https://www.fenabrave.org.br/portal/files/2026_02_02.pdf
2026,2,2026-02,Automóveis,38,CAOA CHERY,TIGGO 8,973,https://www.fenabrave.org.br/portal/files/2026_02_02.pdf
2026,2,2026-02,Automóveis,39,CITROEN,BASALT,971,https://www.fenabrave.org.br/portal/files/2026_02_02.pdf
2026,2,2026-02,Automóveis,40,RENAULT,DUSTER,951,https://www.fenabrave.org.br/portal/files/2026_02_02.pdf
2026,2,2026-02,Automóveis,41,BYD,KING,907,https://www.fenabrave.org.br/portal/files/2026_02_02.pdf
2026,2,2026-02,Automóveis,42,HONDA,CITY HATCH,873,https://www.fenabrave.org.br/portal/files/2026_02_02.pdf
2026,2,2026-02,Automóveis,43,CITROEN,C3,779,https://www.fenabrave.org.br/portal/files/2026_02_02.pdf
2026,2,2026-02,Automóveis,44,FORD,TERRITORY,682,https://www.fenabrave.org.br/portal/files/2026_02_02.pdf
2026,2,2026-02,Automóveis,45,GWM,HAVAL H9,672,https://www.fenabrave.org.br/portal/files/2026_02_02.pdf
2026,2,2026-02,Automóveis,46,NISSAN,VERSA,625,https://www.fenabrave.org.br/portal/files/2026_02_02.pdf
2026,2,2026-02,Automóveis,47,RENAULT,BOREAL,611,https://www.fenabrave.org.br/portal/files/2026_02_02.pdf
2026,2,2026-02,Automóveis,48,TOYOTA,YARIS CROSS,593,https://www.fenabrave.org.br/portal/files/2026_02_02.pdf
2026,2,2026-02,Automóveis,49,MITSUBISHI,ECLIPSE CROSS,555,https://www.fenabrave.org.br/portal/files/2026_02_02.pdf
2026,2,2026-02,Automóveis,50,PEUGEOT,2008,551,https://www.fenabrave.org.br/portal/files/2026_02_02.pdf
2026,2,2026-02,Comerciais leves,1,FIAT,STRADA,11191,https://www.fenabrave.org.br/portal/files/2026_02_02.pdf
2026,2,2026-02,Comerciais leves,2,FIAT,TORO,3941,https://www.fenabrave.org.br/portal/files/2026_02_02.pdf
2026,2,2026-02,Comerciais leves,3,TOYOTA,HILUX,3304,https://www.fenabrave.org.br/portal/files/2026_02_02.pdf
2026,2,2026-02,Comerciais leves,4,VW,SAVEIRO,2827,https://www.fenabrave.org.br/portal/files/2026_02_02.pdf
2026,2,2026-02,Comerciais leves,5,FORD,RANGER,2048,https://www.fenabrave.org.br/portal/files/2026_02_02.pdf
2026,2,2026-02,Comerciais leves,6,RAM,RAMPAGE,1889,https://www.fenabrave.org.br/portal/files/2026_02_02.pdf
2026,2,2026-02,Comerciais leves,7,FIAT,FIORINO,1821,https://www.fenabrave.org.br/portal/files/2026_02_02.pdf
2026,2,2026-02,Comerciais leves,8,GM,S10,1578,https://www.fenabrave.org.br/portal/files/2026_02_02.pdf
2026,2,2026-02,Comerciais leves,9,GM,MONTANA,1066,https://www.fenabrave.org.br/portal/files/2026_02_02.pdf
2026,2,2026-02,Comerciais leves,10,RENAULT,OROCH,808,https://www.fenabrave.org.br/portal/files/2026_02_02.pdf
2026,2,2026-02,Comerciais leves,11,MITSUBISHI,TRITON,710,https://www.fenabrave.org.br/portal/files/2026_02_02.pdf
2026,2,2026-02,Comerciais leves,12,RENAULT,MASTER,655,https://www.fenabrave.org.br/portal/files/2026_02_02.pdf
2026,2,2026-02,Comerciais leves,13,FIAT,TITANO,367,https://www.fenabrave.org.br/portal/files/2026_02_02.pdf
2026,2,2026-02,Comerciais leves,14,FIAT,SCUDO,364,https://www.fenabrave.org.br/portal/files/2026_02_02.pdf
2026,2,2026-02,Comerciais leves,15,KIA,K2500,324,https://www.fenabrave.org.br/portal/files/2026_02_02.pdf
2026,2,2026-02,Comerciais leves,16,FORD,MAVERICK,297,https://www.fenabrave.org.br/portal/files/2026_02_02.pdf
2026,2,2026-02,Comerciais leves,17,GWM,POER,258,https://www.fenabrave.org.br/portal/files/2026_02_02.pdf
2026,2,2026-02,Comerciais leves,18,VW,AMAROK,233,https://www.fenabrave.org.br/portal/files/2026_02_02.pdf
2026,2,2026-02,Comerciais leves,19,VW TRUCK E BUS,EXPRESS,204,https://www.fenabrave.org.br/portal/files/2026_02_02.pdf
2026,2,2026-02,Comerciais leves,20,FIAT,DUCATO,197,https://www.fenabrave.org.br/portal/files/2026_02_02.pdf
2026,2,2026-02,Comerciais leves,21,FORD,TRANSIT,195,https://www.fenabrave.org.br/portal/files/2026_02_02.pdf
2026,2,2026-02,Comerciais leves,22,TOYOTA,HIACE,185,https://www.fenabrave.org.br/portal/files/2026_02_02.pdf
2026,2,2026-02,Comerciais leves,23,EFFA,V21,185,https://www.fenabrave.org.br/portal/files/2026_02_02.pdf
2026,2,2026-02,Comerciais leves,24,IVECO,DAILY,177,https://www.fenabrave.org.br/portal/files/2026_02_02.pdf
2026,2,2026-02,Comerciais leves,25,RENAULT,KANGOO,175,https://www.fenabrave.org.br/portal/files/2026_02_02.pdf
2026,2,2026-02,Comerciais leves,26,PEUGEOT,EXPERT,130,https://www.fenabrave.org.br/portal/files/2026_02_02.pdf
2026,2,2026-02,Comerciais leves,27,RAM,DAKOTA,114,https://www.fenabrave.org.br/portal/files/2026_02_02.pdf
2026,2,2026-02,Comerciais leves,28,CITROEN,JUMPY,92,https://www.fenabrave.org.br/portal/files/2026_02_02.pdf
2026,2,2026-02,Comerciais leves,29,GM,SILVERADO,86,https://www.fenabrave.org.br/portal/files/2026_02_02.pdf
2026,2,2026-02,Comerciais leves,30,NISSAN,FRONTIER,83,https://www.fenabrave.org.br/portal/files/2026_02_02.pdf
2026,2,2026-02,Comerciais leves,31,FOTON,AUMARK S 315,78,https://www.fenabrave.org.br/portal/files/2026_02_02.pdf
2026,2,2026-02,Comerciais leves,32,IVECO,DAILY 30-130,77,https://www.fenabrave.org.br/portal/files/2026_02_02.pdf
2026,2,2026-02,Comerciais leves,33,FORD,F150,75,https://www.fenabrave.org.br/portal/files/2026_02_02.pdf
2026,2,2026-02,Comerciais leves,34,M.BENZ,SPRINTER 417,55,https://www.fenabrave.org.br/portal/files/2026_02_02.pdf
2026,2,2026-02,Comerciais leves,35,M.BENZ,SPRINTER 317,53,https://www.fenabrave.org.br/portal/files/2026_02_02.pdf
2026,2,2026-02,Comerciais leves,36,BYD,SHARK,51,https://www.fenabrave.org.br/portal/files/2026_02_02.pdf
2026,2,2026-02,Comerciais leves,37,SHINERAY,TLUX,45,https://www.fenabrave.org.br/portal/files/2026_02_02.pdf
2026,2,2026-02,Comerciais leves,38,FOTON,TUNLAND,44,https://www.fenabrave.org.br/portal/files/2026_02_02.pdf
2026,2,2026-02,Comerciais leves,39,JAC,HUNTER,39,https://www.fenabrave.org.br/portal/files/2026_02_02.pdf
2026,2,2026-02,Comerciais leves,40,PEUGEOT,PARTNER,34,https://www.fenabrave.org.br/portal/files/2026_02_02.pdf
2026,2,2026-02,Comerciais leves,41,EFFA,V22,34,https://www.fenabrave.org.br/portal/files/2026_02_02.pdf
2026,2,2026-02,Comerciais leves,42,CITROEN,JUMPER,28,https://www.fenabrave.org.br/portal/files/2026_02_02.pdf
2026,2,2026-02,Comerciais leves,43,RAM,3500,25,https://www.fenabrave.org.br/portal/files/2026_02_02.pdf
2026,2,2026-02,Comerciais leves,44,HYUNDAI,HR,23,https://www.fenabrave.org.br/portal/files/2026_02_02.pdf
2026,2,2026-02,Comerciais leves,45,PEUGEOT,BOXER,18,https://www.fenabrave.org.br/portal/files/2026_02_02.pdf
2026,2,2026-02,Comerciais leves,46,IVECO,DAILY 35-180,10,https://www.fenabrave.org.br/portal/files/2026_02_02.pdf
2026,2,2026-02,Comerciais leves,47,KIA,UK2500,9,https://www.fenabrave.org.br/portal/files/2026_02_02.pdf
2026,2,2026-02,Comerciais leves,48,EFFA,V25,9,https://www.fenabrave.org.br/portal/files/2026_02_02.pdf
2026,2,2026-02,Comerciais leves,49,MITSUBISHI,L200,7,https://www.fenabrave.org.br/portal/files/2026_02_02.pdf
2026,2,2026-02,Comerciais leves,50,JAC,EJV5.5,5,https://www.fenabrave.org.br/portal/files/2026_02_02.pdf
2026,3,2026-03,Automóveis,1,VW,POLO,11051,https://www.fenabrave.org.br/portal/files/2026_03_02.pdf
2026,3,2026-03,Automóveis,2,GM,ONIX,10182,https://www.fenabrave.org.br/portal/files/2026_03_02.pdf
2026,3,2026-03,Automóveis,3,FIAT,ARGO,8281,https://www.fenabrave.org.br/portal/files/2026_03_02.pdf
2026,3,2026-03,Automóveis,4,VW,TERA,7977,https://www.fenabrave.org.br/portal/files/2026_03_02.pdf
2026,3,2026-03,Automóveis,5,HYUNDAI,HB20,7713,https://www.fenabrave.org.br/portal/files/2026_03_02.pdf
2026,3,2026-03,Automóveis,6,VW,T CROSS,7622,https://www.fenabrave.org.br/portal/files/2026_03_02.pdf
2026,3,2026-03,Automóveis,7,FIAT,MOBI,7241,https://www.fenabrave.org.br/portal/files/2026_03_02.pdf
2026,3,2026-03,Automóveis,8,BYD,DOLPHIN MINI,7053,https://www.fenabrave.org.br/portal/files/2026_03_02.pdf
2026,3,2026-03,Automóveis,9,HYUNDAI,CRETA,6674,https://www.fenabrave.org.br/portal/files/2026_03_02.pdf
2026,3,2026-03,Automóveis,10,RENAULT,KWID,6454,https://www.fenabrave.org.br/portal/files/2026_03_02.pdf
2026,3,2026-03,Automóveis,11,GM,TRACKER,5795,https://www.fenabrave.org.br/portal/files/2026_03_02.pdf
2026,3,2026-03,Automóveis,12,VW,NIVUS,5795,https://www.fenabrave.org.br/portal/files/2026_03_02.pdf
2026,3,2026-03,Automóveis,13,JEEP,COMPASS,5434,https://www.fenabrave.org.br/portal/files/2026_03_02.pdf
2026,3,2026-03,Automóveis,14,FIAT,PULSE,5167,https://www.fenabrave.org.br/portal/files/2026_03_02.pdf
2026,3,2026-03,Automóveis,15,BYD,SONG,5054,https://www.fenabrave.org.br/portal/files/2026_03_02.pdf
2026,3,2026-03,Automóveis,16,CAOA CHERY,TIGGO 5X,5007,https://www.fenabrave.org.br/portal/files/2026_03_02.pdf
2026,3,2026-03,Automóveis,17,GM,ONIX PLUS,4921,https://www.fenabrave.org.br/portal/files/2026_03_02.pdf
2026,3,2026-03,Automóveis,18,HYUNDAI,HB20S,4655,https://www.fenabrave.org.br/portal/files/2026_03_02.pdf
2026,3,2026-03,Automóveis,19,NISSAN,KAIT,4462,https://www.fenabrave.org.br/portal/files/2026_03_02.pdf
2026,3,2026-03,Automóveis,20,FIAT,FASTBACK,4444,https://www.fenabrave.org.br/portal/files/2026_03_02.pdf
2026,3,2026-03,Automóveis,21,HONDA,HR-V,3995,https://www.fenabrave.org.br/portal/files/2026_03_02.pdf
2026,3,2026-03,Automóveis,22,TOYOTA,YARIS CROSS,3864,https://www.fenabrave.org.br/portal/files/2026_03_02.pdf
2026,3,2026-03,Automóveis,23,TOYOTA,COROLLA CROSS,3747,https://www.fenabrave.org.br/portal/files/2026_03_02.pdf
2026,3,2026-03,Automóveis,24,HONDA,WR-V,3540,https://www.fenabrave.org.br/portal/files/2026_03_02.pdf
2026,3,2026-03,Automóveis,25,VW,VIRTUS,3410,https://www.fenabrave.org.br/portal/files/2026_03_02.pdf
2026,3,2026-03,Automóveis,26,JEEP,RENEGADE,3319,https://www.fenabrave.org.br/portal/files/2026_03_02.pdf
2026,3,2026-03,Automóveis,27,GWM,HAVAL H6,3318,https://www.fenabrave.org.br/portal/files/2026_03_02.pdf
2026,3,2026-03,Automóveis,28,NISSAN,KICKS,3028,https://www.fenabrave.org.br/portal/files/2026_03_02.pdf
2026,3,2026-03,Automóveis,29,TOYOTA,COROLLA,2900,https://www.fenabrave.org.br/portal/files/2026_03_02.pdf
2026,3,2026-03,Automóveis,30,CAOA CHERY,TIGGO 7,2665,https://www.fenabrave.org.br/portal/files/2026_03_02.pdf
2026,3,2026-03,Automóveis,31,FIAT,CRONOS,2126,https://www.fenabrave.org.br/portal/files/2026_03_02.pdf
2026,3,2026-03,Automóveis,32,BYD,DOLPHIN,1852,https://www.fenabrave.org.br/portal/files/2026_03_02.pdf
2026,3,2026-03,Automóveis,33,GM,SPIN,1658,https://www.fenabrave.org.br/portal/files/2026_03_02.pdf
2026,3,2026-03,Automóveis,34,OMODA JAECOO,OMODA 5,1580,https://www.fenabrave.org.br/portal/files/2026_03_02.pdf
2026,3,2026-03,Automóveis,35,RENAULT,KARDIAN,1389,https://www.fenabrave.org.br/portal/files/2026_03_02.pdf
2026,3,2026-03,Automóveis,36,JEEP,COMMANDER,1355,https://www.fenabrave.org.br/portal/files/2026_03_02.pdf
2026,3,2026-03,Automóveis,37,CITROEN,C3,1334,https://www.fenabrave.org.br/portal/files/2026_03_02.pdf
2026,3,2026-03,Automóveis,38,BYD,KING,1274,https://www.fenabrave.org.br/portal/files/2026_03_02.pdf
2026,3,2026-03,Automóveis,39,RENAULT,BOREAL,1272,https://www.fenabrave.org.br/portal/files/2026_03_02.pdf
2026,3,2026-03,Automóveis,40,GWM,HAVAL H9,1170,https://www.fenabrave.org.br/portal/files/2026_03_02.pdf
2026,3,2026-03,Automóveis,41,HONDA,CITY HATCH,1161,https://www.fenabrave.org.br/portal/files/2026_03_02.pdf
2026,3,2026-03,Automóveis,42,HONDA,CITY,1159,https://www.fenabrave.org.br/portal/files/2026_03_02.pdf
2026,3,2026-03,Automóveis,43,GEELY,EX2,1157,https://www.fenabrave.org.br/portal/files/2026_03_02.pdf
2026,3,2026-03,Automóveis,44,VW,TAOS,1143,https://www.fenabrave.org.br/portal/files/2026_03_02.pdf
2026,3,2026-03,Automóveis,45,RENAULT,DUSTER,1125,https://www.fenabrave.org.br/portal/files/2026_03_02.pdf
2026,3,2026-03,Automóveis,46,TOYOTA,HILUX SW4,1117,https://www.fenabrave.org.br/portal/files/2026_03_02.pdf
2026,3,2026-03,Automóveis,47,CAOA CHERY,TIGGO 8,1090,https://www.fenabrave.org.br/portal/files/2026_03_02.pdf
2026,3,2026-03,Automóveis,48,CITROEN,BASALT,1015,https://www.fenabrave.org.br/portal/files/2026_03_02.pdf
2026,3,2026-03,Automóveis,49,FORD,TERRITORY,995,https://www.fenabrave.org.br/portal/files/2026_03_02.pdf
2026,3,2026-03,Automóveis,50,PEUGEOT,2008,972,https://www.fenabrave.org.br/portal/files/2026_03_02.pdf
2026,3,2026-03,Comerciais leves,1,FIAT,STRADA,16706,https://www.fenabrave.org.br/portal/files/2026_03_02.pdf
2026,3,2026-03,Comerciais leves,2,FIAT,TORO,5091,https://www.fenabrave.org.br/portal/files/2026_03_02.pdf
2026,3,2026-03,Comerciais leves,3,VW,SAVEIRO,4876,https://www.fenabrave.org.br/portal/files/2026_03_02.pdf
2026,3,2026-03,Comerciais leves,4,TOYOTA,HILUX,3979,https://www.fenabrave.org.br/portal/files/2026_03_02.pdf
2026,3,2026-03,Comerciais leves,5,FORD,RANGER,2998,https://www.fenabrave.org.br/portal/files/2026_03_02.pdf
2026,3,2026-03,Comerciais leves,6,GM,S10,2625,https://www.fenabrave.org.br/portal/files/2026_03_02.pdf
2026,3,2026-03,Comerciais leves,7,FIAT,FIORINO,2412,https://www.fenabrave.org.br/portal/files/2026_03_02.pdf
2026,3,2026-03,Comerciais leves,8,RAM,RAMPAGE,2198,https://www.fenabrave.org.br/portal/files/2026_03_02.pdf
2026,3,2026-03,Comerciais leves,9,GM,MONTANA,1576,https://www.fenabrave.org.br/portal/files/2026_03_02.pdf
2026,3,2026-03,Comerciais leves,10,RENAULT,MASTER,1106,https://www.fenabrave.org.br/portal/files/2026_03_02.pdf
2026,3,2026-03,Comerciais leves,11,MITSUBISHI,TRITON,964,https://www.fenabrave.org.br/portal/files/2026_03_02.pdf
2026,3,2026-03,Comerciais leves,12,RENAULT,OROCH,915,https://www.fenabrave.org.br/portal/files/2026_03_02.pdf
2026,3,2026-03,Comerciais leves,13,GWM,POER,677,https://www.fenabrave.org.br/portal/files/2026_03_02.pdf
2026,3,2026-03,Comerciais leves,14,FIAT,TITANO,581,https://www.fenabrave.org.br/portal/files/2026_03_02.pdf
2026,3,2026-03,Comerciais leves,15,KIA,K2500,448,https://www.fenabrave.org.br/portal/files/2026_03_02.pdf
2026,3,2026-03,Comerciais leves,16,FORD,MAVERICK,433,https://www.fenabrave.org.br/portal/files/2026_03_02.pdf
2026,3,2026-03,Comerciais leves,17,RAM,DAKOTA,378,https://www.fenabrave.org.br/portal/files/2026_03_02.pdf
2026,3,2026-03,Comerciais leves,18,FIAT,DUCATO,346,https://www.fenabrave.org.br/portal/files/2026_03_02.pdf
2026,3,2026-03,Comerciais leves,19,NISSAN,FRONTIER,306,https://www.fenabrave.org.br/portal/files/2026_03_02.pdf
2026,3,2026-03,Comerciais leves,20,TOYOTA,HIACE,299,https://www.fenabrave.org.br/portal/files/2026_03_02.pdf
2026,3,2026-03,Comerciais leves,21,FIAT,SCUDO,280,https://www.fenabrave.org.br/portal/files/2026_03_02.pdf
2026,3,2026-03,Comerciais leves,22,FORD,TRANSIT,271,https://www.fenabrave.org.br/portal/files/2026_03_02.pdf
2026,3,2026-03,Comerciais leves,23,EFFA,V21,220,https://www.fenabrave.org.br/portal/files/2026_03_02.pdf
2026,3,2026-03,Comerciais leves,24,VW TRUCK E BUS,EXPRESS,220,https://www.fenabrave.org.br/portal/files/2026_03_02.pdf
2026,3,2026-03,Comerciais leves,25,PEUGEOT,EXPERT,216,https://www.fenabrave.org.br/portal/files/2026_03_02.pdf
2026,3,2026-03,Comerciais leves,26,IVECO,DAILY,182,https://www.fenabrave.org.br/portal/files/2026_03_02.pdf
2026,3,2026-03,Comerciais leves,27,RENAULT,KANGOO,148,https://www.fenabrave.org.br/portal/files/2026_03_02.pdf
2026,3,2026-03,Comerciais leves,28,IVECO,DAILY 30-130,142,https://www.fenabrave.org.br/portal/files/2026_03_02.pdf
2026,3,2026-03,Comerciais leves,29,BYD,SHARK,135,https://www.fenabrave.org.br/portal/files/2026_03_02.pdf
2026,3,2026-03,Comerciais leves,30,CITROEN,JUMPY,126,https://www.fenabrave.org.br/portal/files/2026_03_02.pdf
2026,3,2026-03,Comerciais leves,31,VW,AMAROK,125,https://www.fenabrave.org.br/portal/files/2026_03_02.pdf
2026,3,2026-03,Comerciais leves,32,FORD,F150,109,https://www.fenabrave.org.br/portal/files/2026_03_02.pdf
2026,3,2026-03,Comerciais leves,33,M.BENZ,SPRINTER 317,87,https://www.fenabrave.org.br/portal/files/2026_03_02.pdf
2026,3,2026-03,Comerciais leves,34,FOTON,AUMARK S 315,80,https://www.fenabrave.org.br/portal/files/2026_03_02.pdf
2026,3,2026-03,Comerciais leves,35,M.BENZ,SPRINTER 417,78,https://www.fenabrave.org.br/portal/files/2026_03_02.pdf
2026,3,2026-03,Comerciais leves,36,GM,SILVERADO,76,https://www.fenabrave.org.br/portal/files/2026_03_02.pdf
2026,3,2026-03,Comerciais leves,37,PEUGEOT,PARTNER,56,https://www.fenabrave.org.br/portal/files/2026_03_02.pdf
2026,3,2026-03,Comerciais leves,38,SHINERAY,TLUX,54,https://www.fenabrave.org.br/portal/files/2026_03_02.pdf
2026,3,2026-03,Comerciais leves,39,PEUGEOT,BOXER,51,https://www.fenabrave.org.br/portal/files/2026_03_02.pdf
2026,3,2026-03,Comerciais leves,40,FOTON,TUNLAND,35,https://www.fenabrave.org.br/portal/files/2026_03_02.pdf
2026,3,2026-03,Comerciais leves,41,EFFA,V22,33,https://www.fenabrave.org.br/portal/files/2026_03_02.pdf
2026,3,2026-03,Comerciais leves,42,CITROEN,JUMPER,31,https://www.fenabrave.org.br/portal/files/2026_03_02.pdf
2026,3,2026-03,Comerciais leves,43,JAC,HUNTER,27,https://www.fenabrave.org.br/portal/files/2026_03_02.pdf
2026,3,2026-03,Comerciais leves,44,FEVER,ORCA,20,https://www.fenabrave.org.br/portal/files/2026_03_02.pdf
2026,3,2026-03,Comerciais leves,45,M.BENZ,ESPRINTER 320,17,https://www.fenabrave.org.br/portal/files/2026_03_02.pdf
2026,3,2026-03,Comerciais leves,46,RAM,3500,17,https://www.fenabrave.org.br/portal/files/2026_03_02.pdf
2026,3,2026-03,Comerciais leves,47,IVECO,DAILY 35-180,16,https://www.fenabrave.org.br/portal/files/2026_03_02.pdf
2026,3,2026-03,Comerciais leves,48,EFFA,V25,14,https://www.fenabrave.org.br/portal/files/2026_03_02.pdf
2026,3,2026-03,Comerciais leves,49,FARIZON,V6E,11,https://www.fenabrave.org.br/portal/files/2026_03_02.pdf
2026,3,2026-03,Comerciais leves,50,HYUNDAI,HR,10,https://www.fenabrave.org.br/portal/files/2026_03_02.pdf
2026,4,2026-04,Automóveis,1,VW,POLO,8367,https://www.fenabrave.org.br/portal/files/2026_04_02.pdf
2026,4,2026-04,Automóveis,2,FIAT,ARGO,7991,https://www.fenabrave.org.br/portal/files/2026_04_02.pdf
2026,4,2026-04,Automóveis,3,GM,ONIX,7847,https://www.fenabrave.org.br/portal/files/2026_04_02.pdf
2026,4,2026-04,Automóveis,4,VW,T CROSS,7810,https://www.fenabrave.org.br/portal/files/2026_04_02.pdf
2026,4,2026-04,Automóveis,5,HYUNDAI,CRETA,7649,https://www.fenabrave.org.br/portal/files/2026_04_02.pdf
2026,4,2026-04,Automóveis,6,BYD,DOLPHIN MINI,6880,https://www.fenabrave.org.br/portal/files/2026_04_02.pdf
2026,4,2026-04,Automóveis,7,HYUNDAI,HB20,6764,https://www.fenabrave.org.br/portal/files/2026_04_02.pdf
2026,4,2026-04,Automóveis,8,RENAULT,KWID,6451,https://www.fenabrave.org.br/portal/files/2026_04_02.pdf
2026,4,2026-04,Automóveis,9,VW,TERA,6231,https://www.fenabrave.org.br/portal/files/2026_04_02.pdf
2026,4,2026-04,Automóveis,10,BYD,SONG,6041,https://www.fenabrave.org.br/portal/files/2026_04_02.pdf
2026,4,2026-04,Automóveis,11,FIAT,MOBI,5361,https://www.fenabrave.org.br/portal/files/2026_04_02.pdf
2026,4,2026-04,Automóveis,12,VW,NIVUS,5346,https://www.fenabrave.org.br/portal/files/2026_04_02.pdf
2026,4,2026-04,Automóveis,13,GM,TRACKER,5305,https://www.fenabrave.org.br/portal/files/2026_04_02.pdf
2026,4,2026-04,Automóveis,14,FIAT,PULSE,4387,https://www.fenabrave.org.br/portal/files/2026_04_02.pdf
2026,4,2026-04,Automóveis,15,FIAT,FASTBACK,4305,https://www.fenabrave.org.br/portal/files/2026_04_02.pdf
2026,4,2026-04,Automóveis,16,JEEP,COMPASS,4219,https://www.fenabrave.org.br/portal/files/2026_04_02.pdf
2026,4,2026-04,Automóveis,17,HONDA,HR-V,4078,https://www.fenabrave.org.br/portal/files/2026_04_02.pdf
2026,4,2026-04,Automóveis,18,HYUNDAI,HB20S,4054,https://www.fenabrave.org.br/portal/files/2026_04_02.pdf
2026,4,2026-04,Automóveis,19,CAOA CHERY,TIGGO 5X,3924,https://www.fenabrave.org.br/portal/files/2026_04_02.pdf
2026,4,2026-04,Automóveis,20,GM,ONIX PLUS,3856,https://www.fenabrave.org.br/portal/files/2026_04_02.pdf
2026,4,2026-04,Automóveis,21,TOYOTA,YARIS CROSS,3628,https://www.fenabrave.org.br/portal/files/2026_04_02.pdf
2026,4,2026-04,Automóveis,22,GEELY,EX2,3602,https://www.fenabrave.org.br/portal/files/2026_04_02.pdf
2026,4,2026-04,Automóveis,23,TOYOTA,COROLLA CROSS,3176,https://www.fenabrave.org.br/portal/files/2026_04_02.pdf
2026,4,2026-04,Automóveis,24,JEEP,RENEGADE,3144,https://www.fenabrave.org.br/portal/files/2026_04_02.pdf
2026,4,2026-04,Automóveis,25,BYD,DOLPHIN,3022,https://www.fenabrave.org.br/portal/files/2026_04_02.pdf
2026,4,2026-04,Automóveis,26,HONDA,WR-V,2857,https://www.fenabrave.org.br/portal/files/2026_04_02.pdf
2026,4,2026-04,Automóveis,27,VW,VIRTUS,2768,https://www.fenabrave.org.br/portal/files/2026_04_02.pdf
2026,4,2026-04,Automóveis,28,GWM,HAVAL H6,2688,https://www.fenabrave.org.br/portal/files/2026_04_02.pdf
2026,4,2026-04,Automóveis,29,NISSAN,KAIT,2503,https://www.fenabrave.org.br/portal/files/2026_04_02.pdf
2026,4,2026-04,Automóveis,30,TOYOTA,COROLLA,2410,https://www.fenabrave.org.br/portal/files/2026_04_02.pdf
2026,4,2026-04,Automóveis,31,CAOA CHERY,TIGGO 7,2402,https://www.fenabrave.org.br/portal/files/2026_04_02.pdf
2026,4,2026-04,Automóveis,32,NISSAN,KICKS,2170,https://www.fenabrave.org.br/portal/files/2026_04_02.pdf
2026,4,2026-04,Automóveis,33,OMODA JAECOO,OMODA 5,1872,https://www.fenabrave.org.br/portal/files/2026_04_02.pdf
2026,4,2026-04,Automóveis,34,GM,SPIN,1851,https://www.fenabrave.org.br/portal/files/2026_04_02.pdf
2026,4,2026-04,Automóveis,35,BYD,KING,1645,https://www.fenabrave.org.br/portal/files/2026_04_02.pdf
2026,4,2026-04,Automóveis,36,FIAT,CRONOS,1589,https://www.fenabrave.org.br/portal/files/2026_04_02.pdf
2026,4,2026-04,Automóveis,37,RENAULT,KARDIAN,1285,https://www.fenabrave.org.br/portal/files/2026_04_02.pdf
2026,4,2026-04,Automóveis,38,CITROEN,C3,1227,https://www.fenabrave.org.br/portal/files/2026_04_02.pdf
2026,4,2026-04,Automóveis,39,HONDA,CITY,1226,https://www.fenabrave.org.br/portal/files/2026_04_02.pdf
2026,4,2026-04,Automóveis,40,JEEP,COMMANDER,1160,https://www.fenabrave.org.br/portal/files/2026_04_02.pdf
2026,4,2026-04,Automóveis,41,CAOA CHERY,TIGGO 8,1150,https://www.fenabrave.org.br/portal/files/2026_04_02.pdf
2026,4,2026-04,Automóveis,42,VW,TAOS,1131,https://www.fenabrave.org.br/portal/files/2026_04_02.pdf
2026,4,2026-04,Automóveis,43,TOYOTA,HILUX SW4,1091,https://www.fenabrave.org.br/portal/files/2026_04_02.pdf
2026,4,2026-04,Automóveis,44,GM,SPARK,1047,https://www.fenabrave.org.br/portal/files/2026_04_02.pdf
2026,4,2026-04,Automóveis,45,RENAULT,BOREAL,1008,https://www.fenabrave.org.br/portal/files/2026_04_02.pdf
2026,4,2026-04,Automóveis,46,RENAULT,DUSTER,1004,https://www.fenabrave.org.br/portal/files/2026_04_02.pdf
2026,4,2026-04,Automóveis,47,CITROEN,BASALT,930,https://www.fenabrave.org.br/portal/files/2026_04_02.pdf
2026,4,2026-04,Automóveis,48,GWM,HAVAL H9,922,https://www.fenabrave.org.br/portal/files/2026_04_02.pdf
2026,4,2026-04,Automóveis,49,FORD,TERRITORY,868,https://www.fenabrave.org.br/portal/files/2026_04_02.pdf
2026,4,2026-04,Automóveis,50,HONDA,CITY HATCH,826,https://www.fenabrave.org.br/portal/files/2026_04_02.pdf
2026,4,2026-04,Comerciais leves,1,FIAT,STRADA,14905,https://www.fenabrave.org.br/portal/files/2026_04_02.pdf
2026,4,2026-04,Comerciais leves,2,VW,SAVEIRO,6457,https://www.fenabrave.org.br/portal/files/2026_04_02.pdf
2026,4,2026-04,Comerciais leves,3,FIAT,TORO,4169,https://www.fenabrave.org.br/portal/files/2026_04_02.pdf
2026,4,2026-04,Comerciais leves,4,TOYOTA,HILUX,4078,https://www.fenabrave.org.br/portal/files/2026_04_02.pdf
2026,4,2026-04,Comerciais leves,5,FORD,RANGER,3103,https://www.fenabrave.org.br/portal/files/2026_04_02.pdf
2026,4,2026-04,Comerciais leves,6,GM,S10,2731,https://www.fenabrave.org.br/portal/files/2026_04_02.pdf
2026,4,2026-04,Comerciais leves,7,FIAT,FIORINO,2096,https://www.fenabrave.org.br/portal/files/2026_04_02.pdf
2026,4,2026-04,Comerciais leves,8,RAM,RAMPAGE,1928,https://www.fenabrave.org.br/portal/files/2026_04_02.pdf
2026,4,2026-04,Comerciais leves,9,GM,MONTANA,1627,https://www.fenabrave.org.br/portal/files/2026_04_02.pdf
2026,4,2026-04,Comerciais leves,10,RENAULT,OROCH,986,https://www.fenabrave.org.br/portal/files/2026_04_02.pdf
2026,4,2026-04,Comerciais leves,11,MITSUBISHI,TRITON,929,https://www.fenabrave.org.br/portal/files/2026_04_02.pdf
2026,4,2026-04,Comerciais leves,12,RENAULT,MASTER,913,https://www.fenabrave.org.br/portal/files/2026_04_02.pdf
2026,4,2026-04,Comerciais leves,13,GWM,POER,564,https://www.fenabrave.org.br/portal/files/2026_04_02.pdf
2026,4,2026-04,Comerciais leves,14,VW,AMAROK,457,https://www.fenabrave.org.br/portal/files/2026_04_02.pdf
2026,4,2026-04,Comerciais leves,15,RAM,DAKOTA,432,https://www.fenabrave.org.br/portal/files/2026_04_02.pdf
2026,4,2026-04,Comerciais leves,16,FIAT,TITANO,421,https://www.fenabrave.org.br/portal/files/2026_04_02.pdf
2026,4,2026-04,Comerciais leves,17,RENAULT,KANGOO,371,https://www.fenabrave.org.br/portal/files/2026_04_02.pdf
2026,4,2026-04,Comerciais leves,18,KIA,K2500,333,https://www.fenabrave.org.br/portal/files/2026_04_02.pdf
2026,4,2026-04,Comerciais leves,19,FORD,MAVERICK,285,https://www.fenabrave.org.br/portal/files/2026_04_02.pdf
2026,4,2026-04,Comerciais leves,20,IVECO,DAILY 30-130,253,https://www.fenabrave.org.br/portal/files/2026_04_02.pdf
2026,4,2026-04,Comerciais leves,21,EFFA,V21,232,https://www.fenabrave.org.br/portal/files/2026_04_02.pdf
2026,4,2026-04,Comerciais leves,22,IVECO,DAILY,214,https://www.fenabrave.org.br/portal/files/2026_04_02.pdf
2026,4,2026-04,Comerciais leves,23,VW TRUCK E BUS,EXPRESS,210,https://www.fenabrave.org.br/portal/files/2026_04_02.pdf
2026,4,2026-04,Comerciais leves,24,FIAT,DUCATO,203,https://www.fenabrave.org.br/portal/files/2026_04_02.pdf
2026,4,2026-04,Comerciais leves,25,FIAT,SCUDO,195,https://www.fenabrave.org.br/portal/files/2026_04_02.pdf
2026,4,2026-04,Comerciais leves,26,FORD,TRANSIT,180,https://www.fenabrave.org.br/portal/files/2026_04_02.pdf
2026,4,2026-04,Comerciais leves,27,PEUGEOT,EXPERT,179,https://www.fenabrave.org.br/portal/files/2026_04_02.pdf
2026,4,2026-04,Comerciais leves,28,NISSAN,FRONTIER,171,https://www.fenabrave.org.br/portal/files/2026_04_02.pdf
2026,4,2026-04,Comerciais leves,29,TOYOTA,HIACE,171,https://www.fenabrave.org.br/portal/files/2026_04_02.pdf
2026,4,2026-04,Comerciais leves,30,CITROEN,JUMPY,132,https://www.fenabrave.org.br/portal/files/2026_04_02.pdf
2026,4,2026-04,Comerciais leves,31,FORD,F150,114,https://www.fenabrave.org.br/portal/files/2026_04_02.pdf
2026,4,2026-04,Comerciais leves,32,PEUGEOT,BOXER,102,https://www.fenabrave.org.br/portal/files/2026_04_02.pdf
2026,4,2026-04,Comerciais leves,33,RAM,3500,99,https://www.fenabrave.org.br/portal/files/2026_04_02.pdf
2026,4,2026-04,Comerciais leves,34,M.BENZ,SPRINTER 417,80,https://www.fenabrave.org.br/portal/files/2026_04_02.pdf
2026,4,2026-04,Comerciais leves,35,FOTON,AUMARK S 315,76,https://www.fenabrave.org.br/portal/files/2026_04_02.pdf
2026,4,2026-04,Comerciais leves,36,BYD,SHARK,76,https://www.fenabrave.org.br/portal/files/2026_04_02.pdf
2026,4,2026-04,Comerciais leves,37,CITROEN,JUMPER,64,https://www.fenabrave.org.br/portal/files/2026_04_02.pdf
2026,4,2026-04,Comerciais leves,38,GM,SILVERADO,64,https://www.fenabrave.org.br/portal/files/2026_04_02.pdf
2026,4,2026-04,Comerciais leves,39,M.BENZ,SPRINTER 317,58,https://www.fenabrave.org.br/portal/files/2026_04_02.pdf
2026,4,2026-04,Comerciais leves,40,PEUGEOT,PARTNER,56,https://www.fenabrave.org.br/portal/files/2026_04_02.pdf
2026,4,2026-04,Comerciais leves,41,FOTON,TUNLAND,53,https://www.fenabrave.org.br/portal/files/2026_04_02.pdf
2026,4,2026-04,Comerciais leves,42,RAM,2500,40,https://www.fenabrave.org.br/portal/files/2026_04_02.pdf
2026,4,2026-04,Comerciais leves,43,SHINERAY,TLUX,32,https://www.fenabrave.org.br/portal/files/2026_04_02.pdf
2026,4,2026-04,Comerciais leves,44,EFFA,V22,25,https://www.fenabrave.org.br/portal/files/2026_04_02.pdf
2026,4,2026-04,Comerciais leves,45,IVECO,DAILY 35-180,17,https://www.fenabrave.org.br/portal/files/2026_04_02.pdf
2026,4,2026-04,Comerciais leves,46,JAC,HUNTER,10,https://www.fenabrave.org.br/portal/files/2026_04_02.pdf
2026,4,2026-04,Comerciais leves,47,EFFA,V25,7,https://www.fenabrave.org.br/portal/files/2026_04_02.pdf
2026,4,2026-04,Comerciais leves,48,HYUNDAI,HR,6,https://www.fenabrave.org.br/portal/files/2026_04_02.pdf
2026,4,2026-04,Comerciais leves,49,KIA,UK2500,6,https://www.fenabrave.org.br/portal/files/2026_04_02.pdf
2026,4,2026-04,Comerciais leves,50,M.BENZ,ESPRINTER 320,3,https://www.fenabrave.org.br/portal/files/2026_04_02.pdf
2026,5,2026-05,Automóveis,1,VW,POLO,10523,https://www.fenabrave.org.br/portal/files/2026_05_02.pdf
2026,5,2026-05,Automóveis,2,VW,T CROSS,9455,https://www.fenabrave.org.br/portal/files/2026_05_02.pdf
2026,5,2026-05,Automóveis,3,HYUNDAI,HB20,8357,https://www.fenabrave.org.br/portal/files/2026_05_02.pdf
2026,5,2026-05,Automóveis,4,FIAT,ARGO,8274,https://www.fenabrave.org.br/portal/files/2026_05_02.pdf
2026,5,2026-05,Automóveis,5,GM,ONIX,7713,https://www.fenabrave.org.br/portal/files/2026_05_02.pdf
2026,5,2026-05,Automóveis,6,BYD,DOLPHIN MINI,7577,https://www.fenabrave.org.br/portal/files/2026_05_02.pdf
2026,5,2026-05,Automóveis,7,VW,TERA,7574,https://www.fenabrave.org.br/portal/files/2026_05_02.pdf
2026,5,2026-05,Automóveis,8,HYUNDAI,CRETA,6599,https://www.fenabrave.org.br/portal/files/2026_05_02.pdf
2026,5,2026-05,Automóveis,9,BYD,SONG,6307,https://www.fenabrave.org.br/portal/files/2026_05_02.pdf
2026,5,2026-05,Automóveis,10,VW,NIVUS,5806,https://www.fenabrave.org.br/portal/files/2026_05_02.pdf
2026,5,2026-05,Automóveis,11,FIAT,MOBI,5728,https://www.fenabrave.org.br/portal/files/2026_05_02.pdf
2026,5,2026-05,Automóveis,12,RENAULT,KWID,5237,https://www.fenabrave.org.br/portal/files/2026_05_02.pdf
2026,5,2026-05,Automóveis,13,HYUNDAI,HB20S,5205,https://www.fenabrave.org.br/portal/files/2026_05_02.pdf
2026,5,2026-05,Automóveis,14,GM,TRACKER,5099,https://www.fenabrave.org.br/portal/files/2026_05_02.pdf
2026,5,2026-05,Automóveis,15,BYD,DOLPHIN,4963,https://www.fenabrave.org.br/portal/files/2026_05_02.pdf
2026,5,2026-05,Automóveis,16,FIAT,PULSE,4763,https://www.fenabrave.org.br/portal/files/2026_05_02.pdf
2026,5,2026-05,Automóveis,17,JEEP,COMPASS,4584,https://www.fenabrave.org.br/portal/files/2026_05_02.pdf
2026,5,2026-05,Automóveis,18,HONDA,HR-V,4549,https://www.fenabrave.org.br/portal/files/2026_05_02.pdf
2026,5,2026-05,Automóveis,19,GWM,HAVAL H6,4328,https://www.fenabrave.org.br/portal/files/2026_05_02.pdf
2026,5,2026-05,Automóveis,20,JEEP,RENEGADE,4323,https://www.fenabrave.org.br/portal/files/2026_05_02.pdf
2026,5,2026-05,Automóveis,21,GEELY,EX2,4321,https://www.fenabrave.org.br/portal/files/2026_05_02.pdf
2026,5,2026-05,Automóveis,22,FIAT,FASTBACK,4121,https://www.fenabrave.org.br/portal/files/2026_05_02.pdf
2026,5,2026-05,Automóveis,23,GM,ONIX PLUS,3806,https://www.fenabrave.org.br/portal/files/2026_05_02.pdf
2026,5,2026-05,Automóveis,24,TOYOTA,YARIS CROSS,3641,https://www.fenabrave.org.br/portal/files/2026_05_02.pdf
2026,5,2026-05,Automóveis,25,TOYOTA,COROLLA CROSS,3495,https://www.fenabrave.org.br/portal/files/2026_05_02.pdf
2026,5,2026-05,Automóveis,26,NISSAN,KAIT,3352,https://www.fenabrave.org.br/portal/files/2026_05_02.pdf
2026,5,2026-05,Automóveis,27,HONDA,WR-V,3254,https://www.fenabrave.org.br/portal/files/2026_05_02.pdf
2026,5,2026-05,Automóveis,28,NISSAN,KICKS,3197,https://www.fenabrave.org.br/portal/files/2026_05_02.pdf
2026,5,2026-05,Automóveis,29,VW,VIRTUS,2931,https://www.fenabrave.org.br/portal/files/2026_05_02.pdf
2026,5,2026-05,Automóveis,30,CAOA CHERY,TIGGO 7,2883,https://www.fenabrave.org.br/portal/files/2026_05_02.pdf
2026,5,2026-05,Automóveis,31,GM,SONIC,2778,https://www.fenabrave.org.br/portal/files/2026_05_02.pdf
2026,5,2026-05,Automóveis,32,CITROEN,BASALT,2744,https://www.fenabrave.org.br/portal/files/2026_05_02.pdf
2026,5,2026-05,Automóveis,33,FIAT,CRONOS,2734,https://www.fenabrave.org.br/portal/files/2026_05_02.pdf
2026,5,2026-05,Automóveis,34,CAOA CHERY,TIGGO 5X,2482,https://www.fenabrave.org.br/portal/files/2026_05_02.pdf
2026,5,2026-05,Automóveis,35,GM,SPIN,2254,https://www.fenabrave.org.br/portal/files/2026_05_02.pdf
2026,5,2026-05,Automóveis,36,TOYOTA,COROLLA,2217,https://www.fenabrave.org.br/portal/files/2026_05_02.pdf
2026,5,2026-05,Automóveis,37,BYD,KING,1896,https://www.fenabrave.org.br/portal/files/2026_05_02.pdf
2026,5,2026-05,Automóveis,38,VW,TAOS,1670,https://www.fenabrave.org.br/portal/files/2026_05_02.pdf
2026,5,2026-05,Automóveis,39,OMODA JAECOO,OMODA 5,1562,https://www.fenabrave.org.br/portal/files/2026_05_02.pdf
2026,5,2026-05,Automóveis,40,HONDA,CITY,1502,https://www.fenabrave.org.br/portal/files/2026_05_02.pdf
2026,5,2026-05,Automóveis,41,JEEP,COMMANDER,1456,https://www.fenabrave.org.br/portal/files/2026_05_02.pdf
2026,5,2026-05,Automóveis,42,OMODA JAECOO,JAECOO 7,1391,https://www.fenabrave.org.br/portal/files/2026_05_02.pdf
2026,5,2026-05,Automóveis,43,CAOA CHERY,TIGGO 8,1289,https://www.fenabrave.org.br/portal/files/2026_05_02.pdf
2026,5,2026-05,Automóveis,44,CITROEN,C3,1267,https://www.fenabrave.org.br/portal/files/2026_05_02.pdf
2026,5,2026-05,Automóveis,45,RENAULT,KARDIAN,1266,https://www.fenabrave.org.br/portal/files/2026_05_02.pdf
2026,5,2026-05,Automóveis,46,RENAULT,BOREAL,1244,https://www.fenabrave.org.br/portal/files/2026_05_02.pdf
2026,5,2026-05,Automóveis,47,RENAULT,DUSTER,1225,https://www.fenabrave.org.br/portal/files/2026_05_02.pdf
2026,5,2026-05,Automóveis,48,GWM,HAVAL H9,1220,https://www.fenabrave.org.br/portal/files/2026_05_02.pdf
2026,5,2026-05,Automóveis,49,TOYOTA,HILUX SW4,1187,https://www.fenabrave.org.br/portal/files/2026_05_02.pdf
2026,5,2026-05,Automóveis,50,VW,TIGUAN,1187,https://www.fenabrave.org.br/portal/files/2026_05_02.pdf
2026,5,2026-05,Comerciais leves,1,FIAT,STRADA,15395,https://www.fenabrave.org.br/portal/files/2026_05_02.pdf
2026,5,2026-05,Comerciais leves,2,FIAT,TORO,4405,https://www.fenabrave.org.br/portal/files/2026_05_02.pdf
2026,5,2026-05,Comerciais leves,3,TOYOTA,HILUX,3982,https://www.fenabrave.org.br/portal/files/2026_05_02.pdf
2026,5,2026-05,Comerciais leves,4,FORD,RANGER,3530,https://www.fenabrave.org.br/portal/files/2026_05_02.pdf
2026,5,2026-05,Comerciais leves,5,FIAT,FIORINO,3105,https://www.fenabrave.org.br/portal/files/2026_05_02.pdf
2026,5,2026-05,Comerciais leves,6,VW,SAVEIRO,3099,https://www.fenabrave.org.br/portal/files/2026_05_02.pdf
2026,5,2026-05,Comerciais leves,7,GM,S10,3008,https://www.fenabrave.org.br/portal/files/2026_05_02.pdf
2026,5,2026-05,Comerciais leves,8,RAM,RAMPAGE,1858,https://www.fenabrave.org.br/portal/files/2026_05_02.pdf
2026,5,2026-05,Comerciais leves,9,GM,MONTANA,1542,https://www.fenabrave.org.br/portal/files/2026_05_02.pdf
2026,5,2026-05,Comerciais leves,10,MITSUBISHI,TRITON,971,https://www.fenabrave.org.br/portal/files/2026_05_02.pdf
2026,5,2026-05,Comerciais leves,11,RENAULT,MASTER,839,https://www.fenabrave.org.br/portal/files/2026_05_02.pdf
2026,5,2026-05,Comerciais leves,12,RENAULT,OROCH,825,https://www.fenabrave.org.br/portal/files/2026_05_02.pdf
2026,5,2026-05,Comerciais leves,13,GWM,POER,753,https://www.fenabrave.org.br/portal/files/2026_05_02.pdf
2026,5,2026-05,Comerciais leves,14,RAM,DAKOTA,477,https://www.fenabrave.org.br/portal/files/2026_05_02.pdf
2026,5,2026-05,Comerciais leves,15,FIAT,TITANO,467,https://www.fenabrave.org.br/portal/files/2026_05_02.pdf
2026,5,2026-05,Comerciais leves,16,FORD,MAVERICK,438,https://www.fenabrave.org.br/portal/files/2026_05_02.pdf
2026,5,2026-05,Comerciais leves,17,IVECO,DAILY,400,https://www.fenabrave.org.br/portal/files/2026_05_02.pdf
2026,5,2026-05,Comerciais leves,18,VW,AMAROK,380,https://www.fenabrave.org.br/portal/files/2026_05_02.pdf
2026,5,2026-05,Comerciais leves,19,FIAT,DUCATO,374,https://www.fenabrave.org.br/portal/files/2026_05_02.pdf
2026,5,2026-05,Comerciais leves,20,RENAULT,KANGOO,371,https://www.fenabrave.org.br/portal/files/2026_05_02.pdf
2026,5,2026-05,Comerciais leves,21,KIA,K2500,368,https://www.fenabrave.org.br/portal/files/2026_05_02.pdf
2026,5,2026-05,Comerciais leves,22,IVECO,DAILY 30-130,358,https://www.fenabrave.org.br/portal/files/2026_05_02.pdf
2026,5,2026-05,Comerciais leves,23,VW TRUCK E BUS,EXPRESS,337,https://www.fenabrave.org.br/portal/files/2026_05_02.pdf
2026,5,2026-05,Comerciais leves,24,FIAT,SCUDO,275,https://www.fenabrave.org.br/portal/files/2026_05_02.pdf
2026,5,2026-05,Comerciais leves,25,EFFA,V21,241,https://www.fenabrave.org.br/portal/files/2026_05_02.pdf
2026,5,2026-05,Comerciais leves,26,CITROEN,JUMPY,215,https://www.fenabrave.org.br/portal/files/2026_05_02.pdf
2026,5,2026-05,Comerciais leves,27,FORD,TRANSIT,203,https://www.fenabrave.org.br/portal/files/2026_05_02.pdf
2026,5,2026-05,Comerciais leves,28,NISSAN,FRONTIER,186,https://www.fenabrave.org.br/portal/files/2026_05_02.pdf
2026,5,2026-05,Comerciais leves,29,TOYOTA,HIACE,183,https://www.fenabrave.org.br/portal/files/2026_05_02.pdf
2026,5,2026-05,Comerciais leves,30,PEUGEOT,EXPERT,170,https://www.fenabrave.org.br/portal/files/2026_05_02.pdf
2026,5,2026-05,Comerciais leves,31,FORD,F150,129,https://www.fenabrave.org.br/portal/files/2026_05_02.pdf
2026,5,2026-05,Comerciais leves,32,RAM,3500,112,https://www.fenabrave.org.br/portal/files/2026_05_02.pdf
2026,5,2026-05,Comerciais leves,33,M.BENZ,SPRINTER 317,89,https://www.fenabrave.org.br/portal/files/2026_05_02.pdf
2026,5,2026-05,Comerciais leves,34,FOTON,AUMARK S 315,78,https://www.fenabrave.org.br/portal/files/2026_05_02.pdf
2026,5,2026-05,Comerciais leves,35,RAM,2500,66,https://www.fenabrave.org.br/portal/files/2026_05_02.pdf
2026,5,2026-05,Comerciais leves,36,M.BENZ,SPRINTER 417,60,https://www.fenabrave.org.br/portal/files/2026_05_02.pdf
2026,5,2026-05,Comerciais leves,37,CITROEN,JUMPER,52,https://www.fenabrave.org.br/portal/files/2026_05_02.pdf
2026,5,2026-05,Comerciais leves,38,PEUGEOT,BOXER,50,https://www.fenabrave.org.br/portal/files/2026_05_02.pdf
2026,5,2026-05,Comerciais leves,39,PEUGEOT,PARTNER,44,https://www.fenabrave.org.br/portal/files/2026_05_02.pdf
2026,5,2026-05,Comerciais leves,40,RIDDARA,RD6,42,https://www.fenabrave.org.br/portal/files/2026_05_02.pdf
2026,5,2026-05,Comerciais leves,41,EFFA,V22,40,https://www.fenabrave.org.br/portal/files/2026_05_02.pdf
2026,5,2026-05,Comerciais leves,42,FOTON,TUNLAND,38,https://www.fenabrave.org.br/portal/files/2026_05_02.pdf
2026,5,2026-05,Comerciais leves,43,GM,SILVERADO,31,https://www.fenabrave.org.br/portal/files/2026_05_02.pdf
2026,5,2026-05,Comerciais leves,44,BYD,SHARK,30,https://www.fenabrave.org.br/portal/files/2026_05_02.pdf
2026,5,2026-05,Comerciais leves,45,SHINERAY,TLUX,29,https://www.fenabrave.org.br/portal/files/2026_05_02.pdf
2026,5,2026-05,Comerciais leves,46,JAC,HUNTER,19,https://www.fenabrave.org.br/portal/files/2026_05_02.pdf
2026,5,2026-05,Comerciais leves,47,JAC,EJV5.5,15,https://www.fenabrave.org.br/portal/files/2026_05_02.pdf
2026,5,2026-05,Comerciais leves,48,IVECO,DAILY 35-180,14,https://www.fenabrave.org.br/portal/files/2026_05_02.pdf
2026,5,2026-05,Comerciais leves,49,EFFA,V25,10,https://www.fenabrave.org.br/portal/files/2026_05_02.pdf
2026,5,2026-05,Comerciais leves,50,FOTON,EWONDER,6,https://www.fenabrave.org.br/portal/files/2026_05_02.pdf
2026,6,2026-06,Automóveis,1,VW,T CROSS,11753,https://www.fenabrave.org.br/portal/files/2026_06_02.pdf
2026,6,2026-06,Automóveis,2,VW,POLO,10939,https://www.fenabrave.org.br/portal/files/2026_06_02.pdf
2026,6,2026-06,Automóveis,3,FIAT,ARGO,9831,https://www.fenabrave.org.br/portal/files/2026_06_02.pdf
2026,6,2026-06,Automóveis,4,VW,TERA,9289,https://www.fenabrave.org.br/portal/files/2026_06_02.pdf
2026,6,2026-06,Automóveis,5,GM,ONIX,7972,https://www.fenabrave.org.br/portal/files/2026_06_02.pdf
2026,6,2026-06,Automóveis,6,HYUNDAI,HB20,6914,https://www.fenabrave.org.br/portal/files/2026_06_02.pdf
2026,6,2026-06,Automóveis,7,BYD,SONG,6632,https://www.fenabrave.org.br/portal/files/2026_06_02.pdf
2026,6,2026-06,Automóveis,8,BYD,DOLPHIN MINI,6457,https://www.fenabrave.org.br/portal/files/2026_06_02.pdf
2026,6,2026-06,Automóveis,9,HYUNDAI,CRETA,5533,https://www.fenabrave.org.br/portal/files/2026_06_02.pdf
2026,6,2026-06,Automóveis,10,BYD,DOLPHIN,5512,https://www.fenabrave.org.br/portal/files/2026_06_02.pdf
2026,6,2026-06,Automóveis,11,FIAT,PULSE,5349,https://www.fenabrave.org.br/portal/files/2026_06_02.pdf
2026,6,2026-06,Automóveis,12,FIAT,MOBI,5073,https://www.fenabrave.org.br/portal/files/2026_06_02.pdf
2026,6,2026-06,Automóveis,13,RENAULT,KWID,4616,https://www.fenabrave.org.br/portal/files/2026_06_02.pdf
2026,6,2026-06,Automóveis,14,VW,NIVUS,4545,https://www.fenabrave.org.br/portal/files/2026_06_02.pdf
2026,6,2026-06,Automóveis,15,JEEP,RENEGADE,4533,https://www.fenabrave.org.br/portal/files/2026_06_02.pdf
2026,6,2026-06,Automóveis,16,GM,TRACKER,4490,https://www.fenabrave.org.br/portal/files/2026_06_02.pdf
2026,6,2026-06,Automóveis,17,GEELY,EX2,4383,https://www.fenabrave.org.br/portal/files/2026_06_02.pdf
2026,6,2026-06,Automóveis,18,FIAT,FASTBACK,4278,https://www.fenabrave.org.br/portal/files/2026_06_02.pdf
2026,6,2026-06,Automóveis,19,HONDA,HR-V,4166,https://www.fenabrave.org.br/portal/files/2026_06_02.pdf
2026,6,2026-06,Automóveis,20,JEEP,COMPASS,4132,https://www.fenabrave.org.br/portal/files/2026_06_02.pdf
2026,6,2026-06,Automóveis,21,GWM,HAVAL H6,3943,https://www.fenabrave.org.br/portal/files/2026_06_02.pdf
2026,6,2026-06,Automóveis,22,TOYOTA,YARIS CROSS,3896,https://www.fenabrave.org.br/portal/files/2026_06_02.pdf
2026,6,2026-06,Automóveis,23,CAOA CHERY,TIGGO 5X,3831,https://www.fenabrave.org.br/portal/files/2026_06_02.pdf
2026,6,2026-06,Automóveis,24,GM,ONIX PLUS,3587,https://www.fenabrave.org.br/portal/files/2026_06_02.pdf
2026,6,2026-06,Automóveis,25,HYUNDAI,HB20S,3239,https://www.fenabrave.org.br/portal/files/2026_06_02.pdf
2026,6,2026-06,Automóveis,26,VW,VIRTUS,3206,https://www.fenabrave.org.br/portal/files/2026_06_02.pdf
2026,6,2026-06,Automóveis,27,HONDA,WR-V,3137,https://www.fenabrave.org.br/portal/files/2026_06_02.pdf
2026,6,2026-06,Automóveis,28,TOYOTA,COROLLA CROSS,3130,https://www.fenabrave.org.br/portal/files/2026_06_02.pdf
2026,6,2026-06,Automóveis,29,NISSAN,KAIT,2941,https://www.fenabrave.org.br/portal/files/2026_06_02.pdf
2026,6,2026-06,Automóveis,30,OMODA JAECOO,JAECOO 7,2731,https://www.fenabrave.org.br/portal/files/2026_06_02.pdf
2026,6,2026-06,Automóveis,31,FIAT,CRONOS,2686,https://www.fenabrave.org.br/portal/files/2026_06_02.pdf
2026,6,2026-06,Automóveis,32,GM,SONIC,2532,https://www.fenabrave.org.br/portal/files/2026_06_02.pdf
2026,6,2026-06,Automóveis,33,CAOA CHERY,TIGGO 7,2330,https://www.fenabrave.org.br/portal/files/2026_06_02.pdf
2026,6,2026-06,Automóveis,34,NISSAN,KICKS,2294,https://www.fenabrave.org.br/portal/files/2026_06_02.pdf
2026,6,2026-06,Automóveis,35,TOYOTA,COROLLA,1947,https://www.fenabrave.org.br/portal/files/2026_06_02.pdf
2026,6,2026-06,Automóveis,36,OMODA JAECOO,OMODA 5,1928,https://www.fenabrave.org.br/portal/files/2026_06_02.pdf
2026,6,2026-06,Automóveis,37,GM,SPIN,1803,https://www.fenabrave.org.br/portal/files/2026_06_02.pdf
2026,6,2026-06,Automóveis,38,BYD,KING,1643,https://www.fenabrave.org.br/portal/files/2026_06_02.pdf
2026,6,2026-06,Automóveis,39,HONDA,CITY,1596,https://www.fenabrave.org.br/portal/files/2026_06_02.pdf
2026,6,2026-06,Automóveis,40,JEEP,COMMANDER,1552,https://www.fenabrave.org.br/portal/files/2026_06_02.pdf
2026,6,2026-06,Automóveis,41,RENAULT,BOREAL,1547,https://www.fenabrave.org.br/portal/files/2026_06_02.pdf
2026,6,2026-06,Automóveis,42,VW,TAOS,1485,https://www.fenabrave.org.br/portal/files/2026_06_02.pdf
2026,6,2026-06,Automóveis,43,GEELY,EX5,1450,https://www.fenabrave.org.br/portal/files/2026_06_02.pdf
2026,6,2026-06,Automóveis,44,RENAULT,DUSTER,1370,https://www.fenabrave.org.br/portal/files/2026_06_02.pdf
2026,6,2026-06,Automóveis,45,RENAULT,KARDIAN,1233,https://www.fenabrave.org.br/portal/files/2026_06_02.pdf
2026,6,2026-06,Automóveis,46,TOYOTA,HILUX SW4,1125,https://www.fenabrave.org.br/portal/files/2026_06_02.pdf
2026,6,2026-06,Automóveis,47,HONDA,CITY HATCH,1120,https://www.fenabrave.org.br/portal/files/2026_06_02.pdf
2026,6,2026-06,Automóveis,48,CITROEN,C3,1109,https://www.fenabrave.org.br/portal/files/2026_06_02.pdf
2026,6,2026-06,Automóveis,49,GWM,HAVAL H9,1076,https://www.fenabrave.org.br/portal/files/2026_06_02.pdf
2026,6,2026-06,Automóveis,50,VW,TIGUAN,1014,https://www.fenabrave.org.br/portal/files/2026_06_02.pdf
2026,6,2026-06,Comerciais leves,1,FIAT,STRADA,14303,https://www.fenabrave.org.br/portal/files/2026_06_02.pdf
2026,6,2026-06,Comerciais leves,2,FIAT,TORO,4202,https://www.fenabrave.org.br/portal/files/2026_06_02.pdf
2026,6,2026-06,Comerciais leves,3,TOYOTA,HILUX,3888,https://www.fenabrave.org.br/portal/files/2026_06_02.pdf
2026,6,2026-06,Comerciais leves,4,VW,SAVEIRO,3142,https://www.fenabrave.org.br/portal/files/2026_06_02.pdf
2026,6,2026-06,Comerciais leves,5,GM,S10,2964,https://www.fenabrave.org.br/portal/files/2026_06_02.pdf
2026,6,2026-06,Comerciais leves,6,FORD,RANGER,2949,https://www.fenabrave.org.br/portal/files/2026_06_02.pdf
2026,6,2026-06,Comerciais leves,7,FIAT,FIORINO,2014,https://www.fenabrave.org.br/portal/files/2026_06_02.pdf
2026,6,2026-06,Comerciais leves,8,RAM,RAMPAGE,1996,https://www.fenabrave.org.br/portal/files/2026_06_02.pdf
2026,6,2026-06,Comerciais leves,9,GM,MONTANA,1680,https://www.fenabrave.org.br/portal/files/2026_06_02.pdf
2026,6,2026-06,Comerciais leves,10,MITSUBISHI,TRITON,1500,https://www.fenabrave.org.br/portal/files/2026_06_02.pdf
2026,6,2026-06,Comerciais leves,11,RENAULT,OROCH,910,https://www.fenabrave.org.br/portal/files/2026_06_02.pdf
2026,6,2026-06,Comerciais leves,12,RENAULT,MASTER,783,https://www.fenabrave.org.br/portal/files/2026_06_02.pdf
2026,6,2026-06,Comerciais leves,13,FIAT,DUCATO,747,https://www.fenabrave.org.br/portal/files/2026_06_02.pdf
2026,6,2026-06,Comerciais leves,14,GWM,POER,623,https://www.fenabrave.org.br/portal/files/2026_06_02.pdf
2026,6,2026-06,Comerciais leves,15,RAM,DAKOTA,613,https://www.fenabrave.org.br/portal/files/2026_06_02.pdf
2026,6,2026-06,Comerciais leves,16,FORD,MAVERICK,429,https://www.fenabrave.org.br/portal/files/2026_06_02.pdf
2026,6,2026-06,Comerciais leves,17,VW,AMAROK,419,https://www.fenabrave.org.br/portal/files/2026_06_02.pdf
2026,6,2026-06,Comerciais leves,18,FIAT,TITANO,410,https://www.fenabrave.org.br/portal/files/2026_06_02.pdf
2026,6,2026-06,Comerciais leves,19,IVECO,DAILY 30-130,384,https://www.fenabrave.org.br/portal/files/2026_06_02.pdf
2026,6,2026-06,Comerciais leves,20,KIA,K2500,333,https://www.fenabrave.org.br/portal/files/2026_06_02.pdf
2026,6,2026-06,Comerciais leves,21,RENAULT,KANGOO,324,https://www.fenabrave.org.br/portal/files/2026_06_02.pdf
2026,6,2026-06,Comerciais leves,22,EFFA,V21,278,https://www.fenabrave.org.br/portal/files/2026_06_02.pdf
2026,6,2026-06,Comerciais leves,23,CITROEN,JUMPY,257,https://www.fenabrave.org.br/portal/files/2026_06_02.pdf
2026,6,2026-06,Comerciais leves,24,VW TRUCK E BUS,EXPRESS,231,https://www.fenabrave.org.br/portal/files/2026_06_02.pdf
2026,6,2026-06,Comerciais leves,25,PEUGEOT,EXPERT,217,https://www.fenabrave.org.br/portal/files/2026_06_02.pdf
2026,6,2026-06,Comerciais leves,26,IVECO,DAILY,208,https://www.fenabrave.org.br/portal/files/2026_06_02.pdf
2026,6,2026-06,Comerciais leves,27,FORD,TRANSIT,181,https://www.fenabrave.org.br/portal/files/2026_06_02.pdf
2026,6,2026-06,Comerciais leves,28,FIAT,SCUDO,172,https://www.fenabrave.org.br/portal/files/2026_06_02.pdf
2026,6,2026-06,Comerciais leves,29,TOYOTA,HIACE,160,https://www.fenabrave.org.br/portal/files/2026_06_02.pdf
2026,6,2026-06,Comerciais leves,30,RAM,2500,138,https://www.fenabrave.org.br/portal/files/2026_06_02.pdf
2026,6,2026-06,Comerciais leves,31,RAM,3500,137,https://www.fenabrave.org.br/portal/files/2026_06_02.pdf
2026,6,2026-06,Comerciais leves,32,NISSAN,FRONTIER,123,https://www.fenabrave.org.br/portal/files/2026_06_02.pdf
2026,6,2026-06,Comerciais leves,33,M.BENZ,SPRINTER 317,103,https://www.fenabrave.org.br/portal/files/2026_06_02.pdf
2026,6,2026-06,Comerciais leves,34,FOTON,AUMARK S 315,96,https://www.fenabrave.org.br/portal/files/2026_06_02.pdf
2026,6,2026-06,Comerciais leves,35,FORD,F150,95,https://www.fenabrave.org.br/portal/files/2026_06_02.pdf
2026,6,2026-06,Comerciais leves,36,EFFA,V22,67,https://www.fenabrave.org.br/portal/files/2026_06_02.pdf
2026,6,2026-06,Comerciais leves,37,FARIZON,V6E,64,https://www.fenabrave.org.br/portal/files/2026_06_02.pdf
2026,6,2026-06,Comerciais leves,38,FOTON,TUNLAND,59,https://www.fenabrave.org.br/portal/files/2026_06_02.pdf
2026,6,2026-06,Comerciais leves,39,M.BENZ,SPRINTER 417,49,https://www.fenabrave.org.br/portal/files/2026_06_02.pdf
2026,6,2026-06,Comerciais leves,40,PEUGEOT,BOXER,35,https://www.fenabrave.org.br/portal/files/2026_06_02.pdf
2026,6,2026-06,Comerciais leves,41,SHINERAY,TLUX,35,https://www.fenabrave.org.br/portal/files/2026_06_02.pdf
2026,6,2026-06,Comerciais leves,42,BYD,SHARK,35,https://www.fenabrave.org.br/portal/files/2026_06_02.pdf
2026,6,2026-06,Comerciais leves,43,PEUGEOT,PARTNER,32,https://www.fenabrave.org.br/portal/files/2026_06_02.pdf
2026,6,2026-06,Comerciais leves,44,CITROEN,JUMPER,27,https://www.fenabrave.org.br/portal/files/2026_06_02.pdf
2026,6,2026-06,Comerciais leves,45,GM,SILVERADO,17,https://www.fenabrave.org.br/portal/files/2026_06_02.pdf
2026,6,2026-06,Comerciais leves,46,EFFA,V25,16,https://www.fenabrave.org.br/portal/files/2026_06_02.pdf
2026,6,2026-06,Comerciais leves,47,RAM,1500,16,https://www.fenabrave.org.br/portal/files/2026_06_02.pdf
2026,6,2026-06,Comerciais leves,48,JAC,HUNTER,14,https://www.fenabrave.org.br/portal/files/2026_06_02.pdf
2026,6,2026-06,Comerciais leves,49,FOTON,EVIEW CONNECT,12,https://www.fenabrave.org.br/portal/files/2026_06_02.pdf
2026,6,2026-06,Comerciais leves,50,IVECO,DAILY 35-180,11,https://www.fenabrave.org.br/portal/files/2026_06_02.pdf
2026,7,2026-07,Automóveis,1,VW,POLO,10340,https://www.fenabrave.org.br/portal/files/2026_07_02.pdf
2026,7,2026-07,Automóveis,2,VW,TERA,10165,https://www.fenabrave.org.br/portal/files/2026_07_02.pdf
2026,7,2026-07,Automóveis,3,GM,ONIX,9313,https://www.fenabrave.org.br/portal/files/2026_07_02.pdf
2026,7,2026-07,Automóveis,4,FIAT,ARGO,8612,https://www.fenabrave.org.br/portal/files/2026_07_02.pdf
2026,7,2026-07,Automóveis,5,BYD,DOLPHIN MINI,7265,https://www.fenabrave.org.br/portal/files/2026_07_02.pdf
2026,7,2026-07,Automóveis,6,VW,T CROSS,7070,https://www.fenabrave.org.br/portal/files/2026_07_02.pdf
2026,7,2026-07,Automóveis,7,BYD,SONG,6834,https://www.fenabrave.org.br/portal/files/2026_07_02.pdf
2026,7,2026-07,Automóveis,8,BYD,DOLPHIN,6492,https://www.fenabrave.org.br/portal/files/2026_07_02.pdf
2026,7,2026-07,Automóveis,9,GEELY,EX2,5898,https://www.fenabrave.org.br/portal/files/2026_07_02.pdf
2026,7,2026-07,Automóveis,10,HYUNDAI,CRETA,5880,https://www.fenabrave.org.br/portal/files/2026_07_02.pdf
2026,7,2026-07,Automóveis,11,GWM,HAVAL H6,5673,https://www.fenabrave.org.br/portal/files/2026_07_02.pdf
2026,7,2026-07,Automóveis,12,GM,TRACKER,5582,https://www.fenabrave.org.br/portal/files/2026_07_02.pdf
2026,7,2026-07,Automóveis,13,FIAT,MOBI,5193,https://www.fenabrave.org.br/portal/files/2026_07_02.pdf
2026,7,2026-07,Automóveis,14,TOYOTA,YARIS CROSS,5036,https://www.fenabrave.org.br/portal/files/2026_07_02.pdf
2026,7,2026-07,Automóveis,15,FIAT,FASTBACK,4849,https://www.fenabrave.org.br/portal/files/2026_07_02.pdf
2026,7,2026-07,Automóveis,16,JEEP,COMPASS,4848,https://www.fenabrave.org.br/portal/files/2026_07_02.pdf
2026,7,2026-07,Automóveis,17,RENAULT,KWID,4382,https://www.fenabrave.org.br/portal/files/2026_07_02.pdf
2026,7,2026-07,Automóveis,18,FIAT,PULSE,4242,https://www.fenabrave.org.br/portal/files/2026_07_02.pdf
2026,7,2026-07,Automóveis,19,GM,ONIX PLUS,3888,https://www.fenabrave.org.br/portal/files/2026_07_02.pdf
2026,7,2026-07,Automóveis,20,CAOA CHERY,TIGGO 5X,3879,https://www.fenabrave.org.br/portal/files/2026_07_02.pdf
2026,7,2026-07,Automóveis,21,HONDA,HR-V,3858,https://www.fenabrave.org.br/portal/files/2026_07_02.pdf
2026,7,2026-07,Automóveis,22,VW,NIVUS,3728,https://www.fenabrave.org.br/portal/files/2026_07_02.pdf
2026,7,2026-07,Automóveis,23,TOYOTA,COROLLA CROSS,3678,https://www.fenabrave.org.br/portal/files/2026_07_02.pdf
2026,7,2026-07,Automóveis,24,HONDA,WR-V,3477,https://www.fenabrave.org.br/portal/files/2026_07_02.pdf
2026,7,2026-07,Automóveis,25,NISSAN,KICKS,3175,https://www.fenabrave.org.br/portal/files/2026_07_02.pdf
2026,7,2026-07,Automóveis,26,OMODA JAECOO,JAECOO 7,3061,https://www.fenabrave.org.br/portal/files/2026_07_02.pdf
2026,7,2026-07,Automóveis,27,HYUNDAI,HB20,3037,https://www.fenabrave.org.br/portal/files/2026_07_02.pdf
2026,7,2026-07,Automóveis,28,JEEP,RENEGADE,2934,https://www.fenabrave.org.br/portal/files/2026_07_02.pdf
2026,7,2026-07,Automóveis,29,GM,SONIC,2927,https://www.fenabrave.org.br/portal/files/2026_07_02.pdf
2026,7,2026-07,Automóveis,30,VW,VIRTUS,2922,https://www.fenabrave.org.br/portal/files/2026_07_02.pdf
2026,7,2026-07,Automóveis,31,NISSAN,KAIT,2902,https://www.fenabrave.org.br/portal/files/2026_07_02.pdf
2026,7,2026-07,Automóveis,32,HYUNDAI,I20,2668,https://www.fenabrave.org.br/portal/files/2026_07_02.pdf
2026,7,2026-07,Automóveis,33,OMODA JAECOO,OMODA 5,2552,https://www.fenabrave.org.br/portal/files/2026_07_02.pdf
2026,7,2026-07,Automóveis,34,FIAT,CRONOS,2237,https://www.fenabrave.org.br/portal/files/2026_07_02.pdf
2026,7,2026-07,Automóveis,35,CAOA CHERY,TIGGO 7,2218,https://www.fenabrave.org.br/portal/files/2026_07_02.pdf
2026,7,2026-07,Automóveis,36,GM,SPIN,1854,https://www.fenabrave.org.br/portal/files/2026_07_02.pdf
2026,7,2026-07,Automóveis,37,TOYOTA,COROLLA,1666,https://www.fenabrave.org.br/portal/files/2026_07_02.pdf
2026,7,2026-07,Automóveis,38,HYUNDAI,HB20S,1626,https://www.fenabrave.org.br/portal/files/2026_07_02.pdf
2026,7,2026-07,Automóveis,39,RENAULT,DUSTER,1611,https://www.fenabrave.org.br/portal/files/2026_07_02.pdf
2026,7,2026-07,Automóveis,40,BYD,KING,1605,https://www.fenabrave.org.br/portal/files/2026_07_02.pdf
2026,7,2026-07,Automóveis,41,HONDA,CITY,1375,https://www.fenabrave.org.br/portal/files/2026_07_02.pdf
2026,7,2026-07,Automóveis,42,JEEP,COMMANDER,1278,https://www.fenabrave.org.br/portal/files/2026_07_02.pdf
2026,7,2026-07,Automóveis,43,CAOA CHERY,TIGGO 8,1255,https://www.fenabrave.org.br/portal/files/2026_07_02.pdf
2026,7,2026-07,Automóveis,44,GEELY,EX5 EM-I,1236,https://www.fenabrave.org.br/portal/files/2026_07_02.pdf
2026,7,2026-07,Automóveis,45,VW,TAOS,1210,https://www.fenabrave.org.br/portal/files/2026_07_02.pdf
2026,7,2026-07,Automóveis,46,CITROEN,C3,1205,https://www.fenabrave.org.br/portal/files/2026_07_02.pdf
2026,7,2026-07,Automóveis,47,GWM,HAVAL H9,1183,https://www.fenabrave.org.br/portal/files/2026_07_02.pdf
2026,7,2026-07,Automóveis,48,RENAULT,KARDIAN,1139,https://www.fenabrave.org.br/portal/files/2026_07_02.pdf
2026,7,2026-07,Automóveis,49,HONDA,CITY HATCH,1065,https://www.fenabrave.org.br/portal/files/2026_07_02.pdf
2026,7,2026-07,Automóveis,50,GAC,AION UT,1064,https://www.fenabrave.org.br/portal/files/2026_07_02.pdf
2026,7,2026-07,Comerciais leves,1,FIAT,STRADA,14912,https://www.fenabrave.org.br/portal/files/2026_07_02.pdf
2026,7,2026-07,Comerciais leves,2,FIAT,TORO,5798,https://www.fenabrave.org.br/portal/files/2026_07_02.pdf
2026,7,2026-07,Comerciais leves,3,VW,SAVEIRO,5328,https://www.fenabrave.org.br/portal/files/2026_07_02.pdf
2026,7,2026-07,Comerciais leves,4,FORD,RANGER,3402,https://www.fenabrave.org.br/portal/files/2026_07_02.pdf
2026,7,2026-07,Comerciais leves,5,TOYOTA,HILUX,3369,https://www.fenabrave.org.br/portal/files/2026_07_02.pdf
2026,7,2026-07,Comerciais leves,6,GM,S10,2810,https://www.fenabrave.org.br/portal/files/2026_07_02.pdf
2026,7,2026-07,Comerciais leves,7,RAM,RAMPAGE,2338,https://www.fenabrave.org.br/portal/files/2026_07_02.pdf
2026,7,2026-07,Comerciais leves,8,FIAT,FIORINO,2280,https://www.fenabrave.org.br/portal/files/2026_07_02.pdf
2026,7,2026-07,Comerciais leves,9,GM,MONTANA,1769,https://www.fenabrave.org.br/portal/files/2026_07_02.pdf
2026,7,2026-07,Comerciais leves,10,MITSUBISHI,TRITON,1526,https://www.fenabrave.org.br/portal/files/2026_07_02.pdf
2026,7,2026-07,Comerciais leves,11,RENAULT,MASTER,1478,https://www.fenabrave.org.br/portal/files/2026_07_02.pdf
2026,7,2026-07,Comerciais leves,12,RENAULT,OROCH,943,https://www.fenabrave.org.br/portal/files/2026_07_02.pdf
2026,7,2026-07,Comerciais leves,13,GWM,POER,801,https://www.fenabrave.org.br/portal/files/2026_07_02.pdf
2026,7,2026-07,Comerciais leves,14,RAM,DAKOTA,527,https://www.fenabrave.org.br/portal/files/2026_07_02.pdf
2026,7,2026-07,Comerciais leves,15,FIAT,TITANO,476,https://www.fenabrave.org.br/portal/files/2026_07_02.pdf
2026,7,2026-07,Comerciais leves,16,VW,AMAROK,442,https://www.fenabrave.org.br/portal/files/2026_07_02.pdf
2026,7,2026-07,Comerciais leves,17,VW TRUCK E BUS,EXPRESS,382,https://www.fenabrave.org.br/portal/files/2026_07_02.pdf
2026,7,2026-07,Comerciais leves,18,FORD,MAVERICK,381,https://www.fenabrave.org.br/portal/files/2026_07_02.pdf
2026,7,2026-07,Comerciais leves,19,RENAULT,KANGOO,339,https://www.fenabrave.org.br/portal/files/2026_07_02.pdf
2026,7,2026-07,Comerciais leves,20,KIA,K2500,313,https://www.fenabrave.org.br/portal/files/2026_07_02.pdf
2026,7,2026-07,Comerciais leves,21,FIAT,DUCATO,307,https://www.fenabrave.org.br/portal/files/2026_07_02.pdf
2026,7,2026-07,Comerciais leves,22,PEUGEOT,EXPERT,304,https://www.fenabrave.org.br/portal/files/2026_07_02.pdf
2026,7,2026-07,Comerciais leves,23,EFFA,V21,298,https://www.fenabrave.org.br/portal/files/2026_07_02.pdf
2026,7,2026-07,Comerciais leves,24,FORD,TRANSIT,272,https://www.fenabrave.org.br/portal/files/2026_07_02.pdf
2026,7,2026-07,Comerciais leves,25,IVECO,DAILY,220,https://www.fenabrave.org.br/portal/files/2026_07_02.pdf
2026,7,2026-07,Comerciais leves,26,RAM,2500,199,https://www.fenabrave.org.br/portal/files/2026_07_02.pdf
2026,7,2026-07,Comerciais leves,27,IVECO,DAILY 30-130,193,https://www.fenabrave.org.br/portal/files/2026_07_02.pdf
2026,7,2026-07,Comerciais leves,28,RAM,3500,183,https://www.fenabrave.org.br/portal/files/2026_07_02.pdf
2026,7,2026-07,Comerciais leves,29,CITROEN,JUMPY,171,https://www.fenabrave.org.br/portal/files/2026_07_02.pdf
2026,7,2026-07,Comerciais leves,30,TOYOTA,HIACE,149,https://www.fenabrave.org.br/portal/files/2026_07_02.pdf
2026,7,2026-07,Comerciais leves,31,FIAT,SCUDO,117,https://www.fenabrave.org.br/portal/files/2026_07_02.pdf
2026,7,2026-07,Comerciais leves,32,FORD,F150,112,https://www.fenabrave.org.br/portal/files/2026_07_02.pdf
2026,7,2026-07,Comerciais leves,33,RAM,1500,106,https://www.fenabrave.org.br/portal/files/2026_07_02.pdf
2026,7,2026-07,Comerciais leves,34,FOTON,AUMARK S 315,100,https://www.fenabrave.org.br/portal/files/2026_07_02.pdf
2026,7,2026-07,Comerciais leves,35,M.BENZ,SPRINTER 317,78,https://www.fenabrave.org.br/portal/files/2026_07_02.pdf
2026,7,2026-07,Comerciais leves,36,EFFA,V22,75,https://www.fenabrave.org.br/portal/files/2026_07_02.pdf
2026,7,2026-07,Comerciais leves,37,M.BENZ,SPRINTER 417,65,https://www.fenabrave.org.br/portal/files/2026_07_02.pdf
2026,7,2026-07,Comerciais leves,38,SHINERAY,TLUX,55,https://www.fenabrave.org.br/portal/files/2026_07_02.pdf
2026,7,2026-07,Comerciais leves,39,FOTON,TUNLAND,53,https://www.fenabrave.org.br/portal/files/2026_07_02.pdf
2026,7,2026-07,Comerciais leves,40,PEUGEOT,PARTNER,42,https://www.fenabrave.org.br/portal/files/2026_07_02.pdf
2026,7,2026-07,Comerciais leves,41,BYD,SHARK,42,https://www.fenabrave.org.br/portal/files/2026_07_02.pdf
2026,7,2026-07,Comerciais leves,42,FEVER,ORCA,42,https://www.fenabrave.org.br/portal/files/2026_07_02.pdf
2026,7,2026-07,Comerciais leves,43,CITROEN,JUMPER,37,https://www.fenabrave.org.br/portal/files/2026_07_02.pdf
2026,7,2026-07,Comerciais leves,44,PEUGEOT,BOXER,35,https://www.fenabrave.org.br/portal/files/2026_07_02.pdf
2026,7,2026-07,Comerciais leves,45,NISSAN,FRONTIER,34,https://www.fenabrave.org.br/portal/files/2026_07_02.pdf
2026,7,2026-07,Comerciais leves,46,GM,SILVERADO,18,https://www.fenabrave.org.br/portal/files/2026_07_02.pdf
2026,7,2026-07,Comerciais leves,47,FOTON,EVIEW CONNECT,17,https://www.fenabrave.org.br/portal/files/2026_07_02.pdf
2026,7,2026-07,Comerciais leves,48,EFFA,V25,13,https://www.fenabrave.org.br/portal/files/2026_07_02.pdf
2026,7,2026-07,Comerciais leves,49,SHINERAY,DTRUCK,9,https://www.fenabrave.org.br/portal/files/2026_07_02.pdf
2026,7,2026-07,Comerciais leves,50,FOTON,EWONDER,7,https://www.fenabrave.org.br/portal/files/2026_07_02.pdf
2026,8,2026-08,Automóveis,1,VW,POLO,10472,https://www.fenabrave.org.br/portal/files/2026_08_02.pdf
2026,8,2026-08,Automóveis,2,VW,TERA,10338,https://www.fenabrave.org.br/portal/files/2026_08_02.pdf
2026,8,2026-08,Automóveis,3,FIAT,ARGO,8811,https://www.fenabrave.org.br/portal/files/2026_08_02.pdf
2026,8,2026-08,Automóveis,4,BYD,DOLPHIN MINI,8299,https://www.fenabrave.org.br/portal/files/2026_08_02.pdf
2026,8,2026-08,Automóveis,5,GM,ONIX,7635,https://www.fenabrave.org.br/portal/files/2026_08_02.pdf
2026,8,2026-08,Automóveis,6,HYUNDAI,CRETA,7354,https://www.fenabrave.org.br/portal/files/2026_08_02.pdf
2026,8,2026-08,Automóveis,7,VW,T CROSS,6815,https://www.fenabrave.org.br/portal/files/2026_08_02.pdf
2026,8,2026-08,Automóveis,8,BYD,DOLPHIN,6740,https://www.fenabrave.org.br/portal/files/2026_08_02.pdf
2026,8,2026-08,Automóveis,9,BYD,SONG,6724,https://www.fenabrave.org.br/portal/files/2026_08_02.pdf
2026,8,2026-08,Automóveis,10,GWM,HAVAL H6,6433,https://www.fenabrave.org.br/portal/files/2026_08_02.pdf
2026,8,2026-08,Automóveis,11,GEELY,EX2,5804,https://www.fenabrave.org.br/portal/files/2026_08_02.pdf
2026,8,2026-08,Automóveis,12,FIAT,MOBI,5587,https://www.fenabrave.org.br/portal/files/2026_08_02.pdf
2026,8,2026-08,Automóveis,13,GM,TRACKER,5326,https://www.fenabrave.org.br/portal/files/2026_08_02.pdf
2026,8,2026-08,Automóveis,14,HYUNDAI,HB20,5309,https://www.fenabrave.org.br/portal/files/2026_08_02.pdf
2026,8,2026-08,Automóveis,15,FIAT,FASTBACK,5133,https://www.fenabrave.org.br/portal/files/2026_08_02.pdf
2026,8,2026-08,Automóveis,16,GM,ONIX PLUS,4944,https://www.fenabrave.org.br/portal/files/2026_08_02.pdf
2026,8,2026-08,Automóveis,17,FIAT,PULSE,4775,https://www.fenabrave.org.br/portal/files/2026_08_02.pdf
2026,8,2026-08,Automóveis,18,JEEP,COMPASS,4547,https://www.fenabrave.org.br/portal/files/2026_08_02.pdf
2026,8,2026-08,Automóveis,19,TOYOTA,YARIS CROSS,4414,https://www.fenabrave.org.br/portal/files/2026_08_02.pdf
2026,8,2026-08,Automóveis,20,RENAULT,KWID,4357,https://www.fenabrave.org.br/portal/files/2026_08_02.pdf
2026,8,2026-08,Automóveis,21,HONDA,WR-V,3445,https://www.fenabrave.org.br/portal/files/2026_08_02.pdf
2026,8,2026-08,Automóveis,22,CAOA CHERY,TIGGO 5X,3398,https://www.fenabrave.org.br/portal/files/2026_08_02.pdf
2026,8,2026-08,Automóveis,23,OMODA JAECOO,OMODA 5,3344,https://www.fenabrave.org.br/portal/files/2026_08_02.pdf
2026,8,2026-08,Automóveis,24,HONDA,HR-V,3279,https://www.fenabrave.org.br/portal/files/2026_08_02.pdf
2026,8,2026-08,Automóveis,25,TOYOTA,COROLLA CROSS,3265,https://www.fenabrave.org.br/portal/files/2026_08_02.pdf
2026,8,2026-08,Automóveis,26,VW,NIVUS,3259,https://www.fenabrave.org.br/portal/files/2026_08_02.pdf
2026,8,2026-08,Automóveis,27,NISSAN,KAIT,3194,https://www.fenabrave.org.br/portal/files/2026_08_02.pdf
2026,8,2026-08,Automóveis,28,HYUNDAI,I20,3042,https://www.fenabrave.org.br/portal/files/2026_08_02.pdf
2026,8,2026-08,Automóveis,29,JEEP,RENEGADE,3039,https://www.fenabrave.org.br/portal/files/2026_08_02.pdf
2026,8,2026-08,Automóveis,30,VW,VIRTUS,2864,https://www.fenabrave.org.br/portal/files/2026_08_02.pdf
2026,8,2026-08,Automóveis,31,NISSAN,KICKS,2676,https://www.fenabrave.org.br/portal/files/2026_08_02.pdf
2026,8,2026-08,Automóveis,32,GM,SONIC,2651,https://www.fenabrave.org.br/portal/files/2026_08_02.pdf
2026,8,2026-08,Automóveis,33,OMODA JAECOO,JAECOO 7,2287,https://www.fenabrave.org.br/portal/files/2026_08_02.pdf
2026,8,2026-08,Automóveis,34,FIAT,CRONOS,2066,https://www.fenabrave.org.br/portal/files/2026_08_02.pdf
2026,8,2026-08,Automóveis,35,GM,SPIN,1636,https://www.fenabrave.org.br/portal/files/2026_08_02.pdf
2026,8,2026-08,Automóveis,36,HONDA,CITY,1479,https://www.fenabrave.org.br/portal/files/2026_08_02.pdf
2026,8,2026-08,Automóveis,37,HONDA,CITY HATCH,1447,https://www.fenabrave.org.br/portal/files/2026_08_02.pdf
2026,8,2026-08,Automóveis,38,BYD,KING,1433,https://www.fenabrave.org.br/portal/files/2026_08_02.pdf
2026,8,2026-08,Automóveis,39,RENAULT,KARDIAN,1414,https://www.fenabrave.org.br/portal/files/2026_08_02.pdf
2026,8,2026-08,Automóveis,40,GEELY,EX5 EM-I,1346,https://www.fenabrave.org.br/portal/files/2026_08_02.pdf
2026,8,2026-08,Automóveis,41,CAOA CHERY,TIGGO 7,1324,https://www.fenabrave.org.br/portal/files/2026_08_02.pdf
2026,8,2026-08,Automóveis,42,VW,TAOS,1295,https://www.fenabrave.org.br/portal/files/2026_08_02.pdf
2026,8,2026-08,Automóveis,43,CAOA CHERY,TIGGO 8,1290,https://www.fenabrave.org.br/portal/files/2026_08_02.pdf
2026,8,2026-08,Automóveis,44,HYUNDAI,HB20S,1216,https://www.fenabrave.org.br/portal/files/2026_08_02.pdf
2026,8,2026-08,Automóveis,45,RENAULT,DUSTER,1165,https://www.fenabrave.org.br/portal/files/2026_08_02.pdf
2026,8,2026-08,Automóveis,46,JEEP,COMMANDER,1091,https://www.fenabrave.org.br/portal/files/2026_08_02.pdf
2026,8,2026-08,Automóveis,47,TOYOTA,HILUX SW4,1064,https://www.fenabrave.org.br/portal/files/2026_08_02.pdf
2026,8,2026-08,Automóveis,48,JETOUR,T2,1036,https://www.fenabrave.org.br/portal/files/2026_08_02.pdf
2026,8,2026-08,Automóveis,49,CITROEN,C3,981,https://www.fenabrave.org.br/portal/files/2026_08_02.pdf
2026,8,2026-08,Automóveis,50,GAC,AION UT,979,https://www.fenabrave.org.br/portal/files/2026_08_02.pdf
2026,8,2026-08,Comerciais leves,1,FIAT,STRADA,13798,https://www.fenabrave.org.br/portal/files/2026_08_02.pdf
2026,8,2026-08,Comerciais leves,2,FIAT,TORO,5707,https://www.fenabrave.org.br/portal/files/2026_08_02.pdf
2026,8,2026-08,Comerciais leves,3,VW,SAVEIRO,5295,https://www.fenabrave.org.br/portal/files/2026_08_02.pdf
2026,8,2026-08,Comerciais leves,4,TOYOTA,HILUX,3471,https://www.fenabrave.org.br/portal/files/2026_08_02.pdf
2026,8,2026-08,Comerciais leves,5,FORD,RANGER,3130,https://www.fenabrave.org.br/portal/files/2026_08_02.pdf
2026,8,2026-08,Comerciais leves,6,GM,S10,2759,https://www.fenabrave.org.br/portal/files/2026_08_02.pdf
2026,8,2026-08,Comerciais leves,7,RAM,RAMPAGE,2303,https://www.fenabrave.org.br/portal/files/2026_08_02.pdf
2026,8,2026-08,Comerciais leves,8,FIAT,FIORINO,1845,https://www.fenabrave.org.br/portal/files/2026_08_02.pdf
2026,8,2026-08,Comerciais leves,9,GM,MONTANA,1587,https://www.fenabrave.org.br/portal/files/2026_08_02.pdf
2026,8,2026-08,Comerciais leves,10,RENAULT,MASTER,1267,https://www.fenabrave.org.br/portal/files/2026_08_02.pdf
2026,8,2026-08,Comerciais leves,11,MITSUBISHI,TRITON,1225,https://www.fenabrave.org.br/portal/files/2026_08_02.pdf
2026,8,2026-08,Comerciais leves,12,RENAULT,OROCH,850,https://www.fenabrave.org.br/portal/files/2026_08_02.pdf
2026,8,2026-08,Comerciais leves,13,RAM,DAKOTA,634,https://www.fenabrave.org.br/portal/files/2026_08_02.pdf
2026,8,2026-08,Comerciais leves,14,GWM,POER,621,https://www.fenabrave.org.br/portal/files/2026_08_02.pdf
2026,8,2026-08,Comerciais leves,15,VW TRUCK E BUS,EXPRESS,573,https://www.fenabrave.org.br/portal/files/2026_08_02.pdf
2026,8,2026-08,Comerciais leves,16,VW,AMAROK,492,https://www.fenabrave.org.br/portal/files/2026_08_02.pdf
2026,8,2026-08,Comerciais leves,17,FIAT,DUCATO,354,https://www.fenabrave.org.br/portal/files/2026_08_02.pdf
2026,8,2026-08,Comerciais leves,18,KIA,K2500,350,https://www.fenabrave.org.br/portal/files/2026_08_02.pdf
2026,8,2026-08,Comerciais leves,19,EFFA,V21,335,https://www.fenabrave.org.br/portal/files/2026_08_02.pdf
2026,8,2026-08,Comerciais leves,20,FORD,MAVERICK,287,https://www.fenabrave.org.br/portal/files/2026_08_02.pdf
2026,8,2026-08,Comerciais leves,21,IVECO,DAILY,279,https://www.fenabrave.org.br/portal/files/2026_08_02.pdf
2026,8,2026-08,Comerciais leves,22,FIAT,TITANO,258,https://www.fenabrave.org.br/portal/files/2026_08_02.pdf
2026,8,2026-08,Comerciais leves,23,IVECO,DAILY 30-130,235,https://www.fenabrave.org.br/portal/files/2026_08_02.pdf
2026,8,2026-08,Comerciais leves,24,PEUGEOT,EXPERT,235,https://www.fenabrave.org.br/portal/files/2026_08_02.pdf
2026,8,2026-08,Comerciais leves,25,RENAULT,KANGOO,223,https://www.fenabrave.org.br/portal/files/2026_08_02.pdf
2026,8,2026-08,Comerciais leves,26,FORD,TRANSIT,204,https://www.fenabrave.org.br/portal/files/2026_08_02.pdf
2026,8,2026-08,Comerciais leves,27,RAM,3500,187,https://www.fenabrave.org.br/portal/files/2026_08_02.pdf
2026,8,2026-08,Comerciais leves,28,CITROEN,JUMPY,180,https://www.fenabrave.org.br/portal/files/2026_08_02.pdf
2026,8,2026-08,Comerciais leves,29,RAM,2500,153,https://www.fenabrave.org.br/portal/files/2026_08_02.pdf
2026,8,2026-08,Comerciais leves,30,TOYOTA,HIACE,131,https://www.fenabrave.org.br/portal/files/2026_08_02.pdf
2026,8,2026-08,Comerciais leves,31,M.BENZ,SPRINTER 417,130,https://www.fenabrave.org.br/portal/files/2026_08_02.pdf
2026,8,2026-08,Comerciais leves,32,FIAT,SCUDO,128,https://www.fenabrave.org.br/portal/files/2026_08_02.pdf
2026,8,2026-08,Comerciais leves,33,FOTON,AUMARK S 315,106,https://www.fenabrave.org.br/portal/files/2026_08_02.pdf
2026,8,2026-08,Comerciais leves,34,M.BENZ,SPRINTER 317,99,https://www.fenabrave.org.br/portal/files/2026_08_02.pdf
2026,8,2026-08,Comerciais leves,35,FORD,F150,96,https://www.fenabrave.org.br/portal/files/2026_08_02.pdf
2026,8,2026-08,Comerciais leves,36,RAM,1500,91,https://www.fenabrave.org.br/portal/files/2026_08_02.pdf
2026,8,2026-08,Comerciais leves,37,RENAULT,KWID,80,https://www.fenabrave.org.br/portal/files/2026_08_02.pdf
2026,8,2026-08,Comerciais leves,38,FOTON,TUNLAND,53,https://www.fenabrave.org.br/portal/files/2026_08_02.pdf
2026,8,2026-08,Comerciais leves,39,EFFA,V22,46,https://www.fenabrave.org.br/portal/files/2026_08_02.pdf
2026,8,2026-08,Comerciais leves,40,BYD,SHARK,40,https://www.fenabrave.org.br/portal/files/2026_08_02.pdf
2026,8,2026-08,Comerciais leves,41,JAC,HUNTER,35,https://www.fenabrave.org.br/portal/files/2026_08_02.pdf
2026,8,2026-08,Comerciais leves,42,PEUGEOT,BOXER,34,https://www.fenabrave.org.br/portal/files/2026_08_02.pdf
2026,8,2026-08,Comerciais leves,43,GM,SILVERADO,33,https://www.fenabrave.org.br/portal/files/2026_08_02.pdf
2026,8,2026-08,Comerciais leves,44,HITECH E,NEW DELIVERY,29,https://www.fenabrave.org.br/portal/files/2026_08_02.pdf
2026,8,2026-08,Comerciais leves,45,CITROEN,JUMPER,27,https://www.fenabrave.org.br/portal/files/2026_08_02.pdf
2026,8,2026-08,Comerciais leves,46,SHINERAY,TLUX,23,https://www.fenabrave.org.br/portal/files/2026_08_02.pdf
2026,8,2026-08,Comerciais leves,47,FOTON,EVIEW CONNECT,20,https://www.fenabrave.org.br/portal/files/2026_08_02.pdf
2026,8,2026-08,Comerciais leves,48,M.BENZ,ESPRINTER 320,19,https://www.fenabrave.org.br/portal/files/2026_08_02.pdf
2026,8,2026-08,Comerciais leves,49,NISSAN,FRONTIER,19,https://www.fenabrave.org.br/portal/files/2026_08_02.pdf
2026,8,2026-08,Comerciais leves,50,FEVER,ORCA,18,https://www.fenabrave.org.br/portal/files/2026_08_02.pdf
